t_GK,old_band1_rel_eV,old_band2_rel_eV,matched_band1_rel_eV,matched_band2_rel_eV
0.0,-7.668256971775288,3.54308943587691,-3.0771286626428513,3.2387146626428542
0.002,-7.666899064334063,3.5417614555706334,-3.0648942139309754,3.226416946150039
0.004,-7.665570584252053,3.540523739509201,-3.0520720289662866,3.213405108296522
0.006,-7.664273316263594,3.5393786570178776,-3.0386793985942044,3.1996968908152525
0.008,-7.663008752041645,3.538328671865401,-3.0247350130128248,3.1853117338034753
0.01,-7.661778089502495,3.5373763383809,-3.0102589284065364,3.1702707399909507
0.012,-7.660582233272415,3.5365242974707,-2.9952725313754223,3.154596635867187
0.014,-7.659421796290943,3.535775272522656,-2.9797985012149284,3.1383137297315384
0.016,-7.658297102518596,3.535132065182566,-2.963860770100361,3.1214478667326846
0.018000000000000002,-7.6572081907106275,3.534597550984335,-2.9474844812302234,3.1040263809662063
0.02,-7.656154819212044,3.534174674813001,-2.930695944981736,3.0860780447005656
0.022,-7.655136471723599,3.533866446177554,-2.913522593130088,3.067633014802917
0.024,-7.654152363982992,3.5336759342685697,-2.895992931181247,3.0487227764365628
0.026000000000000002,-7.65320145130108,3.533606262774298,-2.878136488865358,3.0293800841017613
0.028,-7.652282436888405,3.5336606044277383,-2.859983768834882,3.00963890009075
0.03,-7.651393780903484,3.5338421752568063,-2.8415661936077297,2.989534330426596
0.032,-7.65053371015166,3.5341542285094034,-2.8229160507917554,2.9691025583534656
0.034,-7.649700228360328,3.5346000482257516,-2.8040664366224486,2.9483807754436455
0.036000000000000004,-7.648891126954699,3.535182942431103,-2.785051197840755,2.9274071103837898
0.038,-7.648103996256757,3.535906235923364,-2.7659048719332575,2.9062205554999467
0.04,-7.64733623702971,3.5367732626319244,-2.7466626257516986,2.884860891077749
0.042,-7.6465850722898425,3.53778735752641,-2.7273601925244004,2.863368607531151
0.044,-7.645847559308524,3.5389518480567723,-2.7080338072676047,2.8417848254704254
0.046,-7.645120601728171,3.540270045109446,-2.6887201406011436,2.8201512137179705
0.048,-7.6444009617179765,3.541745233467905,-2.6694562309704044,2.7985099053193108
0.05,-7.643685272097184,3.5433806617700974,-2.6502794152750657,2.7769034115965976
0.052000000000000005,-7.642970048357104,3.5451795319596133,-2.631227257905661,2.755374534293599
0.054,-7.642251700516092,3.5471449882322976,-2.61233747819156,2.733966275864624
0.056,-7.641526544745919,3.549280105485049,-2.5936478762689306,2.7127217479659
0.058,-7.640790814712063,3.5515878772789273,-2.5751962573853846,2.6916840782165905
0.06,-7.640040672575599,3.554071203334206,-2.5570203546692967,2.6708963153086898
0.062,-7.639272219608956,3.5567328765808046,-2.539157750406853,2.6504013325605724
0.064,-7.638481506383941,3.5595755697932683,-2.521645795889128,2.630241730028457
0.066,-7.637664542495377,3.562601821845413,-2.5045215299147823,2.610459735313776
0.068,-7.636817305790189,3.565814023625681,-2.487821596062226,2.5910971032324253
0.07,-7.635935751077576,3.5692144036600366,-2.4715821588772564,2.5721950145443566
0.07200000000000001,-7.635015818301993,3.572805013495032,-2.455838819159466,2.553793973978681
0.074,-7.634053440166931,3.5765877128992423,-2.4406265285715434,2.5359337078302144
0.076,-7.633044549203864,3.5805641549466345,-2.4259795038405323,2.5186530614476665
0.078,-7.6319850842862005,3.5847357710505765,-2.4119311408677633,2.5019898969807954
0.08,-7.630870996594816,3.589103756021908,-2.3985139291140016,2.485980991802829
0.082,-7.629698255046809,3.593669053228958,-2.385759366676903,2.470661938074242
0.084,-7.628462851205284,3.5984323399413465,-2.3736978765281465,2.4560670439630146
0.08600000000000001,-7.62716080369253,3.6033940129429136,-2.362358724425462,2.442229237083395
0.088,-7.6257881621344845,3.6085541745021112,-2.3517699390590328,2.4291799707580317
0.09,-7.624341010668595,3.6139126187906685,-2.3419582350302197,2.4169491337453977
0.092,-7.622815471051173,3.6194688188431483,-2.332948939291293,2.4055649641036623
0.094,-7.621207705404433,3.625221914151255,-2.3247659216962693,2.3950539678819696
0.096,-7.619513918645963,3.6311706989873667,-2.31743153032308,2.385440843338294
0.098,-7.617730360646628,3.637313611551651,-2.3109665322247097,2.3767484113787156
0.1,-7.61585332816447,3.6436487240363817,-2.305390060250376,2.368997552894384
0.10200000000000001,-7.61387916660414,3.6501737336996047,-2.3007195665467113,2.362207153639134
0.10400000000000001,-7.611804271652109,3.656885955038149,-2.296970783302606,2.3563940572424062
0.106,-7.609625090838407,3.6637823131471308,-2.294157691240444,2.3515730268887984
0.108,-7.607338125075445,3.670859338349594,-2.2922924962816196,2.3477567161183983
0.11,-7.604939930223861,3.6781131621756398,-2.291385614726688,2.344955649112178
0.112,-7.602427118733645,3.685539514765659,-2.2914456671926096,2.343178210726179
0.114,-7.5997963614075905,3.6931337237666466,-2.292479481443317,2.342430646429546
0.116,-7.597044389331145,3.700890714784588,-2.294492104138284,2.342717072187259
0.11800000000000001,-7.5941679960100705,3.7088050134492487,-2.297486821410181,2.34403949421206
0.12,-7.591164039754287,3.7168707491404103,-2.3014651880697854,2.3463978383945645
0.122,-7.5880294463419675,3.7250816604171035,-2.306427065127918,2.349789989109268
0.124,-7.584761211994397,3.73343110218316,-2.312370665222876,2.354211836990105
0.126,-7.581356406686976,3.7419120546140254,-2.319292605450618,2.3596573351751937
0.128,-7.57781217781758,3.750517133860969,-2.327187967016139,2.3661185634387296
0.13,-7.574125754247853,3.759238604539771,-2.336050361059813,2.37358579956045
0.132,-7.570294450728238,3.7680683940017463,-2.345871999963246,2.3820475972310478
0.134,-7.566315672711661,3.77699810837555,-2.356643773405992,2.3914908697558417
0.136,-7.5621869215556865,3.786019050358738,-2.3683553284272567,2.401900978798976
0.138,-7.557905800106986,3.7951222387286307,-2.380995152745062,2.413261827405845
0.14,-7.5534700186566655,3.804298429532503,-2.3945506605977953,2.4255559565512876
0.14200000000000002,-7.548877401249446,3.8135381389078526,-2.409008280398561,2.438764644483621
0.14400000000000002,-7.544125892323874,3.822831667474335,-2.4243535435290435,2.452868008168201
0.146,-7.53921356365612,3.832169126229959,-2.440571173644494,2.467845106176669
0.148,-7.534138621574152,3.8415404638755524,-2.457645175913615,2.483674042417043
0.15,-7.528899414404726,3.8509354954830934,-2.475558925672685,2.5003320701534495
0.152,-7.5234944401107215,3.8603439324156374,-2.4942952560320166,2.517795695820064
0.154,-7.517922354072149,3.8697554133989893,-2.513836544031157,2.5360407821899713
0.156,-7.512181976960492,3.8791595366382152,-2.5341647949963932,2.5550426505143498
0.158,-7.506272302652008,3.888545892865601,-2.5552617248079756,2.574776181299065
0.16,-7.500192506122944,3.8979040992005913,-2.577108839834224,2.5952159134333144
0.162,-7.493941951266549,3.9072238336968335,-2.5996875143342293,2.616336141427347
0.164,-7.487520198569606,3.9164948704466744,-2.6229790651692872,2.6381110105529664
0.166,-7.480927012584574,3.925707115109093,-2.6469648236959213,2.66051460971112
0.168,-7.4741623691315136,3.934850640723679,-2.6716262047392267,2.6835210618752745
0.17,-7.4672264621637305,3.9439157236701465,-2.6969447725654025,2.7071046119775355
0.17200000000000001,-7.4601197102304,3.952892879630731,-2.722902303786251,2.7312397121171506
0.17400000000000002,-7.452842762468991,3.961772899411204,-2.749480847137186,2.7559011039781574
0.176,-7.445396504062107,3.970546884475219,-2.776662780073923,2.78106389834552
0.178,-7.4377820610929275,3.979206282046639,-2.8044308621326306,2.806703651607568
0.18,-7.430000804735944,3.9877429196346865,-2.8327682849944087,2.8327964391275344
0.182,-7.422054354721273,3.9961490388380607,-2.861658719188157,2.8593189253595153
0.184,-7.4139445820132055,4.004417328285703,-2.8910863573570915,2.8862484305746845
0.186,-7.4056736106465,4.012540955574425,-2.921035954004243,2.913562994052926
0.188,-7.397243818667303,4.020513598066575,-2.9514928616213294,2.941241433583989
0.19,-7.388657838129045,4.028329472414481,-2.9824430630948426,2.9692634011112875
0.192,-7.379918554097736,4.035983362682808,-3.0138732002730593,2.9976094343412836
0.194,-7.371029102625763,4.043470646944611,-3.0457705985687364,3.0262610041325493
0.196,-7.361992867657611,4.050787322232371,-3.0781232874650537,3.0552005574715713
0.198,-7.352813476836205,4.057930027731203,-3.110920016787244,3.08441155583753
0.2,-7.3434947961843475,4.064896066107836,-3.144150268599494,3.1138785087561254
0.202,-7.334040923640505,4.07168342287602,-3.177804264587079,3.143587002343307
0.20400000000000001,-7.324456181435269,4.078290783706319,-3.211872968786532,3.1735237226436896
0.20600000000000002,-7.314745107300056,4.0847175495962755,-3.246348085533364,3.2036764735758148
0.20800000000000002,-7.304912444506511,4.090963849825102,-3.28122205250644,3.2340341893073266
0.21,-7.294963130741746,4.0970305526258795,-3.316488028761484,3.264586940897691
0.212,-7.284902285830907,4.102919273517218,-3.352139877663135,3.295325937064285
0.214,-7.274735198325989,4.108632381245784,-3.388172144645131,3.326243518949634
0.216,-7.2644673109864195,4.114173001300812,-3.4245800297523465,3.3573331487930282
0.218,-7.254104205184304,4.119545016971614,-3.4613593549452824,3.388589392438734
0.22,-7.24365158427439,4.1247530679293725,-3.4985065261781796,3.420007895645325
0.222,-7.233115255975824,4.129802546324823,-3.5360184902952114,3.4515853541959585
0.224,-7.222501113820095,4.134699590403977,-3.5738926868250895,3.483319477847595
0.226,-7.211815117726645,4.139451075654613,-3.612126994792812,3.515208948197765
0.228,-7.201063273774648,4.144064603507012,-3.6507196747076365,3.5472533705900764
0.23,-7.190251613246255,4.14854848762296,-3.68966930592808,3.579453220224069
0.232,-7.179386171023567,4.152911737817751,-3.7289747196474994,3.6118097826803197
0.234,-7.168472963427653,4.1571640416704,-3.768634927787508,3.644325089117862
0.23600000000000002,-7.157517965594631,4.161315743887565,-3.808649048129461,3.6770018464469993
0.23800000000000002,-7.146527088489376,4.165377823496827,-3.8490162260572185,3.709843362826242
0.24,-7.135506155662832,4.169361868954841,-3.8897355533258158,3.742853468876445
0.242,-7.124460879864606,4.173280051265197,-3.9308059843102474,3.7760364350478093
0.244,-7.113396839626096,4.177145095210026,-3.9722262502259134,3.809396885615716
0.246,-7.102319455934482,4.180970248807876,-4.013994771845988,3.8429397098183493
0.248,-7.091233969120679,4.184769251118354,-4.0561095712718185,3.8766699706826597
0.25,-7.080145416087318,4.188556298521543,-4.098568183337997,3.910592812114405
0.252,-7.069058608005061,4.1923460096067995,-4.141367567255449,3.9447133648525003
0.254,-7.057978108606876,4.196153388811551,-4.184504019111635,3.9790366519071116
0.256,-7.046908213209986,4.199993788955927,-4.227973085857496,4.013567494114574
0.258,-7.03585292859568,4.203882872823293,-4.271769481415028,4.048310416449784
0.26,-7.024815953875362,4.207836573940173,-4.315887005537492,4.083269555738074
0.262,-7.01380066246914,4.211871056711566,-4.360318466046282,4.118448570403714
0.264,-7.002810085320584,4.216002676068983,-4.405055605053565,4.153850552880675
0.266,-6.991846895466716,4.220247936789075,-4.450089029759148,4.189477945293658
0.268,-6.980913394077832,4.224623452639996,-4.49540814838282,4.225332458993456
0.27,-6.970011498074963,4.22914590551105,-4.541001111760542,4.261414998500828
0.272,-6.959142729426788,4.2338320046783,-4.586854761094203,4.297725590377695
0.274,-6.948308206218866,4.2386984463551,-4.6329545823014175,4.334263317504037
0.276,-6.937508635579861,4.243761873671551,-4.679284667363481,4.371026259193526
0.278,-6.926744308539406,4.249038837221042,-4.725827683017828,4.408011437532178
0.28,-6.916015096881252,4.254545756305157,-4.77256484708605,4.445214770271642
0.28200000000000003,-6.905320452044758,4.260298881000399,-4.819475912670743,4.482631030553815
0.28400000000000003,-6.894659406114632,4.266314255161574,-4.866539160394963,4.52025381368657
0.28600000000000003,-6.8840305749268405,4.272607680467156,-4.9137313987973545,4.558075511132239
0.28800000000000003,-6.873432163304789,4.279194681601829,-4.96102797293506,4.5960872918119895
0.29,-6.862861972426395,4.286090472660563,-5.008402781185943,4.6342790907709634
0.292,-6.852317409308303,4.293309924847389,-5.055828300182235,4.672639605191879
0.294,-6.841795498379514,4.300867535530155,-5.1032756177498175,4.711156297688952
0.296,-6.831292895101833,4.308777398700717,-5.150714473671989,4.749815406760746
0.298,-6.82080590158071,4.317053176877748,-5.198113308043977,4.788601964229619
0.3,-6.810330484095272,4.325708074477156,-5.2454393169351246,4.827499819447947
0.302,-6.799862292462865,4.334754812663004,-5.292658515030018,4.866491670007288
0.304,-6.789396681139796,4.344205605679811,-5.339735804878373,4.905559098646402
0.306,-6.778928731946748,4.354072138655644,-5.386635052345923,4.944682616018042
0.308,-6.768453278295788,4.364365546854131,-5.433319167825706,4.983841708942487
0.31,-6.757964930783488,4.3750963963430625,-5.479750192740603,5.023014893748359
0.312,-6.74745810400512,4.386274666037288,-5.525889390843849,5.062179774277958
0.314,-6.736927044434682,4.397909731064538,-5.5716973438048605,5.101313104115543
0.316,-6.726365859207392,4.410010347394578,-5.617134050552293,5.140390852582232
0.318,-6.715768545634183,4.422584637664793,-5.662159029835381,5.179388274030564
0.32,-6.705129021271689,4.435640078129145,-5.706731425457601,5.218279979964919
0.322,-6.694441154366667,4.449183486652222,-5.750810113633451,5.257040013510929
0.324,-6.683698794490707,4.463221011666169,-5.794353811919697,5.295641925757206
0.326,-6.672895803179203,4.4777581220054685,-5.8373211891759045,5.334058853496165
0.328,-6.662026084388448,4.492799597532871,-5.879670976016236,5.3722635978970175
0.33,-6.651083614585446,4.508349520469462,-5.921362075223515,5.410228703652903
0.332,-6.640062472288229,4.524411267342514,-5.962353671609218,5.44792653815543
0.334,-6.628956866877561,4.540987501466883,-6.002605340816711,5.485329370263226
0.336,-6.617761166507246,4.558080165878705,-6.042077156581975,5.522409448246229
0.338,-6.606469924946093,4.575690476644441,-6.080729795983586,5.5591390765043505
0.34,-6.595077907193057,4.593818916473538,-6.1185246422336,5.595490690677137
0.342,-6.583580113715898,4.612465228569266,-6.1554238845818094,5.631436930780531
0.34400000000000003,-6.571971803174137,4.631628410659365,-6.191390614927755,5.666950712027001
0.34600000000000003,-6.560248513498268,4.651306709156167,-6.226388920758099,5.702005293006543
0.34800000000000003,-6.548406081209198,4.671497613404483,-6.260383974050571,5.736574340927815
0.35000000000000003,-6.536440658875223,4.692197849984853,-6.2933421158102245,5.770631993641063
0.352,-6.524348730617047,4.713403377049587,-6.325230935929019,5.804152918187166
0.354,-6.512127125586091,4.735109378679207,-6.356019348084862,5.8371123656405235
0.356,-6.499773029355384,4.757310259257421,-6.385677659422818,5.869486222036626
0.358,-6.487283993178154,4.7799996378734155,-6.414177634786734,5.901251055199062
0.36,-6.474657941083497,4.803170342770965,-6.44149255529665,5.932384157304307
0.362,-6.461893174794757,4.826814405874551,-6.4675972710939185,5.962863583046687
0.364,-6.448988376470441,4.850923057433117,-6.492468248102789,5.992668183289904
0.366,-6.435942609283528,4.875486720832271,-6.516083608684621,6.021777634115452
0.368,-6.422755315868838,4.900495007635598,-6.5384231660877905,6.05017246120263
0.37,-6.409426314683153,4.925936712924873,-6.55946845262403,6.077834059498716
0.372,-6.395955794336145,4.951799811017747,-6.57920274152908,6.104744708162263
0.374,-6.382344305963261,4.978071451649381,-6.597611062493188,6.130887580786412
0.376,-6.368592753724529,5.0047379567116135,-6.614680210874356,6.1562467509334
0.378,-6.354702383524235,5.031784817649573,-6.6303987506348445,6.180807193035294
0.38,-6.340674770057491,5.059196693620998,-6.644757011068638,6.204554778740109
0.382,-6.326511802299202,5.0869574105277575,-6.657747077415118,6.227476268806106
0.384,-6.312215667559456,5.115049961032435,-6.669362775481273,6.24955930067083
0.386,-6.297788834237122,5.14345650567494,-6.679599650421562,6.270792371844745
0.388,-6.283234033409413,5.172158375205122,-6.688454939851438,6.291164819302418
0.39,-6.2685542394006815,5.201136074247273,-6.695927541496614,6.310666795067009
0.392,-6.253752649477344,5.230369286411137,-6.702017975605973,6.3292892382058845
0.394,-6.2388326628188695,5.259836880961446,-6.706728342381334,6.347023843477064
0.396,-6.22379785891603,5.289516921154593,-6.710062274701745,6.363863026887074
0.398,-6.208651975548013,5.319386674346188,-6.712024886443642,6.379799888441079
0.4,-6.1933988864891925,5.349422623967457,-6.7126227167210235,6.394828172385573
0.402,-6.1780425790943285,5.379600483461566,-6.7118636703916845,6.408942225262013
0.404,-6.162587131907599,5.409895212263162,-6.7097569551954965,6.422136952107133
0.406,-6.1470366924372195,5.440281033895534,-6.706313015910377,6.434407771151307
0.40800000000000003,-6.131395455231673,5.470731456250256,-6.701543465928692,6.445750567380703
0.41000000000000003,-6.1156676403879375,5.501219294103737,-6.695461016672896,6.456161645341682
0.41200000000000003,-6.099857472615009,5.531716693913973,-6.6880794052828865,6.465637681576759
0.41400000000000003,-6.083969160968315,5.562195160929223,-6.679413321019894,6.474175677090443
0.41600000000000004,-6.068006879362474,5.592625588628031,-6.669478330841013,6.4817729102502
0.418,-6.051974747960711,5.622978290497564,-6.658290804606237,6.488426890532359
0.42,-6.0358768155300675,5.6532230341442995,-6.645867840384605,6.494135313525222
0.422,-6.019717042841665,5.683329077718151,-6.632227190328608,6.498896017601377
0.424,-6.00349928718524,5.7132652086179165,-6.61738718758536,6.502706942668466
0.426,-5.987227288057027,5.742999784432942,-6.601366674710384,6.505566091402397
0.428,-5.9709046540695345,5.772500776062908,-6.5841849340432095,6.507471493358615
0.43,-5.954534851121758,5.80173581294488,-6.565861620495687,6.508421172346271
0.432,-5.938121191857754,5.8306722303044625,-6.546416697191491,6.508413117436335
0.434,-5.921666826431722,5.859277118335839,-6.525870374380792,6.507445257958073
0.436,-5.905174734587859,5.887517373203986,-6.5042430520362,6.505515442819103
0.438,-5.888647719053631,5.915359749751534,-6.481555266515173,6.502621424462019
0.44,-5.872088400236243,5.942770915782347,-6.4578276416511695,6.498760847745986
0.442,-5.855499212203239,5.9697175077844165,-6.43308084460911,6.493931244014465
0.444,-5.8388823999201565,5.996166187945857,-6.407335546812439,6.488130030580537
0.446,-5.822240017710528,6.022083702309795,-6.3806123902177525,6.48135451582962
0.448,-5.805573928896515,6.0474369399067305,-6.35293195918001,6.473601910105325
0.45,-5.7888858065720425,6.072192992696832,-6.324314758115804,6.464869342508811
0.452,-5.7721771354546805,6.09631921614909,-6.294781195135421,6.455153883704551
0.454,-5.755449214757221,6.119783290279878,-6.264351571776004,6.444452574787091
0.456,-5.738703162015617,6.142553280969933,-6.233046078928499,6.43276246222368
0.458,-5.721939917806094,6.164597701376152,-6.200884799010375,6.420080638847514
0.46,-5.7051602512811295,6.185885573252733,-6.167887714395183,6.406404290835381
0.462,-5.688364766451502,6.206386487995659,-6.134074722068124,6.391730750562624
0.464,-5.671553909139765,6.22607066722424,-6.099465654435578,6.37605755518744
0.466,-5.654727974529199,6.244909022714635,-6.06408030617469,6.3593825107760065
0.468,-5.637887115231709,6.262873215501716,-6.027938466968537,6.341703761739936
0.47000000000000003,-5.621031349797824,6.27993571396844,-5.99105995993181,6.323019865318731
0.47200000000000003,-5.604160571592636,6.296069850744821,-5.953464685492737,6.303329870801697
0.47400000000000003,-5.587274557962112,6.311249878242884,-5.915172670458908,6.28263340314723
0.47600000000000003,-5.570372979615626,6.325451022658402,-5.876204121957297,6.260930750622096
0.47800000000000004,-5.553455410152474,6.338649536275531,-5.8365794859035525,6.23822295604956
0.48,-5.53652133566196,6.3508227479163315,-5.7963195096215845,6.214511911223113
0.482,-5.519570164329392,6.361949111383514,-5.755445308201599,6.189800454012273
0.484,-5.5026012359828345,6.372008251751572,-5.7139784341544075,6.164092467658122
0.486,-5.485613831518722,6.380981009368812,-5.671940949889766,6.137392981729233
0.488,-5.468607182147568,6.38884948144049,-5.629355502519216,6.10970827418331
0.49,-5.45158047840443,6.395597061071248,-5.586245400456894,6.081045973955913
0.492,-5.434532878872564,6.401208473653469,-5.5426346912668585,6.051415163474951
0.494,-5.417463518572332,6.405669810496812,-5.498548240181032,6.0208264804784815
0.496,-5.400371516971323,6.408968559602934,-5.454011808688644,5.989292218492727
0.498,-5.383255985575517,6.41109363349858,-5.409052132575447,5.956826425307678
0.5,-5.366116035065464,6.412035394049319,-5.363696998768479,5.923444998768479
0.502,-5.348950781945301,6.411785674185545,-5.317975320320523,5.889165779181809
0.504,-5.331759354676373,6.4103377964817945,-5.2719172088457515,5.854008637617694
0.506,-5.314540899271546,6.4076865885397405,-5.225554043695972,5.817995559367965
0.508,-5.2972945843298325,6.403828395134861,-5.178918537143854,5.781150721802939
0.51,-5.2800196054951885,6.398761087096078,-5.132044794815824,5.743500565847899
0.512,-5.262715189326923,6.392484066897176,-5.084968370593083,5.705073860279748
0.514,-5.245380596573194,6.384998270948069,-5.037726315173904,5.665901758022721
0.516,-5.228015124842472,6.376306168583375,-4.990357217464545,5.6260178435995645
0.518,-5.210618110671619,6.36641175775485,-4.942901237939708,5.585458170871662
0.52,-5.193188930992577,6.355320557443219,-4.8954001330867385,5.544261290178537
0.522,-5.175727004003137,6.343039596814032,-4.847897270021594,5.502468263964331
0.524,-5.158231789450363,6.329577401150615,-4.800437630339388,5.460122669957289
0.526,-5.140702788338451,6.314943974606026,-4.7530678022389665,5.417270590948327
0.528,-5.123139542075768,6.299150779824114,-4.7058359599412185,5.37396059019862
0.53,-5.105541631078684,6.282210714487895,-4.658791829405466,5.330243671494081
0.532,-5.087908672852408,6.264138084861521,-4.611986639339856,5.286173222859704
0.534,-5.070240319571908,6.244948576399661,-4.565473056501892,5.241804942950269
0.536,-5.052536255187971,6.2246592215055605,-4.5193051042968015,5.197196749148793
0.538,-5.03479619208634,6.203288364526214,-4.473538063707323,5.152408666433247
0.54,-5.017019867329477,6.180855624079994,-4.42822835563171,5.107502696118513
0.542,-4.99920703851286,6.157381852818538,-4.383433403770985,5.0625426636477275
0.544,-4.981357479269383,6.132889094731053,-4.339211477295176,5.017594044699154
0.546,-4.9634709744573735,6.1074005401051865,-4.295621512635689,4.972723768994791
0.548,-4.945547315068921,6.080940478264104,-4.252722913900298,4.928000001349421
0.55,-4.927586292896982,6.053534248204803,-4.210575331592841,4.883491899686785
0.552,-4.909587695000867,6.025208187267634,-4.169238419543992,4.839269349976907
0.554,-4.891551298010488,5.995989577971429,-4.128771570225686,4.795402678316926
0.556,-4.873476862311182,5.9659065931530035,-4.089233628930863,4.7519623406896745
0.558,-4.855364126151207,5.934988239553518,-4.050682587653084,4.709018591289018
0.56,-4.837212799714837,5.903264299997496,-4.013175259894991,4.666641130698007
0.562,-4.8190225592041935,5.870765274313548,-3.9767669380683057,4.624898735641244
0.5640000000000001,-4.800793040973336,5.837522319148113,-3.9415110356145466,4.583858872501452
0.5660000000000001,-4.782523835757911,5.803567186825978,-3.907458716467095,4.543587297283523
0.5680000000000001,-4.764214483043715,5.7689321634128365,-3.874658514981063,4.504147645216509
0.5700000000000001,-4.745864465616912,5.733650006136535,-3.843155949963599,4.465601013691913
0.5720000000000001,-4.727473204338261,5.697753880324407,-3.8129931369279606,4.428005542728501
0.5740000000000001,-4.709040053182722,5.661277296014488,-3.7842084031515335,4.391415997612057
0.5760000000000001,-4.690564294584891,5.624254044398287,-3.7568359105209947,4.355883358762233
0.578,-4.672045135129582,5.586718134252177,-3.7309052914756706,4.321454424207717
0.58,-4.653481701625085,5.548703728513379,-3.706441303592707,4.288171430284002
0.582,-4.634873037595416,5.510245081155125,-3.683463508474748,4.256071696285678
0.584,-4.6162181002256055,5.471376474513306,-3.661985980585641,4.225187298790486
0.586,-4.59751575779205,5.432132157214658,-3.6420170515191264,4.195544781211915
0.588,-4.578764787607806,5.39254628285341,-3.6235590948710654,4.167164903822996
0.59,-4.559963874509841,5.352652849559944,-3.6066083564162033,4.140062439023954
0.592,-4.5411116099126945,5.3124856406010865,-3.5911548336694277,4.1142460160055965
0.594,-4.522206491449972,5.272078166147304,-3.577182208152481,4.089718018200397
0.596,-4.503246923221891,5.23146360633723,-3.5646678328078747,4.066474536033919
0.598,-4.4842312166638045,5.190674755764837,-3.553582776029073,4.044505376515506
0.6,-4.465157592047048,5.149743969508817,-3.543891922739888,4.023794130170407
0.602,-4.446024180619712,5.108703110817786,-3.5355541318920705,4.00431829475042
0.604,-4.426829027391343,5.067583500558566,-3.5285224486944213,3.986049454103404
0.606,-4.407570094561306,5.026415868528027,-3.522744368876436,3.9689535095703037
0.608,-4.38824526558678,4.985230306722026,-3.51816215135879,3.9529909603464266
0.61,-4.3688523498820695,4.944056224647612,-3.5147131748829614,3.938117228421744
0.612,-4.349389088136863,4.902922306757248,-3.5123303334668665,3.924283023028386
0.614,-4.329853158236875,4.861856472075916,-3.510942465022073,3.911434738989802
0.616,-4.31024218176596,4.820885836084214,-3.510474807099959,3.899514882996508
0.618,-4.2905537310651365,4.78003667491247,-3.5108494735337765,3.888462521630262
0.62,-4.270785336819293,4.739334391892771,-3.5119859457051166,3.8782137449185066
0.622,-4.250934496138979,4.698803486507744,-3.513801572277448,3.8687021393121985
0.624,-4.2309986811006235,4.658467525766712,-3.5162120714887775,3.8598592642276865
0.626,-4.210975347704918,4.618349118031816,-3.519132030461089,3.8516151266560144
0.628,-4.190861945209904,4.578469889308763,-3.5224753964425326,3.8438986487990445
0.63,-4.170655925792025,4.538850462008834,-3.526155955425923,3.836638124216617
0.632,-4.150354754485559,4.49951043618146,-3.530087794160172,3.8297616585393373
0.634,-4.129955919348509,4.460468373208841,-3.534185742167374,3.8231975913948903
0.636,-4.109456941800511,4.421741781947317,-3.5383657909770974,3.8168748967917288
0.638,-4.088855387076911,4.383347107293073,-3.5425454883733853,3.810723559785087
0.64,-4.068148874741383,4.345299721143418,-3.5466443060048616,3.8046749278021315
0.642,-4.047335089198682,4.307613915718625,-3.550583979222522,3.798662035514275
0.644,-4.026411790148428,4.270302899203736,-3.554288818475769,3.7926199026076417
0.646,-4.005376822920873,4.2333787936642375,-3.5576859920095854,3.7864858042119085
0.648,-3.9842281286355714,4.196852635184833,-3.560705779962342,3.780199514101222
0.65,-3.9629637541250586,4.160734376176091,-3.56328180026406,3.7737035210782657
0.652,-3.941581861566628,4.125032889789708,-3.5653512069813,3.7669432191955736
0.654,-3.9200807377670124,4.089755976379869,-3.5668548619495097,3.7598670726599392
0.656,-3.89845880304693,4.054910371945076,-3.5677374806815547,3.752426756410424
0.658,-3.8767146196749804,4.020501758482396,-3.5679477536463318,3.7445772734626503
0.66,-3.8548468998033334,3.98653477618402,-3.5674384440794715,3.7362770501770126
0.662,-3.8328545128609166,3.9530130374044123,-3.5661664635239227,3.7274880106412636
0.664,-3.810736492363521,3.919939142325333,-3.5640929263071706,3.7181756313639047
0.666,-3.7884920421042194,3.8873146962450362,-3.5611831841484585,3.7083089774583478
0.668,-3.7661205416916763,3.855140328417841,-3.557406842058406,3.6978607214640613
0.67,-3.743621551408558,3.8234157123700934,-3.552737756648836,3.686807145903401
0.672,-3.7209948163667708,3.79213958761901,-3.547154017915808,3.675128130615245
0.674,-3.698240269941204,3.761309782721278,-3.5406379154976073,3.662807125842545
0.676,-3.675358036468576,3.730923239579461,-3.5331758903435895,3.6498311119824467
0.678,-3.652348433202932,3.7009760389349786,-3.524758472662475,3.6361905468376867
0.68,-3.629211971524347,3.6714634269779545,-3.5153802069512783,3.62187930113814
0.682,-3.6059493574024524,3.642379843005359,-3.505039564840429,3.6068945830333066
0.684,-3.58256149112112,3.6137189480604848,-3.4937388464279473,3.5912368521915603
0.686,-3.5590494662754892,3.585473654488223,-3.4814840707169723,3.574909724081186
0.6880000000000001,-3.5354145680570985,3.557636156342137,-3.4682848557171444,3.5579198649523254
0.6900000000000001,-3.511658270847131,3.530197960580843,-3.4541542887222128,3.5402768779888794
0.6920000000000001,-3.4877822351420393,3.503149918992642,-3.4391087872341504,3.521993181055355
0.6940000000000001,-3.4637883038395136,3.4764822607887447,-3.423167950968605,3.503083876426495
0.6960000000000001,-3.4396784979162236,3.4501846258066062,-3.4063544053478005,3.4835666128571345
0.6980000000000001,-3.4154550115320648,3.4242460982661673,-3.3886936368657543,3.463461440326987
0.7000000000000001,-3.391120206598246,3.398655241022597,-3.3702138206967587,3.442790657779665
0.7020000000000001,-3.366676606849066,3.373400130260094,-3.3509456409117866,3.4215786541677975
0.704,-3.3421268914591087,3.348468390571873,-3.330922103669326,3.3998517431167263
0.706,-3.3174738882493484,3.3238472303719124,-3.310178343756926,3.3776379915280215
0.708,-3.2927205665266053,3.299523477584395,-3.288751424877614,3.3549670424611744
0.71,-3.2678700296017027,3.2754836155567566,-3.2666801341016787,3.3318699326572565
0.712,-3.242925507032081,3.2517138191422914,-3.244004770938751,3.3083789051022965
0.714,-3.217890346634351,3.2281999908979127,-3.220766931527748,3.2845272170702313
0.716,-3.1927680063121704,3.20492779734238,-3.1970092884929158,3.2603489441356786
0.718,-3.1675620457437583,3.1818827052196537,-3.1727753670723744,3.235878780704656
0.72,-3.142276117972462,3.1590500177115013,-3.148109318190959,3.211151837676816
0.722,-3.116913960942182,3.1364149105426393,-3.1230556892209074,3.1862034379245525
0.724,-3.091479389017887,3.113962467920993,-3.0976591932511117,3.1610689103516934
0.726,-3.065976284529264,3.0916777182546236,-3.07196447776723,3.1357833833764386
0.728,-3.040408589373615,3.0695456695862537,-3.046015893729241,3.110381578768028
0.73,-3.0147802967113,3.047551344685164,-3.0198572661184575,3.084897606852544
0.732,-2.9890954427849232,3.0256798157357028,-2.9935316671105956,3.059364764188668
0.734,-2.963358098890235,3.0039162385606497,-2.9670811931126964,3.0338153348962558
0.736,-2.93757236352438,2.982245886317191,-2.940546746977289,3.0082803968971303
0.738,-2.911742354733901,2.9606541826026356,-2.913967826774121,2.982789634395589
0.74,-2.885872202682216,2.9391267339066878,-2.887382322555467,2.9573711579829647
0.742,-2.8599660424532853,2.917649361346804,-2.8608263225920276,2.9320513337929874
0.744,-2.834028007105374,2.8962081316232644,-2.834333930580359,2.9068546231599806
0.746,-2.8080622209859225,2.8747893871306727,-2.807937095326294,2.881803434237049
0.748,-2.782072793315991,2.8533797751632157,-2.781665454389659,2.856917987013894
0.75,-2.756063812049887,2.831966276151502,-2.755546193131338,2.83221619313134
0.752,-2.7300393380133663,2.8105362308700084,-2.729603920533061,2.8077135518208625
0.754,-2.7040033993212935,2.7890773665552335,-2.7038605630615593,2.783423063200572
0.756,-2.677959986073575,2.7675778218762916,-2.6783352777223324,2.759355160034671
0.758,-2.6519130453262107,2.7460261707014824,-2.6530443852941485,2.7355176589114256
0.76,-2.6258664763325275,2.7244114446064573,-2.6280013245553424,2.7119157316166884
0.762,-2.5998241260481176,2.7027231540721233,-2.6032166281092297,2.6885518972785594
0.764,-2.5737897848915496,2.680951308323004,-2.5786979201917837,2.6654260356367776
0.766,-2.5477671827519934,2.659086433759839,-2.5544499366041076,2.642535421552212
0.768,-2.521759985233733,2.6371195909434513,-2.5304745666603226,2.6198747806222316
0.77,-2.4957717901270007,2.6150423900904216,-2.5067709167832324,2.5974363655118986
0.772,-2.4698061240940303,2.5928470050448835,-2.4833353951217707,2.5752100523549855
0.774,-2.4438664395589287,2.5705261856947783,-2.460161816311436,2.5531834563285414
0.776,-2.4179561117898585,2.5480732688050916,-2.4372415252578654,2.531342065266113
0.778,-2.3920784361621807,2.5254821872450464,-2.414563538599856,2.5096693899534195
0.78,-2.366236625591516,2.5027474775908067,-2.3921147023069396,2.4881471295515922
0.782,-2.3404338081259572,2.4798642860900326,-2.369879863692265,2.466755350421263
0.784,-2.3146730246875977,2.4568283729793996,-2.3478420559778823,2.445472676479675
0.786,-2.2889572269539755,2.4336361151513386,-2.3259826934392662,2.424276489115138
0.788,-2.2632892753711245,2.410284507171257,-2.3042817750802453,2.4031431346101524
0.79,-2.2376719372908784,2.3867711606515227,-2.2827180947495145,2.382048136986862
0.792,-2.212107885226124,2.3630943019939616,-2.261269455604688,2.3609664141858047
0.794,-2.186599695218894,2.3392527685173996,-2.2399128868578595,2.339872495519338
0.796,-2.1611498453175946,2.31524600299232,-2.2186248607957433,2.318740738402657
0.798,-2.135760714160627,2.291074046609556,-2.19738150815437,2.2975455424544613
0.8,-2.1104345796654247,2.2667375304151283,-2.176158830039305,2.2762615591727346
0.802,-2.085173617822857,2.242237665248313,-2.1549329047134957,2.254863895524375
0.804,-2.0599799015986635,2.217576230224769,-2.1336800877216873,2.2333283099365384
0.806,-2.034855399944708,2.192755559811382,-2.1123772039788,2.21163139933802
0.808,-2.009801976924213,2.1677785295439937,-2.091001730615031,2.1897507760664667
0.81,-1.9848213909564487,2.1426485404435547,-2.0695319695393013,2.1676652336281306
0.812,-1.9599152941875362,2.117369502190443,-2.047947208850817,2.1453549004667085
0.8140000000000001,-1.935085231995191,2.0919458151206074,-2.0262278723929663,2.1228013810643658
0.8160000000000001,-1.9103326426362761,2.0663823511109674,-2.0043556569017755,2.0999878838575254
0.8180000000000001,-1.8856588570470025,2.0406844334248837,-1.9823136563500783,2.0768993356007486
0.8200000000000001,-1.8610650988065744,2.014857815591788,-1.9600864732270091,2.053522481951954
0.8220000000000001,-1.8365524842756766,1.988908659397878,-1.9376603166187074,2.029845974180012
0.8240000000000001,-1.8121220229219315,1.9628435120674332,-1.9150230870696396,2.0058604420105866
0.8260000000000001,-1.7877746178449225,1.936669282716536,-1.8921644483039604,1.9815585527273811
0.8280000000000001,-1.7635110665136873,1.9103932181630077,-1.8690758859729502,1.9569350567337778
0.8300000000000001,-1.7393320617297974,1.884022878177878,-1.845750753667906,1.9319868198541232
0.8320000000000001,-1.7152381928291893,1.8575661102650423,-1.8221843064981837,1.9067128427153277
0.834,-1.6912299471357093,1.8310310240566947,-1.7983737225824785,1.8811142675985233
0.836,-1.6673077116791104,1.8044259654125068,-1.7743181128380718,1.8551943731880312
0.838,-1.6434717751897123,1.7777594903110283,-1.7500185194792715,1.8289585576718763
0.84,-1.619722330381249,1.7510403386211604,-1.7254779036528247,1.802414310665212
0.842,-1.5960594765326892,1.7242774078414427,-1.700701122646501,1.775571174436824
0.844,-1.5724832223787066,1.697479726893627,-1.6756948971076273,1.7484406949197167
0.846,-1.5489934893173283,1.67065643005591,-1.6504677687026565,1.7210363629812246
0.848,-1.5255901149419229,1.6438167311194571,-1.6250300486375129,1.6933735464168964
0.85,-1.5022728569031756,1.6169698978499352,-1.599393757442746,1.6654694131165315
0.852,-1.4790413971049299,1.5901252268331938,-1.5735725564079721,1.6373428458310406
0.854,-1.4558953462360238,1.563292018781838,-1.5475816710282984,1.6090143489468185
0.856,-1.4328342486381302,1.5364795543761542,-1.5214378068015075,1.5805059476498917
0.858,-1.4098575875075436,1.5096970707095847,-1.4951590576902523,1.5518410798371671
0.86,-1.386964790426549,1.4829537384053926,-1.468764807539194,1.5230444811071733
0.862,-1.3641552352176127,1.4562586394670929,-1.4422756247136115,1.4941420631385476
0.864,-1.3414282561111648,1.429620745921135,-1.4157131502048528,1.465160785742584
0.866,-1.3187831502151646,1.4030488993058807,-1.389099979429988,1.4361285228573057
0.868,-1.296219184272001,1.3765517910563032,-1.3624595379394573,1.407073922735829
0.87,-1.2737356016855754,1.3501379438289136,-1.3358159512383776,1.3780262625727366
0.872,-1.2513316297987656,1.323815693806587,-1.3091939089263462,1.3490152978100454
0.874,-1.2290064873986974,1.2975931740177207,-1.282618523367924,1.3200711063705504
0.876,-1.2067593924245879,1.271478298698931,-1.2561151831234416,1.2912239280823647
0.878,-1.1845895698502664,1.2454787487252965,-1.2297094013991257,1.2625039995864835
0.88,-1.1624962597109496,1.2196019581267195,-1.2034266598178287,1.2339413850599787
0.882,-1.140478725241258,1.1938551017036128,-1.1772922478692798,1.2055658031434977
0.884,-1.1185362610892504,1.1682450837499383,-1.1513310984727787,1.1774064505341617
0.886,-1.0966682015688605,1.142778527886197,-1.1255676201771574,1.1494918227951676
0.888,-1.0748739289112246,1.1174617679998873,-1.100025526633523,1.1218495330423643
0.89,-1.053152881473447,1.0923008402858845,-1.0747276641064425,1.0945061292964353
0.892,-1.0315045618617456,1.0673014763743551,-1.0496958379382333,1.0674869114365073
0.894,-1.0099285449245103,1.042469097528973,-1.0249506390480847,1.0408157488562144
0.896,-0.9884244855697251,1.0178088098939477,-1.0005112717303182,1.0145149001039064
0.898,-0.966992126360279,0.993325400763976,-0.9763953842107651,0.988604835981446
0.9,-0.9456313048402318,0.9690233358472893,-0.9526189036214352,0.9631040677752818
0.902,-0.9243419605447967,0.9449067574884289,-0.9291958772552236,0.938028982493085
0.904,-0.9031241416469733,0.9209794838139151,-0.9061383221549231,0.9133936871697962
0.906,-0.8819780111941213,0.8972450087610522,-0.8834560852649331,0.8892098644789538
0.908,-0.860903852888649,0.8737065029474178,-0.8611567165175367,0.8654866420268319
0.91,-0.8399020763680558,0.8503668153364621,-0.8392453573263738,0.8422304778054792
0.912,-0.8189732219410786,0.8272284756524795,-0.8177246470041704,0.819445064323356
0.914,-0.7981179647385712,0.8042936974970423,-0.7965946495980472,0.7971312539064029
0.916,-0.7773371182399385,0.7815643821176197,-0.7758528035315249,0.7752870075562958
0.918,-0.7566316371383914,0.7590421227784936,-0.7554938962496269,0.7539073695579965
0.92,-0.7360026195112921,0.7367282096837671,-0.7355100657762561,0.7329844697394
0.922,-0.7154513082649645,0.7146236354022557,-0.7158908307103706,0.712507554901614
0.924,-0.6949790918267462,0.6927291007444714,-0.6966231497139614,0.6924630504627065
0.926,-0.6745875040609768,0.6710450210427492,-0.6776915109903485,0.6728346528017493
0.928,-0.6542782233894657,0.6495715327866312,-0.6590780516318517,0.6536034521685461
0.93,-0.6340530711012882,0.6283085005670279,-0.6407627060531298,0.6347480853600431
0.932,-0.6139140088411965,0.6072555242845299,-0.6227233820458715,0.6162449166821371
0.934,-0.5938631352704911,0.5864119465791835,-0.6049361623214478,0.5980682450448571
0.936,-0.5739026818989625,0.565776860441308,-0.5873755287799511,0.5801905344092106
0.9380000000000001,-0.5540350080914074,0.5453491169655416,-0.5700146061864357,0.562582664244865
0.9400000000000001,-0.5342625952570668,0.5251273332128297,-0.5528254214735084,0.5452141961946904
0.9420000000000001,-0.514588040235326,0.5051099001481569,-0.5357791745450418,0.5280536527966122
0.9440000000000001,-0.495014047896039,0.4852949906246198,-0.5188465162429896,0.5110688038989182
0.9460000000000001,-0.47554342297767693,0.46568056738769714,-0.5019978290650746,0.4942269563299593
0.9480000000000001,-0.45617906119141693,0.4462643910767041,-0.48520350628463804,0.4774952424454917
0.9500000000000001,-0.43692393962407294,0.4270440282036301,-0.4684342253171976,0.460840903369103
0.9520000000000001,-0.41778110647734934,0.40801685909289453,-0.45166121148612026,0.44423156304804445
0.9540000000000001,-0.39875367018535046,0.3891800857686172,-0.43485648874281546,0.42763548964906684
0.9560000000000001,-0.37984478795661003,0.37053073977937023,-0.41799311437162023,0.41102184129257524
0.9580000000000001,-0.3610576537908168,0.3520656899533008,-0.4010453952313551,0.39436089364479
0.96,-0.3423954860242042,0.33378165007961424,-0.3839890836296789,0.3776242474309577
0.962,-0.3238615144611381,0.31567518651519677,-0.36680155147024474,0.36078501447606737
0.964,-0.3054589671523371,0.2977427257178853,-0.3494619418355138,0.34381798140198483
0.966,-0.2871910568832199,0.2799805617103934,-0.3319512976544501,0.32669975059587886
0.968,-0.2690609674381581,0.2623848634811474,-0.31425266754085524,0.30940885850119026
0.97,-0.25107183970844904,0.24495168233044584,-0.2963511892671673,0.2919258716612092
0.972,-0.23322675771355916,0.22767695917211128,-0.27823415165576315,0.27423346126253767
0.974,-0.21552873460634459,0.2105565318024074,-0.2598910359237947,0.25631645717976226
0.976,-0.19798069873377422,0.1935861421492504,-0.24131353771079223,0.23816188271591798
0.978,-0.180585479825087,0.1767614435157645,-0.2224955711545089,0.2197589713698045
0.98,-0.16334579537921812,0.16007800783308657,-0.20343325646535693,0.20109916704643216
0.982,-0.14626423732301586,0.14353133293765952,-0.18412489249002073,0.1821761091674321
0.984,-0.12934325901101928,0.12711684988886107,-0.16457091575755367,0.16298560414151053
0.986,-0.11258516263697027,0.1108299303432605,-0.14477384747306088,0.1435255846273653
0.988,-0.09599208712742868,0.09466589400338377,-0.12473822987207939,0.12379605797011273
0.99,-0.07956599659146057,0.07862001616402647,-0.10447055327911015,0.10379904512338989
0.992,-0.06330866941725821,0.06268753539744276,-0.08397917513169983,0.08353851128795586
0.994,-0.04722168818185102,0.0468636614960527,-0.063274232142837,0.0630202894099614
0.996,-0.031306430969429755,0.03114358422222674,-0.04236754668828091,0.04225199759676079
0.998,-0.015564069019830207,0.015522487742906765,-0.021272528485796416,0.02124295148955846
1.0,-3.501763178270778e-05,3.501763178315187e-05,-6.7373811556414864e-06,6.737381155863531e-06
1.002,-0.015442239378975042,0.015398599457421724,-0.0214522130175272,0.021421551829950536
1.004,-0.030795398124490614,0.03061760740544983,-0.04311205640548077,0.04298679276312778
1.006,-0.04606887515533353,0.0456613942214652,-0.0649603074035543,0.06467294605608553
1.008,-0.061267429918948846,0.060529964923766055,-0.08698060368768967,0.08646025314458017
1.01,-0.0763957928984147,0.07522358179251665,-0.10915547753310428,0.10832801597296515
1.012,-0.09145865041434087,0.08974276039554274,-0.13146645977164506,0.13025470862259358
1.014,-0.10646063492013003,0.1040882701924919,-0.15389418421467926,0.15221808889298383
1.016,-0.12140631594849793,0.1182611348526934,-0.17641849212967942,0.17419530940792227
1.018,-0.1363001911935151,0.13226263175137642,-0.19901853647300172,0.19616302793455254
1.02,-0.15114667764822265,0.14609429054722645,-0.221672885623043,0.21809751664673604
1.022,-0.16595010279971056,0.15975789082899672,-0.24435962638890518,0.23997477009641455
1.024,-0.18071469590618916,0.17325545884417703,-0.267056466095015,0.2617706116837384
1.026,-0.19544457938932558,0.18658926333441705,-0.28974083356351943,0.28346079843956806
1.028,-0.21014376037986882,0.19976181050980069,-0.31238997883404007,0.30502112395348213
1.03,-0.22481612245749494,0.2127758381999243,-0.33498107147514977,0.3264275192966595
1.032,-0.23946541762803975,0.22563430922458583,-0.3574912973536275,0.3476561518025101
1.034,-0.2540952585827876,0.2383404040313848,-0.3798979537371472,0.3686835215789803
1.036,-0.2687091112856166,0.25089751265111637,-0.40217854261329267,0.38948655563547896
1.038,-0.28331028793410695,0.2633092260252994,-0.42431086211296964,0.41004269951399697
1.04,-0.2979019403409735,0.275579326762617,-0.44627309592996545,0.4303300063194151
