iq,region,t_GK,target_top_cm-1,static_reference_top_cm-1,epw_bare_top_cm-1,epw_static_top_cm-1,transferred_static_top_cm-1,target_correction_from_0.020Ry_cm-1,epw_static_correction_cm-1,delta_pi_w0_meV
1,G,0.0,1573.90788,1566.9944310705803,1559.5535757258433,1561.8266052342742,1569.2566827210153,6.913448929419701,2.273029508430909,0.28202511596300184
2,G,0.00834,1574.86997906,1567.0696711702567,1559.6342311652165,1562.72829529936,1570.1490834339857,7.800307889743408,3.0940641341435366,0.38399557694599906
3,G,0.024990000000000002,1579.428886777,1567.6667148219128,1560.360130119578,1566.5854091849747,1573.863093590099,11.76217195508707,6.225279065396762,0.7733759102630025
4,G,0.05832,1588.561346476,1570.5683678806683,1563.8283140126384,1573.3991592378081,1580.0983883195304,17.99297859533158,9.570845225169705,1.1902647542350024
5,K,0.9833400000000001,1295.069655068,1314.4257730682543,1311.6994105311019,1298.712238573983,1301.4658074418567,-19.356118000254355,-12.98717195711879,-1.602232767441997
6,K,0.9916800000000001,1291.3207103257143,1314.1179875551559,1311.376788773608,1296.44334913267,1299.2160561631642,-22.797277229441534,-14.933439640938104,-1.8409684092419951
7,K,0.99999,1289.793277585,1314.0155200924016,1311.215477894861,1295.3670533363584,1298.2012788631723,-24.22224250740169,-15.84842455850253,-1.953079192038004
8,K,1.00833,1291.3626589957141,1314.1181824822143,1311.376788773608,1295.7053680158558,1298.4798481691128,-22.755523486500124,-15.67142075775223,-1.9313987181219971
9,K,1.01667,1295.307775269,1314.4258461339666,1311.6994105311019,1297.3916681076614,1300.1481076679433,-19.118070864966512,-14.307742423440459,-1.7642591256379987
