iq,region,t_GK,target_top_cm-1,static_reference_top_cm-1,epw_bare_top_cm-1,epw_on_shell_top_cm-1,epw_off_shell_top_cm-1,transferred_on_shell_top_cm-1,transferred_off_shell_top_cm-1,target_correction_from_0.020Ry_cm-1,epw_on_shell_correction_cm-1,epw_off_shell_correction_cm-1
1,G,0.0,1573.90788,1566.9944310705803,1559.4616285249574,1561.9208128714552,1562.1264842418575,1569.4418121885012,1569.6464980798467,6.913448929419701,2.45918434649775,2.6648557169000924
2,G,0.00834,1574.86997906,1567.0696711702567,1559.5519626170558,1560.439172450164,1560.439172450164,1567.9526271912362,1567.9526271912362,7.800307889743408,0.8872098331082725,0.8872098331082725
3,G,0.024990000000000002,1579.428886777,1567.6667148219128,1560.2706025818736,1564.6647109189414,1564.8413463311695,1572.040149956222,1572.2159567524025,11.76217195508707,4.394108337067792,4.570743749295843
4,G,0.05832,1588.561346476,1570.5683678806683,1563.7549175628083,1573.5916549487995,1574.0626827147405,1580.3626965067174,1580.8317067609087,17.99297859533158,9.836737385991228,10.307765151932244
5,K,0.9833400000000001,1295.069655068,1314.4257730682543,1311.523581673268,1270.4877072288225,1270.5385201556278,1273.4834203241717,1273.5341137245807,-19.356118000254355,-41.035874444445426,-40.98506151764013
6,K,0.9916800000000001,1291.3207103257143,1314.1179875551559,1311.1751501751742,1267.583304856983,1268.6003699474827,1270.6271071920642,1271.6417378373565,-22.797277229441534,-43.59184531819119,-42.57478022769146
7,K,0.99999,1289.793277585,1314.0155200924016,1311.0517473529328,1267.40344322718,1266.88079598004,1270.469043586123,1269.9476579881336,-24.22224250740169,-43.6483041257527,-44.17095137289289
8,K,1.00833,1291.3626589957141,1314.1181824822143,1311.154986315331,1267.1292147333104,1266.980808724863,1270.1951213185548,1270.0470735637757,-22.755523486500124,-44.025771582020525,-44.174177590467934
9,K,1.01667,1295.307775269,1314.4258461339666,1311.4856736167621,1270.2207377244963,1270.5014186535159,1273.256201802428,1273.5362137307197,-19.118070864966512,-41.26493589226584,-40.98425496324626
