iq,region,t_GK,qx_crystal,qy_crystal,mode,target_cm-1,static_reference_0.020Ry_cm-1,epw_bare_cm-1,epw_on_shell_cm-1,epw_off_shell_cm-1,transferred_on_shell_cm-1,transferred_off_shell_cm-1
1,G,0.0,0.0,0.0,1,113.367363,-1.2316767802930217e-05,-0.0,0.0,0.0,1.2316767802930217e-05,1.2316767802930217e-05
1,G,0.0,0.0,0.0,2,113.367363,1.9498521078514524e-05,0.0,0.0,0.0,1.9498521078514524e-05,1.9498521078514524e-05
1,G,0.0,0.0,0.0,3,113.944537,2.2941977739385958e-05,0.0,0.0,0.0,2.2941977739385958e-05,2.2941977739385958e-05
1,G,0.0,0.0,0.0,4,884.404784,876.5291334395611,876.4979842052195,876.4971776508258,876.4971776508258,876.52832691383,876.52832691383
1,G,0.0,0.0,0.0,5,1573.90788,1566.9944310705803,1559.4616285249574,1559.746342225946,1559.746342225946,1567.2777763535464,1567.2777763535464
1,G,0.0,0.0,0.0,6,1573.90788,1566.9944310705803,1559.4616285249574,1561.9208128714552,1562.1264842418575,1569.4418121885012,1569.6464980798467
2,G,0.00834,0.00278,0.00278,1,113.593651252,1.4993789411714389,-0.37182157551179856,0.37182157551179856,0.37182157551179856,1.499378941171439,1.499378941171439
2,G,0.00834,0.00278,0.00278,2,113.671723056,10.306125184985419,10.370676394643615,-6.47743833608515,30.301442018227245,6.373577868352908,30.2794100971297
2,G,0.00834,0.00278,0.00278,3,114.17923932800001,16.337525389854278,16.07704873031818,10.760242166817582,10.550538024446501,11.145674114905164,10.943358378139655
2,G,0.00834,0.00278,0.00278,4,884.387538368,876.5119863869868,876.4802400085574,876.4794334541637,876.4794334541637,876.5111798618057,876.5111798618057
2,G,0.00834,0.00278,0.00278,5,1573.87920992,1566.956405145701,1559.435818784358,1561.1505534254384,1560.1972061320437,1568.6629189153575,1567.7141399954685
2,G,0.00834,0.00278,0.00278,6,1574.86997906,1567.0696711702567,1559.5519626170558,1560.439172450164,1560.439172450164,1567.9526271912362,1567.9526271912362
3,G,0.024990000000000002,0.00833,0.00833,1,113.941287588,4.5144272268829715,-1.0146454273185306,1.0146454273185306,-1.7760327750042961,4.5144272268829715,4.74392667118004
3,G,0.024990000000000002,0.00833,0.00833,2,117.576565907,30.880293140534075,31.10718985756843,28.61413022653379,27.704336870400798,28.367299699328846,27.449326495183023
3,G,0.024990000000000002,0.00833,0.00833,3,122.75563891899999,48.930685519401216,48.21824132065478,46.7059518324018,46.71159771315795,47.44111219092863,47.44667059191343
3,G,0.024990000000000002,0.00833,0.00833,4,884.2508456600001,876.3750726083885,876.3382864352601,876.3382864352601,876.3382864352601,876.3750726083883,876.3750726083883
3,G,0.024990000000000002,0.00833,0.00833,5,1573.513816989,1566.6525255026274,1559.2325670771368,1552.4768674752129,1552.3800809479646,1559.928960393855,1559.8326362638436
3,G,0.024990000000000002,0.00833,0.00833,6,1579.428886777,1567.6667148219128,1560.2706025818736,1564.6647109189414,1564.8413463311695,1572.040149956222,1572.2159567524025
4,G,0.05832,0.01944,0.01944,1,113.95590456400001,10.78503352991202,0.46941465715372405,-1.4542175719040624,0.8218789272158845,10.872504167274911,10.806113227797372
4,G,0.05832,0.01944,0.01944,2,134.678924356,72.05431355961693,72.5253710846441,71.69300695030965,71.69300695030965,71.21644400810399,71.21644400810399
4,G,0.05832,0.01944,0.01944,3,160.21570335599998,113.92342389637138,112.35705981924316,111.74891780636703,111.74891780636703,113.32368795596757,113.32368795596757
4,G,0.05832,0.01944,0.01944,4,883.551679596,875.6871660188546,875.6269054599859,875.6309382319546,875.6309382319546,875.6911985133087,875.6911985133087
4,G,0.05832,0.01944,0.01944,5,1571.641750864,1565.1192993114064,1558.1888856916437,1556.1878242407874,1555.145755964082,1563.1271099623787,1562.089670882295
4,G,0.05832,0.01944,0.01944,6,1588.561346476,1570.5683678806683,1563.7549175628083,1573.5916549487995,1574.0626827147405,1580.3626965067174,1580.8317067609087
5,K,0.9833400000000001,0.32778,0.32778,1,536.3601820980001,523.7373209522755,522.6206308452355,522.8642102721434,522.8642102721434,523.9803812708135,523.9803812708135
5,K,0.9833400000000001,0.32778,0.32778,2,551.928216074,539.4120119187238,538.7347810776655,539.0307865401662,539.0307865401662,539.707645950579,539.707645950579
5,K,0.9833400000000001,0.32778,0.32778,3,1003.781895692,996.1449862888429,997.1827181397758,997.1819115853821,997.1819115853821,996.1441788942224,996.1441788942224
5,K,0.9833400000000001,0.32778,0.32778,4,1220.733824212,1214.0253109222995,1215.0411254315154,1215.2903507391793,1215.2903507391793,1214.2747447220747,1214.2747447220747
5,K,0.9833400000000001,0.32778,0.32778,5,1235.9243238039999,1229.6674066008886,1229.9672210419737,1230.319685312036,1230.319685312036,1230.0199567832822,1230.0199567832822
5,K,0.9833400000000001,0.32778,0.32778,6,1295.069655068,1314.4257730682543,1311.523581673268,1270.4877072288225,1270.5385201556278,1273.4834203241717,1273.5341137245807
6,K,0.9916800000000001,0.33056,0.33056,1,540.2896703771429,527.6888853272773,526.6800191089034,526.9147264374802,526.9147264374802,527.9231441280768,527.9231441280768
6,K,0.9916800000000001,0.33056,0.33056,2,547.9534731314286,535.4160508185814,534.6358716487047,534.942362318324,534.942362318324,535.7220951419723,535.7220951419723
6,K,0.9916800000000001,0.33056,0.33056,3,1004.7236814514285,997.0776791512512,998.1521965210452,998.1521965210452,998.1521965210452,997.0776791512512,997.0776791512512
6,K,0.9916800000000001,0.33056,0.33056,4,1224.2795201142856,1217.7405533737015,1218.5706074584991,1218.7512756426959,1218.7512756426959,1217.9213446893077,1217.9213446893077
6,K,0.9916800000000001,0.33056,0.33056,5,1231.5839492914286,1225.2744763117582,1225.745715345165,1226.071563320234,1226.071563320234,1225.600449574226,1225.600449574226
6,K,0.9916800000000001,0.33056,0.33056,6,1291.3207103257143,1314.1179875551559,1311.1751501751742,1267.583304856983,1268.6003699474827,1270.6271071920642,1271.6417378373565
7,K,0.99999,0.33333,0.33333,1,544.24248563875,531.5401165593498,530.6506863892604,530.8765216195062,530.8765216195062,531.7655740581182,531.7655740581182
7,K,0.99999,0.33333,0.33333,2,544.251689205,531.5492818808226,530.6506863892604,530.9668557116046,530.9668557116046,531.8649170295903,531.8649170295903
7,K,0.99999,0.33333,0.33333,3,1005.0218582037501,997.3952184480842,998.4917559208076,998.4917559208076,998.4917559208076,997.3952184480842,997.3952184480842
7,K,0.99999,0.33333,0.33333,4,1228.09393705875,1221.3862531238544,1222.0387913515594,1222.2001022303066,1222.2001022303066,1221.5476501732217,1221.5476501732217
7,K,0.99999,0.33333,0.33333,5,1228.102695195,1221.3949609583274,1222.0387913515594,1222.3114067366419,1222.3114067366419,1221.6677200142935,1221.6677200142935
7,K,0.99999,0.33333,0.33333,6,1289.793277585,1314.0155200924016,1311.0517473529328,1267.40344322718,1266.88079598004,1270.469043586123,1269.9476579881336
8,K,1.00833,0.33611,0.33611,1,540.3903609485715,527.7872930273052,526.7840646256952,527.1091060463704,527.1091060463704,528.1117169828043,528.1117169828043
8,K,1.00833,0.33611,0.33611,2,547.8538835328571,535.3187975108856,534.5326326863066,534.750402372615,534.750402372615,535.5362475123605,535.5362475123605
8,K,1.00833,0.33611,0.33611,3,1004.7147471871428,997.0672418836967,998.1683276089199,998.1683276089199,998.1683276089199,997.0672418836966,997.0672418836966
8,K,1.00833,0.33611,0.33611,4,1224.4732963557144,1218.0370226237146,1218.8803243456937,1219.1900412328878,1219.1900412328878,1218.3469538872869,1218.3469538872869
8,K,1.00833,0.33611,0.33611,5,1231.3826226385713,1224.9897735766954,1225.4472902194834,1225.646509154736,1225.646509154736,1225.1890669053487,1225.1890669053487
8,K,1.00833,0.33611,0.33611,6,1291.3626589957141,1314.1181824822143,1311.154986315331,1267.1292147333104,1266.980808724863,1270.1951213185548,1270.0470735637757
9,K,1.01667,0.33889,0.33889,1,536.793026052,524.1474067559436,523.039232575584,523.3731460945902,523.3731460945902,524.4806147501297,524.4806147501297
9,K,1.01667,0.33889,0.33889,2,551.500839446,539.0109443760159,538.3258580000419,538.5347555880193,538.5347555880193,539.2195765566111,539.2195765566111
9,K,1.01667,0.33889,0.33889,3,1003.678309666,996.0668452750753,997.1585215079638,997.15771495357,997.15771495357,996.0660378367077,996.0660378367077
9,K,1.01667,0.33889,0.33889,4,1221.7531021599998,1215.2436827907832,1216.2953175137732,1216.6090671729362,1216.6090671729362,1215.5577038891972,1215.5577038891972
9,K,1.01667,0.33889,0.33889,5,1234.9467533680001,1228.5390390225687,1228.7993302798454,1229.0824308720464,1229.0824308720464,1228.8221995816311,1228.8221995816311
9,K,1.01667,0.33889,0.33889,6,1295.307775269,1314.4258461339666,1311.4856736167621,1270.2207377244963,1270.5014186535159,1273.256201802428,1273.5362137307197
