smearing_degauss_Ry,lattice_temperature_K,direction,distance,signed_distance,q1,q2,short_range_background_cm-1,full_EPC_response_Ry2,long_range_correction_cm-2,MLIP_plus_full_EPC_cm-1
0.0,,K,0.0,0.0,0.3333333333333333,0.3333333333333333,1380.070552374435,-7.521315993779705e-06,-260601.5558443251,1282.182972
0.0,,KG,0.0005,-0.0005,0.33316666666666667,0.33316666666666667,1380.0705574726148,-7.456731374386654e-06,-259823.80987381318,1282.486231399371
0.0,,KG,0.001,-0.001,0.333,0.333,1380.0705728352552,-7.38747643365213e-06,-258989.82259324228,1282.8113514514077
0.0,,KG,0.0015,-0.0015,0.33283333333333337,0.33283333333333337,1380.0705985660052,-7.317242709463545e-06,-258144.04852977238,1283.1409932258262
0.0,,KG,0.002,-0.002,0.33266666666666667,0.33266666666666667,1380.0706347705172,-7.248040496517137e-06,-257310.69621190813,1283.4657224655398
0.0,,KG,0.0025,-0.0025,0.3325,0.3325,1380.0706815564383,-7.178220258715757e-06,-256469.9014666495,1283.793279552827
0.0,,KG,0.003,-0.003,0.3323333333333333,0.3323333333333333,1380.0707390334194,-7.109713017010743e-06,-255644.91818599094,1284.114608027748
0.0,,KG,0.0035,-0.0035,0.33216666666666667,0.33216666666666667,1380.0708073131073,-7.04152316965961e-06,-254823.7570565213,1284.4343798502632
0.0,,KG,0.004,-0.004,0.332,0.332,1380.070886509147,-6.974502816916783e-06,-254016.6793067741,1284.7486028337873
0.0,,KG,0.0045000000000000005,-0.0045000000000000005,0.33183333333333337,0.33183333333333337,1380.0709767371786,-6.906221867170558e-06,-253194.42109689506,1285.0686673230405
0.0,,KG,0.005,-0.005,0.33166666666666667,0.33166666666666667,1380.07107811484,-6.839385929055529e-06,-252389.56411944662,1285.381895208428
0.0,,KG,0.0055,-0.0055,0.3315,0.3315,1380.07119076176,-6.77295368456019e-06,-251589.56853297615,1285.6931683094556
0.0,,KG,0.006,-0.006,0.3313333333333333,0.3313333333333333,1380.071314799563,-6.707890039215085e-06,-250806.05399856338,1285.9979704237603
0.0,,KG,0.006500000000000001,-0.006500000000000001,0.33116666666666666,0.33116666666666666,1380.0714503518636,-6.64119537421615e-06,-250002.8982713169,1286.3103473909318
0.0,,KG,0.007,-0.007,0.331,0.331,1380.071597544267,-6.576069077556564e-06,-249218.62927232974,1286.61532132804
0.0,,KG,0.0075,-0.0075,0.33083333333333337,0.33083333333333337,1380.0717565043672,-6.51136694042094e-06,-248439.46812043857,1286.9182510869177
0.0,,KG,0.008,-0.008,0.33066666666666666,0.33066666666666666,1380.0719273617449,-6.4481821304212885e-06,-247678.57904442307,1287.214024802223
0.0,,KG,0.0085,-0.0085,0.3305,0.3305,1380.0721102479674,-6.383082835672519e-06,-246894.6352099647,1287.518696669805
0.0,,KG,0.009000000000000001,-0.009000000000000001,0.3303333333333333,0.3303333333333333,1380.0723052965848,-6.31966237420012e-06,-246130.90835329652,1287.8154601857104
0.0,,KG,0.0095,-0.0095,0.33016666666666666,0.33016666666666666,1380.0725126431305,-6.256659862218613e-06,-245372.214560777,1288.1102148466748
0.0,,KG,0.01,-0.01,0.33,0.33,1380.072732425116,-6.195281228610707e-06,-244633.07596380613,1288.397326456214
0.0,,KG,0.0105,-0.0105,0.32983333333333337,0.32983333333333337,1380.0729647820333,-6.131806998755966e-06,-243868.70161330584,1288.6941788139518
0.0,,KG,0.011,-0.011,0.32966666666666666,0.32966666666666666,1380.0732098553492,-6.070074345527167e-06,-243125.2998134824,1288.9828411375242
0.0,,KG,0.0115,-0.0115,0.3295,0.3295,1380.0734677885052,-6.00876034992415e-06,-242386.93960536498,1289.269497385409
0.0,,KG,0.012,-0.012,0.3293333333333333,0.3293333333333333,1380.0737387269146,-5.949133277326006e-06,-241668.89379380114,1289.5482272989573
0.0,,KG,0.0125,-0.0125,0.32916666666666666,0.32916666666666666,1380.0740228179593,-5.887290425232707e-06,-240924.16494856612,1289.837254659819
0.0,,KG,0.013000000000000001,-0.013000000000000001,0.329,0.329,1380.0743202109907,-5.827211977415812e-06,-240200.68355093128,1290.1179968339704
0.0,,KG,0.0135,-0.0135,0.32883333333333337,0.32883333333333337,1380.074631057321,-5.767566622885539e-06,-239482.41758325003,1290.3966714560104
0.0,,KG,0.014,-0.014,0.32866666666666666,0.32866666666666666,1380.0749555102302,-5.709654016428813e-06,-238785.01785035932,1290.6672169758572
0.0,,KG,0.0145,-0.0145,0.3285,0.3285,1380.075293724952,-5.649426669306082e-06,-238059.74336582213,1290.9485167829855
0.0,,KG,0.015,-0.015,0.3283333333333333,0.3283333333333333,1380.075645858681,-5.5909955802358216e-06,-237356.0999209262,1291.221394018597
0.0,,KG,0.0155,-0.0155,0.32816666666666666,0.32816666666666666,1380.0760120705636,-5.532992346951518e-06,-236657.6088345425,1291.4922339131767
0.0,,KG,0.016,-0.016,0.328,0.328,1380.0763925217,-5.476751189362357e-06,-235980.33715433493,1291.7548188574233
0.0,,KG,0.0165,-0.0165,0.32783333333333337,0.32783333333333337,1380.0767873751365,-5.4181255206816295e-06,-235274.3505275885,1292.0284782171364
0.0,,KG,0.017,-0.017,0.32766666666666666,0.32766666666666666,1380.0771967958651,-5.36132291846169e-06,-234590.31777480122,1292.293601060197
0.0,,KG,0.0175,-0.0175,0.3275,0.3275,1380.0776209508215,-5.304940742043698e-06,-233911.3479065898,1292.5567267794052
0.0,,KG,0.018000000000000002,-0.018000000000000002,0.3273333333333333,0.3273333333333333,1380.0780600088783,-5.250343996001281e-06,-233253.87868811947,1292.811499418902
0.0,,KG,0.0185,-0.0185,0.32716666666666666,0.32716666666666666,1380.0785141408446,-5.193303064981973e-06,-232566.97591356677,1293.0776192014287
0.0,,KG,0.019,-0.019,0.327,0.327,1380.0789835194637,-5.138100430942854e-06,-231902.21042312885,1293.3351423080512
0.0,,KG,0.0195,-0.0195,0.32683333333333336,0.32683333333333336,1380.0794683194047,-5.08331454097088e-06,-231242.46348079108,1293.5906908276588
0.0,,KG,0.02,-0.02,0.32666666666666666,0.32666666666666666,1380.0799687172641,-5.030319347249286e-06,-230604.28060132515,1293.83787216688
0.0,,KG,0.0205,-0.0205,0.3265,0.3265,1380.080484891561,-4.974858633093548e-06,-229936.40723825974,1294.0964946789193
0.0,,KG,0.021,-0.021,0.3263333333333333,0.3263333333333333,1380.0810170227319,-4.921261495421046e-06,-229290.97558212385,1294.3464134320357
0.0,,KG,0.021500000000000002,-0.021500000000000002,0.32616666666666666,0.32616666666666666,1380.0815652931267,-4.868003878948796e-06,-228649.63253482216,1294.5947220374044
0.0,,KG,0.022,-0.022,0.326,0.326,1380.0821298870073,-4.816580136451916e-06,-228030.3735085795,1294.8344727125855
0.0,,KG,0.0225,-0.0225,0.32583333333333336,0.32583333333333336,1380.0827109905422,-4.76266246361418e-06,-227381.08187872992,1295.0857914811183
0.0,,KG,0.023,-0.023,0.32566666666666666,0.32566666666666666,1380.0833087918027,-4.7105923144739735e-06,-226754.03864369448,1295.328491372762
0.0,,KG,0.0235,-0.0235,0.3255,0.3255,1380.0839234807581,-4.6589207392425415e-06,-226131.7951466526,1295.569311423897
0.0,,KG,0.024,-0.024,0.3253333333333333,0.3253333333333333,1380.0845552492738,-4.609042219373767e-06,-225531.14412156952,1295.80177323386
0.0,,KG,0.0245,-0.0245,0.32516666666666666,0.32516666666666666,1380.085204291103,-4.5566551043270645e-06,-224900.283894828,1296.04586616693
0.0,,KG,0.025,-0.025,0.325,0.325,1380.0858708018882,-4.506109652804503e-06,-224291.60149306088,1296.2813773613912
0.0,,KG,0.025500000000000002,-0.025500000000000002,0.32483333333333336,0.32483333333333336,1380.0865549791502,-4.455960540285708e-06,-223687.69191593886,1296.5150239462248
0.0,,KG,0.026000000000000002,-0.026000000000000002,0.32466666666666666,0.32466666666666666,1380.0872570222903,-4.4075902163451405e-06,-223105.2030061849,1296.7403880457816
0.0,,KG,0.0265,-0.0265,0.3245,0.3245,1380.0879771325795,-4.356711317694974e-06,-222492.50514125783,1296.9773781699653
0.0,,KG,0.027,-0.027,0.3243333333333333,0.3243333333333333,1380.0887155131586,-4.307666707406052e-06,-221901.89628753992,1297.2058303905437
0.0,,KG,0.0275,-0.0275,0.32416666666666666,0.32416666666666666,1380.0894723690317,-4.259002122374997e-06,-221315.8638037964,1297.432498413708
0.0,,KG,0.028,-0.028,0.324,0.324,1380.0902479070614,-4.212119393579425e-06,-220751.28892900381,1297.6508788727308
0.0,,KG,0.0285,-0.0285,0.32383333333333336,0.32383333333333336,1380.0910423359626,-4.162722676605749e-06,-220156.43990854296,1297.8809056409686
0.0,,KG,0.029,-0.029,0.32366666666666666,0.32366666666666666,1380.0918558663009,-4.115145782026571e-06,-219583.50569609163,1298.1024708906455
0.0,,KG,0.029500000000000002,-0.029500000000000002,0.3235,0.3235,1380.092688710485,-4.067953429025396e-06,-219015.20224039938,1298.322235499237
0.0,,KG,0.03,-0.03,0.3233333333333333,0.3233333333333333,1380.0935410827624,-4.022517634485861e-06,-218468.05175082112,1298.53383875336
0.0,,KM,0.0005,0.0005,0.33349999999999996,0.333,1380.0705574390659,-7.458273895236475e-06,-259842.38533940626,1282.4789893681564
0.0,,KM,0.001,0.001,0.3336666666666666,0.33266666666666667,1380.07057256686,-7.386566115578128e-06,-258978.86028951436,1282.8156239208759
0.0,,KM,0.0015,0.0015,0.33383333333333337,0.3323333333333333,1380.070597660173,-7.316185214763655e-06,-258131.3138841337,1283.1459545359496
0.0,,KM,0.002,0.002,0.334,0.332,1380.07063262336,-7.246528256271697e-06,-257292.48539378477,1283.4728145292586
0.0,,KM,0.0025,0.0025,0.33416666666666667,0.33166666666666667,1380.0706773627815,-7.177239072491e-06,-256458.08574891672,1283.7978769135154
0.0,,KM,0.003,0.003,0.3343333333333333,0.3313333333333333,1380.0707317867982,-7.107859162850103e-06,-255622.5935579773,1284.1232928253312
0.0,,KM,0.0035,0.0035,0.3345,0.331,1380.070795805774,-7.03894060411896e-06,-254792.65708315768,1284.4464739150576
0.0,,KM,0.004,0.004,0.33466666666666667,0.33066666666666666,1380.070869332077,-6.970572192782939e-06,-253969.3456364603,1284.7670056249635
0.0,,KM,0.0045000000000000005,0.0045000000000000005,0.3348333333333333,0.3303333333333333,1380.0709522800762,-6.9026098267740285e-06,-253150.92390065658,1285.0855650214812
0.0,,KM,0.005,0.005,0.33499999999999996,0.33,1380.0710445661437,-6.8347567570040835e-06,-252333.81834059628,1285.4035435260364
0.0,,KM,0.0055,0.0055,0.33516666666666667,0.32966666666666666,1380.0711461086544,-6.767317266720465e-06,-251521.69321987277,1285.7195164971954
0.0,,KM,0.006,0.006,0.3353333333333333,0.3293333333333333,1380.071256827983,-6.7003394772332966e-06,-250715.1280287021,1286.0332600263753
0.0,,KM,0.006500000000000001,0.006500000000000001,0.33549999999999996,0.329,1380.0713766465092,-6.633792206093484e-06,-249913.74725934945,1286.3449216208076
0.0,,KM,0.007,0.007,0.3356666666666666,0.32866666666666666,1380.0715054886093,-6.56740863321523e-06,-249114.33779004466,1286.655751345927
0.0,,KM,0.0075,0.0075,0.3358333333333334,0.3283333333333333,1380.0716432806637,-6.5014415482270926e-06,-248319.94378388504,1286.9645670349694
0.0,,KM,0.008,0.008,0.336,0.328,1380.0717899510503,-6.435873616747048e-06,-247530.35649541538,1287.2714511412426
0.0,,KM,0.0085,0.0085,0.33616666666666667,0.32766666666666666,1380.0719454301475,-6.370814775317776e-06,-246746.89981109474,1287.5758908710031
0.0,,KM,0.009000000000000001,0.009000000000000001,0.3363333333333333,0.3273333333333333,1380.0721096503316,-6.305837219748925e-06,-245964.42199373955,1287.8798879713036
0.0,,KM,0.0095,0.0095,0.3365,0.327,1380.0722825459761,-6.241332651006786e-06,-245187.6400154563,1288.1816118219529
0.0,,KM,0.01,0.01,0.33666666666666667,0.32666666666666666,1380.0724640534493,-6.177246033507077e-06,-244415.8911224141,1288.481321135912
0.0,,KM,0.0105,0.0105,0.3368333333333333,0.3263333333333333,1380.0726541111178,-6.1135461606610285e-06,-243648.79951618152,1288.779163048939
0.0,,KM,0.011,0.011,0.33699999999999997,0.326,1380.072852659341,-6.050045527337658e-06,-242884.1072077598,1289.0760146087316
0.0,,KM,0.0115,0.0115,0.33716666666666667,0.32566666666666666,1380.0730596404708,-5.986996929433896e-06,-242124.85843573173,1289.3706959248293
0.0,,KM,0.012,0.012,0.3373333333333333,0.3253333333333333,1380.0732749988506,-5.9242780798209485e-06,-241369.58058444102,1289.6637793555387
0.0,,KM,0.0125,0.0125,0.33749999999999997,0.325,1380.073498680816,-5.862082904839623e-06,-240620.608968883,1289.9543607400324
0.0,,KM,0.013000000000000001,0.013000000000000001,0.3376666666666666,0.32466666666666666,1380.07373063469,-5.800040024756877e-06,-239873.47133090073,1290.2441748200417
0.0,,KM,0.0135,0.0135,0.3378333333333334,0.3243333333333333,1380.0739708107833,-5.73843509239014e-06,-239131.60758126248,1290.53188931083
0.0,,KM,0.014,0.014,0.338,0.324,1380.0742191613926,-5.677155717071966e-06,-238393.66428025533,1290.8180298220475
0.0,,KM,0.0145,0.0145,0.33816666666666667,0.32366666666666666,1380.0744756407985,-5.616377234656499e-06,-237661.75287105772,1291.1017796611416
0.0,,KM,0.015,0.015,0.3383333333333333,0.3233333333333333,1380.0747402052639,-5.555804572842146e-06,-236932.3200108501,1291.3845161460533
0.0,,KM,0.0155,0.0155,0.3385,0.323,1380.0750128130326,-5.495641185592081e-06,-236207.8157489093,1291.6652914907881
0.0,,KM,0.016,0.016,0.33866666666666667,0.32266666666666666,1380.075293424327,-5.435780663419068e-06,-235486.95867256017,1291.9446028555876
0.0,,KM,0.0165,0.0165,0.3388333333333333,0.3223333333333333,1380.0755820013458,-5.376518333052921e-06,-234773.30518851755,1292.221075067202
0.0,,KM,0.017,0.017,0.33899999999999997,0.322,1380.0758785082626,-5.3173152543081425e-06,-234060.36522899824,1292.4972205816748
0.0,,KM,0.0175,0.0175,0.33916666666666667,0.32166666666666666,1380.0761829112234,-5.2586077819136285e-06,-233353.39349915186,1292.771007232008
0.0,,KM,0.018000000000000002,0.018000000000000002,0.3393333333333333,0.3213333333333333,1380.076495178344,-5.200149396015676e-06,-232649.42133825604,1293.0435844183621
0.0,,KM,0.0185,0.0185,0.33949999999999997,0.321,1380.0768152797089,-5.142275995457769e-06,-231952.4937337159,1293.313389066574
0.0,,KM,0.019,0.019,0.3396666666666666,0.32066666666666666,1380.0771431873666,-5.0847125345154345e-06,-231259.29850833013,1293.5817031173071
0.0,,KM,0.0195,0.0195,0.3398333333333334,0.3203333333333333,1380.0774788753304,-5.0272920631958355e-06,-230567.8252037972,1293.8493043995081
0.0,,KM,0.02,0.02,0.34,0.32,1380.077822319574,-4.970258855439167e-06,-229881.01543492381,1294.1150567949564
0.0,,KM,0.0205,0.0205,0.3401666666666667,0.31966666666666665,1380.0781734980276,-4.913849830885847e-06,-229201.72225399077,1294.3778593253444
0.0,,KM,0.021,0.021,0.3403333333333333,0.3193333333333333,1380.0785323905777,-4.857573995590817e-06,-228524.03297519305,1294.6399972927368
0.0,,KM,0.021500000000000002,0.021500000000000002,0.3405,0.319,1380.0788989790638,-4.801738417807864e-06,-227851.64539994678,1294.9000432494076
0.0,,KM,0.022,0.022,0.3406666666666667,0.31866666666666665,1380.0792732472742,-4.746095133899988e-06,-227181.57348108903,1295.1591512110144
0.0,,KM,0.0225,0.0225,0.3408333333333333,0.3183333333333333,1380.0796551809437,-4.691219069229065e-06,-226520.74062991713,1295.414649451841
0.0,,KM,0.023,0.023,0.34099999999999997,0.318,1380.0800447677518,-4.636199362195641e-06,-225858.17799741833,1295.6707729854609
0.0,,KM,0.0235,0.0235,0.3411666666666667,0.31766666666666665,1380.0804419973192,-4.58179031542209e-06,-225202.9691058091,1295.92401678405
0.0,,KM,0.024,0.024,0.3413333333333333,0.3173333333333333,1380.0808468612024,-4.527614673690814e-06,-224550.57094271132,1296.1761349949406
0.0,,KM,0.0245,0.0245,0.34149999999999997,0.317,1380.081259352894,-4.473978421508502e-06,-223904.66825875675,1296.4257071495895
0.0,,KM,0.025,0.025,0.3416666666666666,0.31666666666666665,1380.0816794678167,-4.420510597902279e-06,-223260.7938386149,1296.6744572806601
0.0,,KM,0.025500000000000002,0.025500000000000002,0.3418333333333334,0.3163333333333333,1380.082107203321,-4.3675219501067544e-06,-222622.68978701346,1296.9209431710728
0.0,,KM,0.026000000000000002,0.026000000000000002,0.342,0.316,1380.0825425586831,-4.314706176546569e-06,-221986.66753509128,1297.1665878907565
0.0,,KM,0.0265,0.0265,0.3421666666666667,0.31566666666666665,1380.0829855350983,-4.262520795805619e-06,-221358.23664903315,1297.4092686251463
0.0,,KM,0.027,0.027,0.3423333333333333,0.3153333333333333,1380.08343613568,-4.210487567805423e-06,-220731.63802864653,1297.6512060902262
0.0,,KM,0.0275,0.0275,0.3425,0.315,1380.0838943654553,-4.158945885814952e-06,-220110.95874218148,1297.8908262040916
0.0,,KM,0.028,0.028,0.3426666666666667,0.31466666666666665,1380.0843602313616,-4.107413305091716e-06,-219490.38905571075,1298.130367990633
0.0,,KM,0.0285,0.0285,0.3428333333333333,0.3143333333333333,1380.0848337422412,-4.056638572916091e-06,-218878.94559247553,1298.3663592117882
0.0,,KM,0.029,0.029,0.34299999999999997,0.314,1380.0853149088398,-4.005963575213682e-06,-218268.70315953816,1298.6018532512162
0.0,,KM,0.029500000000000002,0.029500000000000002,0.3431666666666667,0.31366666666666665,1380.085803743801,-3.955777066981687e-06,-217664.3432528249,1298.8350482037158
0.0,,KM,0.03,0.03,0.3433333333333333,0.3133333333333333,1380.0863002616625,-3.9057553184153645e-06,-217061.9674278834,1299.0674458018107
0.0019000869,300,K,0.0,0.0,0.3333333333333333,0.3333333333333333,1319.9802395490622,-6.763138838637188e-06,-79960.64117405585,1289.3359498695224
0.0019000869,300,KG,0.0005,-0.0005,0.33316666666666667,0.33316666666666667,1319.9804075129953,-6.759524898652059e-06,-79917.12110244254,1289.3529986453402
0.0019000869,300,KG,0.001,-0.001,0.333,0.333,1319.9809114184661,-6.751253031171315e-06,-79817.50897091311,1289.3921426541312
0.0019000869,300,KG,0.0015,-0.0015,0.33283333333333337,0.33283333333333337,1319.981751283294,-6.740138248081057e-06,-79683.66165799559,1289.444904624822
0.0019000869,300,KG,0.002,-0.002,0.33266666666666667,0.33266666666666667,1319.9829271217168,-6.728163777232341e-06,-79539.46174570806,1289.5020225447913
0.0019000869,300,KG,0.0025,-0.0025,0.3325,0.3325,1319.984438944398,-6.710864589152671e-06,-79331.1401058419,1289.5843434802996
0.0019000869,300,KG,0.003,-0.003,0.3323333333333333,0.3323333333333333,1319.9862867584357,-6.693192660324916e-06,-79118.32981809652,1289.6687432872934
0.0019000869,300,KG,0.0035,-0.0035,0.33216666666666667,0.33216666666666667,1319.9884705673658,-6.673024155277098e-06,-78875.45506433006,1289.765136513793
0.0019000869,300,KG,0.004,-0.004,0.332,0.332,1319.990990371171,-6.6470275541913344e-06,-78562.39675522382,1289.8890719382969
0.0019000869,300,KG,0.0045000000000000005,-0.0045000000000000005,0.33183333333333337,0.33183333333333337,1319.99384616629,-6.623559756145587e-06,-78279.79099647822,1290.0015360147434
0.0019000869,300,KG,0.005,-0.005,0.33166666666666667,0.33166666666666667,1319.9970379456208,-6.594025367006968e-06,-77924.12965853185,1290.1426473559738
0.0019000869,300,KG,0.0055,-0.0055,0.3315,0.3315,1320.0005656985304,-6.561789156425031e-06,-77535.93223443469,1290.2966950318075
0.0019000869,300,KG,0.006,-0.006,0.3313333333333333,0.3313333333333333,1320.0044294108618,-6.531490895168684e-06,-77171.07213574414,1290.4420256363906
0.0019000869,300,KG,0.006500000000000001,-0.006500000000000001,0.33116666666666666,0.33116666666666666,1320.0086290649413,-6.4931156463765925e-06,-76708.94670408677,1290.6253655115488
0.0019000869,300,KG,0.007,-0.007,0.331,0.331,1320.0131646395857,-6.45708531872936e-06,-76275.05946580607,1290.7980846577082
0.0019000869,300,KG,0.0075,-0.0075,0.33083333333333337,0.33083333333333337,1320.018036110111,-6.41891977526251e-06,-75815.45936406833,1290.9810828559519
0.0019000869,300,KG,0.008,-0.008,0.33066666666666666,0.33066666666666666,1320.023243448339,-6.3744216957158326e-06,-75279.60109954367,1291.1939289449624
0.0019000869,300,KG,0.0085,-0.0085,0.3305,0.3305,1320.0287866226047,-6.3347995020185974e-06,-74802.459610123,1291.384349410439
0.0019000869,300,KG,0.009000000000000001,-0.009000000000000001,0.3303333333333333,0.3303333333333333,1320.0346655977673,-6.289119255968113e-06,-74252.36536738164,1291.603326494798
0.0019000869,300,KG,0.0095,-0.0095,0.33016666666666666,0.33016666666666666,1320.0408803352136,-6.241814710119951e-06,-73682.71085418556,1291.8301803650434
0.0019000869,300,KG,0.01,-0.01,0.33,0.33,1320.0474307928703,-6.19739642717693e-06,-73147.8135225817,1292.0438870333608
0.0019000869,300,KG,0.0105,-0.0105,0.32983333333333337,0.32983333333333337,1320.0543169252087,-6.146109105776246e-06,-72530.19731716636,1292.289906451224
0.0019000869,300,KG,0.011,-0.011,0.32966666666666666,0.32966666666666666,1320.0615386832555,-6.097776405563449e-06,-71948.16148281864,1292.5224579975334
0.0019000869,300,KG,0.0115,-0.0115,0.3295,0.3295,1320.0690960145998,-6.048112014587173e-06,-71350.08905748381,1292.7615128844604
0.0019000869,300,KG,0.012,-0.012,0.3293333333333333,0.3293333333333333,1320.0769888634009,-5.994076608527306e-06,-70699.37965139018,1293.0212205819644
0.0019000869,300,KG,0.0125,-0.0125,0.32916666666666666,0.32916666666666666,1320.0852171703996,-5.944244143415413e-06,-70099.28323051352,1293.261650773465
0.0019000869,300,KG,0.013000000000000001,-0.013000000000000001,0.329,0.329,1320.093780872922,-5.890430941886568e-06,-69451.24967325594,1293.5209084611313
0.0019000869,300,KG,0.0135,-0.0135,0.32883333333333337,0.32883333333333337,1320.1026799048936,-5.836036647842458e-06,-68796.21843812258,1293.7831607552941
0.0019000869,300,KG,0.014,-0.014,0.32866666666666666,0.32866666666666666,1320.111914196844,-5.7837718390009584e-06,-68166.83105676061,1294.0357935342033
0.0019000869,300,KG,0.0145,-0.0145,0.3285,0.3285,1320.1214836759173,-5.727732809343844e-06,-67491.99345739394,1294.306276816006
0.0019000869,300,KG,0.015,-0.015,0.3283333333333333,0.3283333333333333,1320.13138826588,-5.673676848710297e-06,-66841.03652740053,1294.567821999836
0.0019000869,300,KG,0.0155,-0.0155,0.32816666666666666,0.32816666666666666,1320.1416278871318,-5.6190989422098066e-06,-66183.79417994,1294.8320831291394
0.0019000869,300,KG,0.016,-0.016,0.328,0.328,1320.1522024567123,-5.562734366110439e-06,-65505.0362596663,1295.1049383704944
0.0019000869,300,KG,0.0165,-0.0165,0.32783333333333337,0.32783333333333337,1320.1631118883124,-5.508513846642905e-06,-64852.09766637215,1295.3681115128088
0.0019000869,300,KG,0.017,-0.017,0.32766666666666666,0.32766666666666666,1320.1743560922798,-5.452798279396611e-06,-64181.15529142563,1295.638520264136
0.0019000869,300,KG,0.0175,-0.0175,0.3275,0.3275,1320.185934975634,-5.397189078651413e-06,-63511.49381150336,1295.908719430495
0.0019000869,300,KG,0.018000000000000002,-0.018000000000000002,0.3273333333333333,0.3273333333333333,1320.19784844207,-5.342455460249494e-06,-62852.37633796739,1296.175135810398
0.0019000869,300,KG,0.0185,-0.0185,0.32716666666666666,0.32716666666666666,1320.2100963919709,-5.2870484818934135e-06,-62185.15007636433,1296.444965487904
0.0019000869,300,KG,0.019,-0.019,0.327,0.327,1320.2226787224154,-5.2323892356646685e-06,-61526.92821324688,1296.711607567289
0.0019000869,300,KG,0.0195,-0.0195,0.32683333333333336,0.32683333333333336,1320.2355953271892,-5.177957288277698e-06,-60871.44354607414,1296.9774799983475
0.0019000869,300,KG,0.02,-0.02,0.32666666666666666,0.32666666666666666,1320.2488460967945,-5.123965232738447e-06,-60221.25617902081,1297.2415964040379
0.0019000869,300,KG,0.0205,-0.0205,0.3265,0.3265,1320.2624309184573,-5.069931998022312e-06,-59570.572920852996,1297.506190187107
0.0019000869,300,KG,0.021,-0.021,0.3263333333333333,0.3263333333333333,1320.2763496761402,-5.0157650079460385e-06,-58918.2789433938,1297.7716904643744
0.0019000869,300,KG,0.021500000000000002,-0.021500000000000002,0.32616666666666666,0.32616666666666666,1320.2906022505497,-4.961121564824324e-06,-58260.24738569163,1298.0396862212756
0.0019000869,300,KG,0.022,-0.022,0.326,0.326,1320.3051885191471,-4.905705859611086e-06,-57592.916032844645,1298.3115476640173
0.0019000869,300,KG,0.0225,-0.0225,0.32583333333333336,0.32583333333333336,1320.32010835616,-4.851832765946616e-06,-56944.16123781273,1298.5765388654645
0.0019000869,300,KG,0.023,-0.023,0.32566666666666666,0.32566666666666666,1320.3353616325892,-4.797544009115634e-06,-56290.40091118704,1298.8437420514729
0.0019000869,300,KG,0.0235,-0.0235,0.3255,0.3255,1320.3509482162206,-4.743722434091469e-06,-55642.266517967204,1299.1090639116892
0.0019000869,300,KG,0.024,-0.024,0.3253333333333333,0.3253333333333333,1320.366867971637,-4.691711443179353e-06,-55015.935682787225,1299.3662802899123
0.0019000869,300,KG,0.0245,-0.0245,0.32516666666666666,0.32516666666666666,1320.383120760223,-4.638058891582704e-06,-54369.836716746606,1299.6313896146703
0.0019000869,300,KG,0.025,-0.025,0.325,0.325,1320.3997064401824,-4.5863153821431915e-06,-53746.72696794073,1299.8879404777085
0.0019000869,300,KG,0.025500000000000002,-0.025500000000000002,0.32483333333333336,0.32483333333333336,1320.4166248665422,-4.535130489490364e-06,-53130.34423802867,1300.142191833617
0.0019000869,300,KG,0.026000000000000002,-0.026000000000000002,0.32466666666666666,0.32466666666666666,1320.4338758911667,-4.4825052567282225e-06,-52496.6165314532,1300.4034005144388
0.0019000869,300,KG,0.0265,-0.0265,0.3245,0.3245,1320.451459362768,-4.432875666103311e-06,-51898.963181639774,1300.6510267368508
0.0019000869,300,KG,0.027,-0.027,0.3243333333333333,0.3243333333333333,1320.4693751269133,-4.3816950736933695e-06,-51282.632236449936,1300.906122059394
0.0019000869,300,KG,0.0275,-0.0275,0.32416666666666666,0.32416666666666666,1320.48762302604,-4.3309163496203706e-06,-50671.140701675016,1301.1596450333393
0.0019000869,300,KG,0.028,-0.028,0.324,0.324,1320.5062028994614,-4.282782178359593e-06,-50091.4956082485,1301.4012203343384
0.0019000869,300,KG,0.0285,-0.0285,0.32383333333333336,0.32383333333333336,1320.5251145833831,-4.2316927148192106e-06,-49476.26206228101,1301.656758205932
0.0019000869,300,KG,0.029,-0.029,0.32366666666666666,0.32366666666666666,1320.5443579109083,-4.183365551627732e-06,-48894.2929062858,1301.8998073216108
0.0019000869,300,KG,0.029500000000000002,-0.029500000000000002,0.3235,0.3235,1320.5639327120523,-4.13559232168438e-06,-48318.99436870894,1302.140586116266
0.0019000869,300,KG,0.03,-0.03,0.3233333333333333,0.3233333333333333,1320.583838813753,-4.08559290748656e-06,-47716.887500452096,1302.3919486220789
0.0019000869,300,KM,0.0005,0.0005,0.33349999999999996,0.333,1319.9804075052612,-6.759056588885263e-06,-79911.48158582851,1289.3551855915912
0.0019000869,300,KM,0.001,0.001,0.3336666666666666,0.33266666666666667,1319.9809113565914,-6.751086886296775e-06,-79815.50820807037,1289.3929184456176
0.0019000869,300,KM,0.0015,0.0015,0.33383333333333337,0.3323333333333333,1319.981751074453,-6.740601585250496e-06,-79689.24129320758,1289.4427408289102
0.0019000869,300,KM,0.002,0.002,0.334,0.332,1319.9829266266374,-6.726728567909079e-06,-79522.17855539899,1289.5087235185438
0.0019000869,300,KM,0.0025,0.0025,0.33416666666666667,0.33166666666666667,1319.9844379773242,-6.711606510928103e-06,-79340.07453445198,1289.5808784127735
0.0019000869,300,KM,0.003,0.003,0.3343333333333333,0.3313333333333333,1319.9862850870722,-6.692710294623697e-06,-79112.52103600629,1289.6709936189009
0.0019000869,300,KM,0.0035,0.0035,0.3345,0.331,1319.9884679128168,-6.671155454620498e-06,-78852.95165067799,1289.7738576092117
0.0019000869,300,KM,0.004,0.004,0.33466666666666667,0.33066666666666666,1319.9909864078593,-6.64870922376934e-06,-78582.64788854808,1289.8812179070774
0.0019000869,300,KM,0.0045000000000000005,0.0045000000000000005,0.3348333333333333,0.3303333333333333,1319.9938405218645,-6.621171575286783e-06,-78251.0318575804,1290.0126771307641
0.0019000869,300,KM,0.005,0.005,0.33499999999999996,0.33,1319.9970302008546,-6.5929432657845276e-06,-77911.09869429689,1290.1476896250208
0.0019000869,300,KM,0.0055,0.0055,0.33516666666666667,0.32966666666666666,1320.000555387202,-6.562344406924398e-06,-77542.61871555923,1290.2940934170638
0.0019000869,300,KM,0.006,0.006,0.3353333333333333,0.3293333333333333,1320.0044160196246,-6.527196708829558e-06,-77119.36034811933,1290.4620482459725
0.0019000869,300,KM,0.006500000000000001,0.006500000000000001,0.33549999999999996,0.329,1320.0086120331796,-6.492734528564661e-06,-76704.35717727208,1290.6271261152422
0.0019000869,300,KM,0.007,0.007,0.3356666666666666,0.32866666666666666,1320.013143359258,-6.4538487997051935e-06,-76236.08440249866,1290.8131600811523
0.0019000869,300,KM,0.0075,0.0075,0.3358333333333334,0.3283333333333333,1320.0180099255808,-6.413042542852503e-06,-75744.68409485403,1291.00846721973
0.0019000869,300,KM,0.008,0.008,0.336,0.328,1320.0232116561924,-6.372653429868997e-06,-75258.30714983713,1291.2021422539895
0.0019000869,300,KM,0.0085,0.0085,0.33616666666666667,0.32766666666666666,1320.0287484714552,-6.327104441572438e-06,-74709.79354951768,1291.4201884907943
0.0019000869,300,KM,0.009000000000000001,0.009000000000000001,0.3363333333333333,0.3273333333333333,1320.0346202880455,-6.282139021089858e-06,-74168.30743531037,1291.6358199290132
0.0019000869,300,KM,0.0095,0.0095,0.3365,0.327,1320.040827018947,-6.2357528593328575e-06,-73609.71235906686,1291.8583794819767
0.0019000869,300,KM,0.01,0.01,0.33666666666666667,0.32666666666666666,1320.0473685734482,-6.185718201499582e-06,-73007.18107713816,1292.098244794314
0.0019000869,300,KM,0.0105,0.0105,0.3368333333333333,0.3263333333333333,1320.0542448571368,-6.13723793765159e-06,-72423.36824040588,1292.3311654235304
0.0019000869,300,KM,0.011,0.011,0.33699999999999997,0.326,1320.0614557718927,-6.0854755971027425e-06,-71800.0317221378,1292.5796746400088
0.0019000869,300,KM,0.0115,0.0115,0.33716666666666667,0.32566666666666666,1320.069001215887,-6.032816145882533e-06,-71165.89194736206,1292.8326558467447
0.0019000869,300,KM,0.012,0.012,0.3373333333333333,0.3253333333333333,1320.0768810835757,-5.980977914564137e-06,-70541.6415313151,1293.0821050652685
0.0019000869,300,KM,0.0125,0.0125,0.33749999999999997,0.325,1320.0850952656956,-5.925774092058292e-06,-69876.8617290299,1293.3475159498357
0.0019000869,300,KM,0.013000000000000001,0.013000000000000001,0.3376666666666666,0.32466666666666666,1320.093643649259,-5.871453659774395e-06,-69222.71995778008,1293.6091017171289
0.0019000869,300,KM,0.0135,0.0135,0.3378333333333334,0.3243333333333333,1320.1025261175519,-5.816490669952343e-06,-68560.84032973372,1293.8739657061687
0.0019000869,300,KM,0.014,0.014,0.338,0.324,1320.1117425501284,-5.759580832378998e-06,-67875.51621896068,1294.148174128363
0.0019000869,300,KM,0.0145,0.0145,0.33816666666666667,0.32366666666666666,1320.121292822806,-5.703888521474241e-06,-67204.85390335477,1294.417001534205
0.0019000869,300,KM,0.015,0.015,0.3383333333333333,0.3233333333333333,1320.131176807664,-5.646556673679879e-06,-66514.44782799021,1294.6937383611605
0.0019000869,300,KM,0.0155,0.0155,0.3385,0.323,1320.1413943730372,-5.589013395461747e-06,-65821.49564858923,1294.9717392625207
0.0019000869,300,KM,0.016,0.016,0.33866666666666667,0.32266666666666666,1320.151945383515,-5.532191688988372e-06,-65137.23283706243,1295.2466661075864
0.0019000869,300,KM,0.0165,0.0165,0.3388333333333333,0.3223333333333333,1320.1628296999345,-5.474003994745382e-06,-64436.5204204505,1295.5282229657862
0.0019000869,300,KM,0.017,0.017,0.33899999999999997,0.322,1320.174047179382,-5.416431637595234e-06,-63743.21806445306,1295.8071989233335
0.0019000869,300,KM,0.0175,0.0175,0.33916666666666667,0.32166666666666666,1320.1855976751822,-5.358728783182574e-06,-63048.34422408308,1296.087060380164
0.0019000869,300,KM,0.018000000000000002,0.018000000000000002,0.3393333333333333,0.3213333333333333,1320.1974810369043,-5.3005459149113835e-06,-62347.68992316739,1296.3694299901629
0.0019000869,300,KM,0.0185,0.0185,0.33949999999999997,0.321,1320.2096971103506,-5.242899143683156e-06,-61653.49145212087,1296.6495875494206
0.0019000869,300,KM,0.019,0.019,0.3396666666666666,0.32066666666666666,1320.2222457375588,-5.18503553166316e-06,-60956.68172387993,1296.9310299381548
0.0019000869,300,KM,0.0195,0.0195,0.3398333333333334,0.3203333333333333,1320.2351267567956,-5.127283480564854e-06,-60261.21544332245,1297.2122318569193
0.0019000869,300,KM,0.02,0.02,0.34,0.32,1320.2483400025576,-5.069759558207896e-06,-59568.49635259142,1297.4926523595104
0.0019000869,300,KM,0.0205,0.0205,0.3401666666666667,0.31966666666666665,1320.2618853055646,-5.012586246594883e-06,-58879.999414067555,1297.7717235232615
0.0019000869,300,KM,0.021,0.021,0.3403333333333333,0.3193333333333333,1320.27576249276,-4.955358665123037e-06,-58190.84894279203,1298.0513241328506
0.0019000869,300,KM,0.021500000000000002,0.021500000000000002,0.3405,0.319,1320.2899713873069,-4.898246698214967e-06,-57503.09073428674,1298.330665821157
0.0019000869,300,KM,0.022,0.022,0.3406666666666667,0.31866666666666665,1320.304511808587,-4.841766431140735e-06,-56822.93963107922,1298.6073556972608
0.0019000869,300,KM,0.0225,0.0225,0.3408333333333333,0.3183333333333333,1320.3193835721963,-4.784982184850385e-06,-56139.1279255073,1298.885732738241
0.0019000869,300,KM,0.023,0.023,0.34099999999999997,0.318,1320.3345864899454,-4.729020889009548e-06,-55465.22641840142,1299.1605727788901
0.0019000869,300,KM,0.0235,0.0235,0.3411666666666667,0.31766666666666665,1320.3501203698545,-4.6732908343305e-06,-54794.109581755605,1299.4346196630802
0.0019000869,300,KM,0.024,0.024,0.3413333333333333,0.3173333333333333,1320.3659850161555,-4.617135052919599e-06,-54117.86602525994,1299.7109172282976
0.0019000869,300,KM,0.0245,0.0245,0.34149999999999997,0.317,1320.382180229286,-4.562443761109815e-06,-53459.25826033241,1299.980708936371
0.0019000869,300,KM,0.025,0.025,0.3416666666666666,0.31666666666666665,1320.3987058058897,-4.507344106448885e-06,-52795.73287624154,1300.2526713749244
0.0019000869,300,KM,0.025500000000000002,0.025500000000000002,0.3418333333333334,0.3163333333333333,1320.4155615388158,-4.452592206922065e-06,-52136.395256309086,1300.523302327781
0.0019000869,300,KM,0.026000000000000002,0.026000000000000002,0.342,0.316,1320.4327472171155,-4.399128941893729e-06,-51492.57573183153,1300.7882472529907
0.0019000869,300,KM,0.0265,0.0265,0.3421666666666667,0.31566666666666665,1320.4502626260414,-4.344550028576822e-06,-50835.321260007375,1301.0586361917647
0.0019000869,300,KM,0.027,0.027,0.3423333333333333,0.3153333333333333,1320.4681075470455,-4.2913379536954876e-06,-50194.52663722464,1301.3229792836407
0.0019000869,300,KM,0.0275,0.0275,0.3425,0.315,1320.4862817577805,-4.238475726545328e-06,-49557.94497823685,1301.585984609642
0.0019000869,300,KM,0.028,0.028,0.3426666666666667,0.31466666666666665,1320.5047850320957,-4.184761785638223e-06,-48911.106745025696,1301.8532100615782
0.0019000869,300,KM,0.0285,0.0285,0.3428333333333333,0.3143333333333333,1320.5236171400386,-4.133286772151851e-06,-48291.23029925105,1302.1103613462878
0.0019000869,300,KM,0.029,0.029,0.34299999999999997,0.314,1320.5427778478518,-4.080988725164448e-06,-47661.442654880855,1302.3716003780335
0.0019000869,300,KM,0.029500000000000002,0.029500000000000002,0.3431666666666667,0.31366666666666665,1320.5622669179731,-4.028945342657882e-06,-47034.721751100966,1302.6319430508509
0.0019000869,300,KM,0.03,0.03,0.3433333333333333,0.3133333333333333,1320.5820841090376,-3.9786283344980715e-06,-46428.79032791882,1302.8845883430545
0.00285013035,450,K,0.0,0.0,0.3333333333333333,0.3333333333333333,1308.652883105797,-6.435258190407339e-06,-76080.37329550202,1279.2544684954642
0.00285013035,450,KG,0.0005,-0.0005,0.33316666666666667,0.33316666666666667,1308.6530531627702,-6.432435076631142e-06,-76046.37657330457,1279.2679300986701
0.00285013035,450,KG,0.001,-0.001,0.333,0.333,1308.653563356551,-6.426322458331237e-06,-75972.76672166026,1279.297221979372
0.00285013035,450,KG,0.0015,-0.0015,0.33283333333333337,0.33283333333333337,1308.654413718637,-6.4183380680418846e-06,-75876.61647051845,1279.335670602032
0.00285013035,450,KG,0.002,-0.002,0.33266666666666667,0.33266666666666667,1308.6556042767986,-6.4098025223092565e-06,-75773.82905205786,1279.3770599604384
0.00285013035,450,KG,0.0025,-0.0025,0.3325,0.3325,1308.6571350550928,-6.397614058023979e-06,-75627.05217122017,1279.435987050303
0.00285013035,450,KG,0.003,-0.003,0.3323333333333333,0.3323333333333333,1308.6590060738636,-6.385171916684858e-06,-75477.22044066292,1279.4964531946032
0.00285013035,450,KG,0.0035,-0.0035,0.33216666666666667,0.33216666666666667,1308.661217349754,-6.3710030667496466e-06,-75306.5952043844,1279.565389728464
0.00285013035,450,KG,0.004,-0.004,0.332,0.332,1308.6637688957135,-6.3526962620775285e-06,-75086.13956493813,1279.6541409519195
0.00285013035,450,KG,0.0045000000000000005,-0.0045000000000000005,0.33183333333333337,0.33183333333333337,1308.6666607210025,-6.336205552566299e-06,-74887.55384911642,1279.7346893139777
0.00285013035,450,KG,0.005,-0.005,0.33166666666666667,0.33166666666666667,1308.6698928312032,-6.31530028446791e-06,-74635.80678954108,1279.8363495436797
0.00285013035,450,KG,0.0055,-0.0055,0.3315,0.3315,1308.6734652282255,-6.292349274158923e-06,-74359.42433262266,1279.947973262909
0.00285013035,450,KG,0.006,-0.006,0.3313333333333333,0.3313333333333333,1308.677377910315,-6.270889140142564e-06,-74100.99542315902,1280.052922355579
0.00285013035,450,KG,0.006500000000000001,-0.006500000000000001,0.33116666666666666,0.33116666666666666,1308.6816308720631,-6.24316860550916e-06,-73767.17702623764,1280.1876557582193
0.00285013035,450,KG,0.007,-0.007,0.331,0.331,1308.686224104412,-6.217275115948771e-06,-73455.36041483171,1280.3141304952594
0.00285013035,450,KG,0.0075,-0.0075,0.33083333333333337,0.33083333333333337,1308.6911575946647,-6.189706334394649e-06,-73123.36947074711,1280.4488183819437
0.00285013035,450,KG,0.008,-0.008,0.33066666666666666,0.33066666666666666,1308.6964313264923,-6.156804073223341e-06,-72727.151279989,1280.6089169167562
0.00285013035,450,KG,0.0085,-0.0085,0.3305,0.3305,1308.7020452799438,-6.128066982593379e-06,-72381.09123269403,1280.7497616971139
0.00285013035,450,KG,0.009000000000000001,-0.009000000000000001,0.3303333333333333,0.3303333333333333,1308.7079994314533,-6.094018203178168e-06,-71971.06634999138,1280.915907242113
0.00285013035,450,KG,0.0095,-0.0095,0.33016666666666666,0.33016666666666666,1308.7142937538483,-6.058392921964394e-06,-71542.0567936488,1281.0897883762814
0.00285013035,450,KG,0.01,-0.01,0.33,0.33,1308.7209282163594,-6.025521309184383e-06,-71146.20767935282,1281.2510527886939
0.00285013035,450,KG,0.0105,-0.0105,0.32983333333333337,0.32983333333333337,1308.7279027846284,-5.985878450575631e-06,-70668.81733731348,1281.4444608291608
0.00285013035,450,KG,0.011,-0.011,0.32966666666666666,0.32966666666666666,1308.7352174207163,-5.949134505067841e-06,-70226.33651404693,1281.6245678057214
0.00285013035,450,KG,0.0115,-0.0115,0.3295,0.3295,1308.7428720831147,-5.911034347159177e-06,-69767.52380340766,1281.8113673333344
0.00285013035,450,KG,0.012,-0.012,0.3293333333333333,0.3293333333333333,1308.7508667267502,-5.867945131868256e-06,-69248.63147455327,1282.0219185659296
0.00285013035,450,KG,0.0125,-0.0125,0.32916666666666666,0.32916666666666666,1308.759201302999,-5.829628110400709e-06,-68787.20723255163,1282.210372662268
0.00285013035,450,KG,0.013000000000000001,-0.013000000000000001,0.329,0.329,1308.7678757596923,-5.786472231868846e-06,-68267.51212638723,1282.4218652589132
0.00285013035,450,KG,0.0135,-0.0135,0.32883333333333337,0.32883333333333337,1308.7768900411263,-5.74234045747817e-06,-67736.0650105499,1282.638250987071
0.00285013035,450,KG,0.014,-0.014,0.32866666666666666,0.32866666666666666,1308.7862440880715,-5.701046055959435e-06,-67238.78632891145,1282.8416295027416
0.00285013035,450,KG,0.0145,-0.0145,0.3285,0.3285,1308.7959378377827,-5.654141802144695e-06,-66673.95224384432,1283.0716482943722
0.00285013035,450,KG,0.015,-0.015,0.3283333333333333,0.3283333333333333,1308.8059712240085,-5.610037605674365e-06,-66142.83722900295,1283.288834628673
0.00285013035,450,KG,0.0155,-0.0155,0.32816666666666666,0.32816666666666666,1308.816344176999,-5.565045923176206e-06,-65601.03486029127,1283.5104938895333
0.00285013035,450,KG,0.016,-0.016,0.328,0.328,1308.8270566235176,-5.516407634165581e-06,-65015.31904054804,1283.7495647941746
0.00285013035,450,KG,0.0165,-0.0165,0.32783333333333337,0.32783333333333337,1308.8381084868508,-5.471740636844092e-06,-64477.4266211434,1283.9703141452665
0.00285013035,450,KG,0.017,-0.017,0.32766666666666666,0.32766666666666666,1308.849499686815,-5.423612607249056e-06,-63897.85548736593,1284.20759900534
0.00285013035,450,KG,0.0175,-0.0175,0.3275,0.3275,1308.86123013977,-5.3750688094915614e-06,-63313.27755760423,1284.447134842609
0.00285013035,450,KG,0.018000000000000002,-0.018000000000000002,0.3273333333333333,0.3273333333333333,1308.8732997586264,-5.328750720962332e-06,-62755.50223812468,1284.6765400609254
0.00285013035,450,KG,0.0185,-0.0185,0.32716666666666666,0.32716666666666666,1308.8857084528577,-5.278910661272906e-06,-62155.31436123066,1284.9227538770215
0.00285013035,450,KG,0.019,-0.019,0.327,0.327,1308.8984561285076,-5.231233416871033e-06,-61581.17170827174,1285.1591328498268
0.00285013035,450,KG,0.0195,-0.0195,0.32683333333333336,0.32683333333333336,1308.9115426882045,-5.1833193208455055e-06,-61004.176822108726,1285.396923039847
0.00285013035,450,KG,0.02,-0.02,0.32666666666666666,0.32666666666666666,1308.9249680311655,-5.1335577154974365e-06,-60404.933714239145,1285.643666892638
0.00285013035,450,KG,0.0205,-0.0205,0.3265,0.3265,1308.9387320532128,-5.0861716374486615e-06,-59834.297367580366,1285.879584915124
0.00285013035,450,KG,0.021,-0.021,0.3263333333333333,0.3263333333333333,1308.9528346467803,-5.036370602211953e-06,-59234.57943401243,1286.1271103183499
0.00285013035,450,KG,0.021500000000000002,-0.021500000000000002,0.32616666666666666,0.32616666666666666,1308.967275700927,-4.985644007761825e-06,-58623.71565867176,1286.37926491266
0.00285013035,450,KG,0.022,-0.022,0.326,0.326,1308.9820551013438,-4.935716783883651e-06,-58022.47812634568,1286.627973600369
0.00285013035,450,KG,0.0225,-0.0225,0.32583333333333336,0.32583333333333336,1308.997172730367,-4.884392547185029e-06,-57404.41737663337,1286.8835148681721
0.00285013035,450,KG,0.023,-0.023,0.32566666666666666,0.32566666666666666,1309.0126284669882,-4.834235777285461e-06,-56800.415587199896,1287.1338881013326
0.00285013035,450,KG,0.0235,-0.0235,0.3255,0.3255,1309.0284221868646,-4.784138141451578e-06,-56197.125906651476,1287.384279920483
0.00285013035,450,KG,0.024,-0.024,0.3253333333333333,0.3253333333333333,1309.0445537623311,-4.733718075877202e-06,-55589.9534373865,1287.6364744357913
0.00285013035,450,KG,0.0245,-0.0245,0.32516666666666666,0.32516666666666666,1309.0610230624088,-4.6840583276633495e-06,-54991.936921489585,1287.885408403912
0.00285013035,450,KG,0.025,-0.025,0.325,0.325,1309.0778299528188,-4.634233396005996e-06,-54391.931220570215,1288.1354096729935
0.00285013035,450,KG,0.025500000000000002,-0.025500000000000002,0.32483333333333336,0.32483333333333336,1309.0949742959901,-4.584651092596217e-06,-53794.8473165687,1288.3845716285375
0.00285013035,450,KG,0.026000000000000002,-0.026000000000000002,0.32466666666666666,0.32466666666666666,1309.1124559510747,-4.535106491672854e-06,-53198.217436406965,1288.6338521433647
0.00285013035,450,KG,0.0265,-0.0265,0.3245,0.3245,1309.1302747739546,-4.4860278048342855e-06,-52607.198223389496,1288.8812505837536
0.00285013035,450,KG,0.027,-0.027,0.3243333333333333,0.3243333333333333,1309.1484306172551,-4.4368537718617204e-06,-52015.03082567705,1289.1293893794932
0.00285013035,450,KG,0.0275,-0.0275,0.32416666666666666,0.32416666666666666,1309.1669233303562,-4.3877805040194175e-06,-51424.07686972154,1289.3773521636515
0.00285013035,450,KG,0.028,-0.028,0.324,0.324,1309.1857527594034,-4.3396195363875375e-06,-50844.10908693269,1289.6213499090627
0.00285013035,450,KG,0.0285,-0.0285,0.32383333333333336,0.32383333333333336,1309.2049187473206,-4.290566996732407e-06,-50253.404745578955,1289.8698052619882
0.00285013035,450,KG,0.029,-0.029,0.32366666666666666,0.32366666666666666,1309.224421133817,-4.242614003849357e-06,-49675.94145262671,1290.1134227038146
0.00285013035,450,KG,0.029500000000000002,-0.029500000000000002,0.3235,0.3235,1309.2442597554052,-4.195019029447883e-06,-49102.789517920915,1290.3556649949494
0.00285013035,450,KG,0.03,-0.03,0.3233333333333333,0.3233333333333333,1309.2644344454081,-4.14643365720466e-06,-48517.71093662553,1290.6028236320533
0.00285013035,450,KM,0.0005,0.0005,0.33349999999999996,0.333,1308.653053150405,-6.432094097399143e-06,-76042.27040644617,1279.269534974327
0.00285013035,450,KM,0.001,0.001,0.3336666666666666,0.33266666666666667,1308.6535632576279,-6.426152486390593e-06,-75970.7198722218,1279.2980218677212
0.00285013035,450,KM,0.0015,0.0015,0.33383333333333337,0.3323333333333333,1308.6544133847547,-6.4185742583072e-06,-75879.46073946128,1279.3345586405203
0.00285013035,450,KM,0.002,0.002,0.334,0.332,1308.6556034853222,-6.408726523480735e-06,-75760.87157454972,1279.3821231199784
0.00285013035,450,KM,0.0025,0.0025,0.33416666666666667,0.33166666666666667,1308.6571335091087,-6.3980508157548315e-06,-75632.31172943157,1279.4339300467395
0.00285013035,450,KM,0.003,0.003,0.3343333333333333,0.3313333333333333,1308.6590034021285,-6.384778961139043e-06,-75472.48836056057,1279.4982996568974
0.00285013035,450,KM,0.0035,0.0035,0.3345,0.331,1308.6612131066206,-6.369656528136681e-06,-75290.37981145932,1279.5717216624603
0.00285013035,450,KM,0.004,0.004,0.33466666666666667,0.33066666666666666,1308.663762561049,-6.353936277816853e-06,-75101.07217975716,1279.6482998311233
0.00285013035,450,KM,0.0045000000000000005,0.0045000000000000005,0.3348333333333333,0.3303333333333333,1308.6666517000926,-6.334571899060277e-06,-74867.8809387012,1279.7423663899037
0.00285013035,450,KM,0.005,0.005,0.33499999999999996,0.33,1308.6698804546388,-6.314692146485523e-06,-74628.48342261933,1279.8391979411083
0.00285013035,450,KM,0.0055,0.0055,0.33516666666666667,0.32966666666666666,1308.6734487517776,-6.2930471327356236e-06,-74367.82813992408,1279.9446735417698
0.00285013035,450,KM,0.006,0.006,0.3353333333333333,0.3293333333333333,1308.677356514798,-6.267934294628531e-06,-74065.41235069347,1280.066799469413
0.00285013035,450,KM,0.006500000000000001,0.006500000000000001,0.33549999999999996,0.329,1308.681603663179,-6.243341146403693e-06,-73769.25481173415,1280.186816427468
0.00285013035,450,KM,0.007,0.007,0.3356666666666666,0.32866666666666666,1308.6861901125865,-6.2152601550458076e-06,-73431.0956945663,1280.3235717961418
0.00285013035,450,KM,0.0075,0.0075,0.3358333333333334,0.3283333333333333,1308.6911157748646,-6.185588973591535e-06,-73073.78706546458,1280.4681368322272
0.00285013035,450,KM,0.008,0.008,0.336,0.328,1308.696380558033,-6.1562881682001294e-06,-72720.93860804419,1280.6112907036436
0.00285013035,450,KM,0.0085,0.0085,0.33616666666666667,0.32766666666666666,1308.7019843662792,-6.122564984796075e-06,-72314.8346431711,1280.7755655231192
0.00285013035,450,KM,0.009000000000000001,0.009000000000000001,0.3363333333333333,0.3273333333333333,1308.7079270999561,-6.089306877982155e-06,-71914.33126009836,1280.9379794487186
0.00285013035,450,KM,0.0095,0.0095,0.3365,0.327,1308.7142086555734,-6.054777293845497e-06,-71498.51639305857,1281.1066948322164
0.00285013035,450,KM,0.01,0.01,0.33666666666666667,0.32666666666666666,1308.7208289257942,-6.016748364316997e-06,-71040.561434407,1281.2921784783557
0.00285013035,450,KM,0.0105,0.0105,0.3368333333333333,0.3263333333333333,1308.7277877994302,-5.980210334603576e-06,-70600.56030647409,1281.4709759693803
0.00285013035,450,KM,0.011,0.011,0.33699999999999997,0.326,1308.735085161436,-5.940322308583072e-06,-70120.21759019482,1281.6658322442383
0.00285013035,450,KM,0.0115,0.0115,0.33716666666666667,0.32566666666666666,1308.742720892906,-5.89937219923758e-06,-69627.08497077574,1281.8659931987395
0.00285013035,450,KM,0.012,0.012,0.3373333333333333,0.3253333333333333,1308.7506948710668,-5.859315004755862e-06,-69144.70508078106,1282.0622747139544
0.00285013035,450,KM,0.0125,0.0125,0.33749999999999997,0.325,1308.7590069692749,-5.815272170571086e-06,-68614.32900766884,1282.2775866853221
0.00285013035,450,KM,0.013000000000000001,0.013000000000000001,0.3376666666666666,0.32466666666666666,1308.767657057012,-5.772184861272165e-06,-68095.45963130087,1282.4887214035061
0.00285013035,450,KM,0.0135,0.0135,0.3378333333333334,0.3243333333333333,1308.7766449998808,-5.728227896926699e-06,-67566.11762670432,1282.7042484027406
0.00285013035,450,KM,0.014,0.014,0.338,0.324,1308.7859706595978,-5.681466063184038e-06,-67002.99860380245,1282.9332478315398
0.00285013035,450,KM,0.0145,0.0145,0.33816666666666667,0.32366666666666666,1308.7956338939957,-5.636367172914668e-06,-66459.90520925757,1283.1547475229668
0.00285013035,450,KM,0.015,0.015,0.3383333333333333,0.3233333333333333,1308.8056345570108,-5.58863102285639e-06,-65885.05319798178,1283.3889261834067
0.00285013035,450,KM,0.0155,0.0155,0.3385,0.323,1308.8159724986879,-5.540294704770656e-06,-65302.97379620075,1283.626221324372
0.00285013035,450,KM,0.016,0.016,0.33866666666666667,0.32266666666666666,1308.82664756517,-5.493061934938084e-06,-64734.1836297706,1283.85864087403
0.00285013035,450,KM,0.0165,0.0165,0.3388333333333333,0.3223333333333333,1308.8376595986979,-5.44286018355011e-06,-64129.64016072852,1284.1052834651325
0.00285013035,450,KM,0.017,0.017,0.33899999999999997,0.322,1308.8490084376047,-5.393692023813213e-06,-63537.54349015538,1284.3473764515368
0.00285013035,450,KM,0.0175,0.0175,0.33916666666666667,0.32166666666666666,1308.8606939163146,-5.344030186111081e-06,-62939.50181205878,1284.5920808828917
0.00285013035,450,KM,0.018000000000000002,0.018000000000000002,0.3393333333333333,0.3213333333333333,1308.8727158653387,-5.292521363805345e-06,-62319.21823106719,1284.8457370850558
0.00285013035,450,KM,0.0185,0.0185,0.33949999999999997,0.321,1308.8850741112708,-5.2424285701398825e-06,-61715.986861259196,1285.0930512496002
0.00285013035,450,KM,0.019,0.019,0.3396666666666666,0.32066666666666666,1308.8977684767854,-5.190717325746293e-06,-61093.26565712063,1285.3482417875662
0.00285013035,450,KM,0.0195,0.0195,0.3398333333333334,0.3203333333333333,1308.910798780635,-5.1387486844021505e-06,-60467.44480723057,1285.604929345454
0.00285013035,450,KM,0.02,0.02,0.34,0.32,1308.9241648376467,-5.087624432926349e-06,-59851.79233525794,1285.8579536483307
0.00285013035,450,KM,0.0205,0.0205,0.3401666666666667,0.31966666666666665,1308.9378664587184,-5.034947675447818e-06,-59217.444153700504,1286.1185381199516
0.00285013035,450,KM,0.021,0.021,0.3403333333333333,0.3193333333333333,1308.9519034508196,-4.982867456734883e-06,-58590.279658066385,1286.3766189920655
0.00285013035,450,KM,0.021500000000000002,0.021500000000000002,0.3405,0.319,1308.9662756169857,-4.9305801869894e-06,-57960.62179624433,1286.6359581895565
0.00285013035,450,KM,0.022,0.022,0.3406666666666667,0.31866666666666665,1308.9809827563167,-4.877532416394691e-06,-57321.80577143216,1286.8991442402394
0.00285013035,450,KM,0.0225,0.0225,0.3408333333333333,0.3183333333333333,1308.9960246639744,-4.825233485243874e-06,-56692.00747971992,1287.159114137164
0.00285013035,450,KM,0.023,0.023,0.34099999999999997,0.318,1309.0114011311825,-4.772393255165365e-06,-56055.690715594115,1287.4219034861212
0.00285013035,450,KM,0.0235,0.0235,0.3411666666666667,0.31766666666666665,1309.0271119452227,-4.719532286559351e-06,-55419.124212345385,1287.6850762493543
0.00285013035,450,KM,0.024,0.024,0.3413333333333333,0.3173333333333333,1309.0431568894323,-4.666937953165046e-06,-54785.76860456144,1287.9472885155237
0.00285013035,450,KM,0.0245,0.0245,0.34149999999999997,0.317,1309.0595357432048,-4.614070732149616e-06,-54149.126808057525,1288.2110624087022
0.00285013035,450,KM,0.025,0.025,0.3416666666666666,0.31666666666666665,1309.0762482819862,-4.561505998247911e-06,-53516.127645605506,1288.4737079857061
0.00285013035,450,KM,0.025500000000000002,0.025500000000000002,0.3418333333333334,0.3163333333333333,1309.093294277274,-4.5090678508544815e-06,-52884.65287313456,1288.7360475475928
0.00285013035,450,KM,0.026000000000000002,0.026000000000000002,0.342,0.316,1309.1106734966174,-4.4567498370850805e-06,-52254.624783215724,1288.9981112009248
0.00285013035,450,KM,0.0265,0.0265,0.3421666666666667,0.31566666666666665,1309.128385703613,-4.404325096766319e-06,-51623.31146247116,1289.2609583759513
0.00285013035,450,KM,0.027,0.027,0.3423333333333333,0.3153333333333333,1309.1464306579078,-4.352147251123741e-06,-50994.97131616577,1289.5229372090187
0.00285013035,450,KM,0.0275,0.0275,0.3425,0.315,1309.1648081151934,-4.300183066981382e-06,-50369.2041411407,1289.7842031387074
0.00285013035,450,KM,0.028,0.028,0.3426666666666667,0.31466666666666665,1309.18351782721,-4.248014109276624e-06,-49740.97102585739,1290.0467093576772
0.00285013035,450,KM,0.0285,0.0285,0.3428333333333333,0.3143333333333333,1309.2025595417424,-4.196697894062985e-06,-49123.006873100865,1290.3055200368433
0.00285013035,450,KM,0.029,0.029,0.34299999999999997,0.314,1309.2219330026196,-4.145209480499358e-06,-48502.96905986463,1290.565419029679
0.00285013035,450,KM,0.029500000000000002,0.029500000000000002,0.3431666666666667,0.31366666666666665,1309.2416379497172,-4.093849300419638e-06,-47884.47546994859,1290.8250040463695
0.00285013035,450,KM,0.03,0.03,0.3433333333333333,0.3133333333333333,1309.2616741189531,-4.04333346506297e-06,-47276.14971429786,1291.0809353415711
0.0038001738,600,K,0.0,0.0,0.3333333333333333,0.3333333333333333,1299.6751959106193,-6.096623890359599e-06,-72042.44230412181,1271.6576475455904
0.0038001738,600,KG,0.0005,-0.0005,0.33316666666666667,0.33316666666666667,1299.675362615706,-6.094296030581687e-06,-72014.40956847665,1271.668839997973
0.0038001738,600,KG,0.001,-0.001,0.333,0.333,1299.6758627396905,-6.089508109393989e-06,-71956.7520883234,1271.692020931104
0.0038001738,600,KG,0.0015,-0.0015,0.33283333333333337,0.33283333333333337,1299.6766962928791,-6.083423097699017e-06,-71883.47468310279,1271.7216834683877
0.0038001738,600,KG,0.002,-0.002,0.33266666666666667,0.33266666666666667,1299.6778632818734,-6.076970779122206e-06,-71805.77406613338,1271.7534250941897
0.0038001738,600,KG,0.0025,-0.0025,0.3325,0.3325,1299.679363709579,-6.067859167827447e-06,-71696.04950576644,1271.7980967695974
0.0038001738,600,KG,0.003,-0.003,0.3323333333333333,0.3323333333333333,1299.6811975752134,-6.0585712710840455e-06,-71584.20206693972,1271.84394218143
0.0038001738,600,KG,0.0035,-0.0035,0.33216666666666667,0.33216666666666667,1299.6833648743163,-6.048023711927466e-06,-71457.18542257675,1271.8960899021777
0.0038001738,600,KG,0.004,-0.004,0.332,0.332,1299.6858655987578,-6.034406167179563e-06,-71293.19915687632,1271.9631087733308
0.0038001738,600,KG,0.0045000000000000005,-0.0045000000000000005,0.33183333333333337,0.33183333333333337,1299.688699736747,-6.022147108291307e-06,-71145.57215617226,1272.024034390555
0.0038001738,600,KG,0.005,-0.005,0.33166666666666667,0.33166666666666667,1299.691867272842,-6.006563275795064e-06,-70957.90730588768,1272.1010347253396
0.0038001738,600,KG,0.0055,-0.0055,0.3315,0.3315,1299.6953681879568,-5.989406123413149e-06,-70751.29609944417,1272.1858173984585
0.0038001738,600,KG,0.006,-0.006,0.3313333333333333,0.3313333333333333,1299.6992024593726,-5.973400376037694e-06,-70558.55043270062,1272.265485832587
0.0038001738,600,KG,0.006500000000000001,-0.006500000000000001,0.33116666666666666,0.33116666666666666,1299.7033700607465,-5.9525319744244655e-06,-70307.24732960515,1272.3685011888879
0.0038001738,600,KG,0.007,-0.007,0.331,0.331,1299.7078709621221,-5.933088665223567e-06,-70073.10558616022,1272.4651053190937
0.0038001738,600,KG,0.0075,-0.0075,0.33083333333333337,0.33083333333333337,1299.712705129935,-5.912339509248482e-06,-69823.23847224361,1272.5682211197677
0.0038001738,600,KG,0.008,-0.008,0.33066666666666666,0.33066666666666666,1299.7178725270278,-5.887287193851707e-06,-69521.55151434331,1272.692027417411
0.0038001738,600,KG,0.0085,-0.0085,0.3305,0.3305,1299.7233731126555,-5.865622107031929e-06,-69260.65450615123,1272.800138320698
0.0038001738,600,KG,0.009000000000000001,-0.009000000000000001,0.3303333333333333,0.3303333333333333,1299.7292068424983,-5.839592529485699e-06,-68947.19908532566,1272.9292250687406
0.0038001738,600,KG,0.0095,-0.0095,0.33016666666666666,0.33016666666666666,1299.7353736686673,-5.812212541319516e-06,-68617.4816437887,1273.0650258026262
0.0038001738,600,KG,0.01,-0.01,0.33,0.33,1299.7418735397196,-5.787196997763625e-06,-68316.23750263562,1273.1899702439948
0.0038001738,600,KG,0.0105,-0.0105,0.32983333333333337,0.32983333333333337,1299.7487064006652,-5.756314260279077e-06,-67944.33897845588,1273.3429863205542
0.0038001738,600,KG,0.011,-0.011,0.32966666666666666,0.32966666666666666,1299.7558721929765,-5.7279554141811874e-06,-67602.83385713944,1273.4843907339366
0.0038001738,600,KG,0.0115,-0.0115,0.3295,0.3295,1299.7633708546014,-5.698413724102925e-06,-67247.08459924489,1273.6317111379062
0.0038001738,600,KG,0.012,-0.012,0.3293333333333333,0.3293333333333333,1299.7712023199701,-5.66428058289376e-06,-66836.04380832864,1273.801057689925
0.0038001738,600,KG,0.0125,-0.0125,0.32916666666666666,0.32916666666666666,1299.779366520009,-5.634564495036417e-06,-66478.19440381684,1273.9498448633444
0.0038001738,600,KG,0.013000000000000001,-0.013000000000000001,0.329,0.329,1299.7878633821474,-5.600276306118911e-06,-66065.28648522329,1274.1205607438822
0.0038001738,600,KG,0.0135,-0.0135,0.32883333333333337,0.32883333333333337,1299.7966928303308,-5.564981478731158e-06,-65640.2563458695,1274.296349499125
0.0038001738,600,KG,0.014,-0.014,0.32866666666666666,0.32866666666666666,1299.805854785031,-5.532501633902503e-06,-65249.12501033272,1274.4591539641874
0.0038001738,600,KG,0.0145,-0.0145,0.3285,0.3285,1299.8153491632559,-5.494305812873559e-06,-64789.16029776134,1274.649277888877
0.0038001738,600,KG,0.015,-0.015,0.3283333333333333,0.3283333333333333,1299.8251758785595,-5.45894795490043e-06,-64363.37112654741,1274.8263084519322
0.0038001738,600,KG,0.0155,-0.0155,0.32816666666666666,0.32816666666666666,1299.8353348410562,-5.42267006933819e-06,-63926.50272692098,1275.0079980041066
0.0038001738,600,KG,0.016,-0.016,0.328,0.328,1299.845825957428,-5.382315377024809e-06,-63440.540285198265,1275.2092498777406
0.0038001738,600,KG,0.0165,-0.0165,0.32783333333333337,0.32783333333333337,1299.8566491309373,-5.346362987174005e-06,-63007.59159556417,1275.3900253233692
0.0038001738,600,KG,0.017,-0.017,0.32766666666666666,0.32766666666666666,1299.8678042614365,-5.306402337613022e-06,-62526.37432638822,1275.590033760479
0.0038001738,600,KG,0.0175,-0.0175,0.3275,0.3275,1299.8792912453814,-5.265816800127876e-06,-62037.631982827574,1275.7932982367354
0.0038001738,600,KG,0.018000000000000002,-0.018000000000000002,0.3273333333333333,0.3273333333333333,1299.891109975841,-5.22793826141072e-06,-61581.48807220296,1275.9840946195295
0.0038001738,600,KG,0.0185,-0.0185,0.32716666666666666,0.32716666666666666,1299.9032603425082,-5.1854322815975945e-06,-61069.61922737585,1276.1970329936153
0.0038001738,600,KG,0.019,-0.019,0.327,0.327,1299.9157422317119,-5.145636826376479e-06,-60590.39127443942,1276.3974873163074
0.0038001738,600,KG,0.0195,-0.0195,0.32683333333333336,0.32683333333333336,1299.92855552643,-5.105422346064165e-06,-60106.117304675994,1276.6002240985056
0.0038001738,600,KG,0.02,-0.02,0.32666666666666666,0.32666666666666666,1299.9417001062968,-5.062253950967383e-06,-59586.27147055157,1276.8171960796494
0.0038001738,600,KG,0.0205,-0.0205,0.3265,0.3265,1299.9551758476184,-5.022632879901342e-06,-59109.14350016833,1277.0177429123075
0.0038001738,600,KG,0.021,-0.021,0.3263333333333333,0.3263333333333333,1299.9689826233835,-4.979418100290379e-06,-58588.739090808245,1277.2355368889744
0.0038001738,600,KG,0.021500000000000002,-0.021500000000000002,0.32616666666666666,0.32616666666666666,1299.9831203032727,-4.934989138472053e-06,-58053.713161214386,1277.4593535264512
0.0038001738,600,KG,0.022,-0.022,0.326,0.326,1299.9975887536739,-4.8922586729319545e-06,-57539.14099675436,1277.675463397733
0.0038001738,600,KG,0.0225,-0.0225,0.32583333333333336,0.32583333333333336,1300.0123878376905,-4.846347745161599e-06,-56986.26882050834,1277.9068587776442
0.0038001738,600,KG,0.023,-0.023,0.32566666666666666,0.32566666666666666,1300.0275174151573,-4.802551689955749e-06,-56458.86452857668,1278.1285856704874
0.0038001738,600,KG,0.0235,-0.0235,0.3255,0.3255,1300.0429773426483,-4.758559479585494e-06,-55929.09808153527,1278.3515341471618
0.0038001738,600,KG,0.024,-0.024,0.3253333333333333,0.3253333333333333,1300.0587674734923,-4.71275481272574e-06,-55377.50552876336,1278.583314984179
0.0038001738,600,KG,0.0245,-0.0245,0.32516666666666666,0.32516666666666666,1300.0748876577813,-4.66936514601854e-06,-54854.995080292545,1278.8040187761767
0.0038001738,600,KG,0.025,-0.025,0.325,0.325,1300.091337742387,-4.624293737940189e-06,-54312.23263394441,1279.032936964035
0.0038001738,600,KG,0.025500000000000002,-0.025500000000000002,0.32483333333333336,0.32483333333333336,1300.1081175709687,-4.579172580470529e-06,-53768.87109157325,1279.2623836736366
0.0038001738,600,KG,0.026000000000000002,-0.026000000000000002,0.32466666666666666,0.32466666666666666,1300.1252269839893,-4.535229443295519e-06,-53239.695597613565,1279.4865807199997
0.0038001738,600,KG,0.0265,-0.0265,0.3245,0.3245,1300.1426658187247,-4.489670647932164e-06,-52691.063897864966,1279.718675172147
0.0038001738,600,KG,0.027,-0.027,0.3243333333333333,0.3243333333333333,1300.1604339092771,-4.445180368824353e-06,-52155.29956839715,1279.9460357119601
0.0038001738,600,KG,0.0275,-0.0275,0.32416666666666666,0.32416666666666666,1300.1785310865898,-4.400524876195402e-06,-51617.54569170359,1280.1744674093366
0.0038001738,600,KG,0.028,-0.028,0.324,0.324,1300.1969571784557,-4.355181307484456e-06,-51071.5058112338,1280.4064283050445
0.0038001738,600,KG,0.0285,-0.0285,0.32383333333333336,0.32383333333333336,1300.2157120095321,-4.31079669421282e-06,-50537.0139391882,1280.634172516596
0.0038001738,600,KG,0.029,-0.029,0.32366666666666666,0.32366666666666666,1300.2347954013533,-4.265917847630643e-06,-49996.570371996306,1280.8645333525333
0.0038001738,600,KG,0.029500000000000002,-0.029500000000000002,0.3235,0.3235,1300.2542071723433,-4.221142909738356e-06,-49457.378102181756,1281.0946979701373
0.0038001738,600,KG,0.03,-0.03,0.3233333333333333,0.3233333333333333,1300.2739471378275,-4.1765888570595105e-06,-48920.845793613626,1281.3241166120974
0.0038001738,600,KM,0.0005,0.0005,0.33349999999999996,0.333,1299.6753626104135,-6.094029248963327e-06,-72011.19690994221,1271.670103158271
0.0038001738,600,KM,0.001,0.001,0.3336666666666666,0.33266666666666667,1299.6758626973472,-6.0893356550208545e-06,-71954.67534474166,1271.6928374152903
0.0038001738,600,KM,0.0015,0.0015,0.33383333333333337,0.3323333333333333,1299.676696149951,-6.083521609146764e-06,-71884.66098538735,1271.7212169063882
0.0038001738,600,KM,0.002,0.002,0.334,0.332,1299.6778629430194,-6.076095184671097e-06,-71795.22991394125,1271.757570258653
0.0038001738,600,KM,0.0025,0.0025,0.33416666666666667,0.33166666666666667,1299.6793630475981,-6.0680927278677725e-06,-71698.86210080753,1271.7969903372955
0.0038001738,600,KM,0.003,0.003,0.3343333333333333,0.3313333333333333,1299.6811964309823,-6.058204064337621e-06,-71579.78006104946,1271.845679434113
0.0038001738,600,KM,0.0035,0.0035,0.3345,0.331,1299.6833630567035,-6.046966624393785e-06,-71444.45568014694,1271.9010922733873
0.0038001738,600,KM,0.004,0.004,0.33466666666666667,0.33066666666666666,1299.6858628845248,-6.035315271214615e-06,-71304.14684080916,1271.9588025329606
0.0038001738,600,KM,0.0045000000000000005,0.0045000000000000005,0.3348333333333333,0.3303333333333333,1299.6886958704342,-6.02095391414268e-06,-71131.20337998604,1272.0296784247623
0.0038001738,600,KM,0.005,0.005,0.33499999999999996,0.33,1299.6918619666326,-6.006201907283984e-06,-70953.5556056531,1272.1027397410319
0.0038001738,600,KM,0.0055,0.0055,0.33516666666666667,0.32966666666666666,1299.6953611215306,-5.990096268575091e-06,-70759.60701965725,1272.1825437810285
0.0038001738,600,KM,0.006,0.006,0.3353333333333333,0.3293333333333333,1299.6991932797393,-5.971315162842358e-06,-70533.43971476851,1272.2753449223312
0.0038001738,600,KM,0.006500000000000001,0.006500000000000001,0.33549999999999996,0.329,1299.703358382065,-5.952927791381214e-06,-70312.01386761475,1272.3666161613971
0.0038001738,600,KM,0.007,0.007,0.3356666666666666,0.32866666666666666,1299.707856365498,-5.931810336695632e-06,-70057.71159807239,1272.4711392798367
0.0038001738,600,KM,0.0075,0.0075,0.3358333333333334,0.3283333333333333,1299.7126871632115,-5.909423165436545e-06,-69788.11904799555,1272.5820013362677
0.0038001738,600,KM,0.008,0.008,0.336,0.328,1299.7178507045485,-5.887348162442202e-06,-69522.28571508695,1272.6917166874955
0.0038001738,600,KM,0.0085,0.0085,0.33616666666666667,0.32766666666666666,1299.72334691502,-5.861682892553221e-06,-69213.21738851252,1272.8187463765096
0.0038001738,600,KM,0.009000000000000001,0.009000000000000001,0.3363333333333333,0.3273333333333333,1299.7291757162961,-5.836380347341745e-06,-68908.51709350642,1272.94438728275
0.0038001738,600,KM,0.0095,0.0095,0.3365,0.327,1299.7353370261994,-5.810036216947684e-06,-68591.27373969906,1273.0752815819296
0.0038001738,600,KM,0.01,0.01,0.33666666666666667,0.32666666666666666,1299.7418307586986,-5.780698973708606e-06,-68237.98648757082,1273.2206564992584
0.0038001738,600,KM,0.0105,0.0105,0.3368333333333333,0.3263333333333333,1299.748656823903,-5.7526427134385e-06,-67900.12518904843,1273.3602969020558
0.0038001738,600,KM,0.011,0.011,0.33699999999999997,0.326,1299.755815128056,-5.721651704539268e-06,-67526.9228303446,1273.5141366034586
0.0038001738,600,KM,0.0115,0.0115,0.33716666666666667,0.32566666666666666,1299.7633055735284,-5.689681504773225e-06,-67141.92878256399,1273.6729257281327
0.0038001738,600,KM,0.012,0.012,0.3373333333333333,0.3253333333333333,1299.771128058813,-5.658527757404467e-06,-66766.76668189508,1273.828174697586
0.0038001738,600,KM,0.0125,0.0125,0.33749999999999997,0.325,1299.7792824785183,-5.623668810836184e-06,-66346.98554074172,1274.001254952141
0.0038001738,600,KM,0.013000000000000001,0.013000000000000001,0.3376666666666666,0.32466666666666666,1299.7877687233638,-5.589676318380355e-06,-65937.63848127723,1274.170555789759
0.0038001738,600,KM,0.0135,0.0135,0.3378333333333334,0.3243333333333333,1299.7965866801724,-5.554845875866569e-06,-65518.20059388511,1274.3441317601544
0.0038001738,600,KM,0.014,0.014,0.338,0.324,1299.805736231868,-5.517202014124925e-06,-65064.882728746146,1274.531313547267
0.0038001738,600,KM,0.0145,0.0145,0.33816666666666667,0.32366666666666666,1299.8152172574657,-5.481219134600425e-06,-64631.566873971504,1274.7109602337705
0.0038001738,600,KM,0.015,0.015,0.3383333333333333,0.3233333333333333,1299.8250296320718,-5.4424892907237675e-06,-64165.17130956771,1274.903892985055
0.0038001738,600,KM,0.0155,0.0155,0.3385,0.323,1299.8351732268736,-5.4030554909297975e-06,-63690.29851198899,1275.1004584132763
0.0038001738,600,KM,0.016,0.016,0.33866666666666667,0.32266666666666666,1299.8456479091378,-5.364802978585059e-06,-63229.65110680695,1275.291753788724
0.0038001738,600,KM,0.0165,0.0165,0.3388333333333333,0.3223333333333333,1299.856453542205,-5.323172769408459e-06,-62728.32853584584,1275.4993027357846
0.0038001738,600,KM,0.017,0.017,0.33899999999999997,0.322,1299.867589985483,-5.282665846256607e-06,-62240.532887977126,1275.7018533366997
0.0038001738,600,KM,0.0175,0.0175,0.33916666666666667,0.32166666666666666,1299.879057094444,-5.2415510411801805e-06,-61745.4169567061,1275.9075774193188
0.0038001738,600,KM,0.018000000000000002,0.018000000000000002,0.3393333333333333,0.3213333333333333,1299.8908547206206,-5.19808276715594e-06,-61221.95989703505,1276.1247095363644
0.0038001738,600,KM,0.0185,0.0185,0.33949999999999997,0.321,1299.9029827115996,-5.156355854881804e-06,-60719.472800446165,1276.3339263931157
0.0038001738,600,KM,0.019,0.019,0.3396666666666666,0.32066666666666666,1299.9154409110179,-5.112427693045566e-06,-60190.47764368587,1276.5538280367186
0.0038001738,600,KM,0.0195,0.0195,0.3398333333333334,0.3203333333333333,1299.9282291585598,-5.068043557114712e-06,-59655.99151991088,1276.7761782878777
0.0038001738,600,KM,0.02,0.02,0.34,0.32,1299.9413472899519,-5.024789945914736e-06,-59135.11948974313,1276.9934952474393
0.0038001738,600,KM,0.0205,0.0205,0.3401666666666667,0.31966666666666665,1299.954795136959,-4.979021421783124e-06,-58583.96217776755,1277.2229669176036
0.0038001738,600,KM,0.021,0.021,0.3403333333333333,0.3193333333333333,1299.9685725273816,-4.934158159239066e-06,-58043.706277902136,1277.4484659981304
0.0038001738,600,KM,0.021500000000000002,0.021500000000000002,0.3405,0.319,1299.9826792850492,-4.888903593640323e-06,-57498.738197692655,1277.676104591239
0.0038001738,600,KM,0.022,0.022,0.3406666666666667,0.31866666666666665,1299.9971152298217,-4.842050042084602e-06,-56934.51468334683,1277.9115716365166
0.0038001738,600,KM,0.0225,0.0225,0.3408333333333333,0.3183333333333333,1300.0118801775805,-4.796561326552972e-06,-56386.72690444581,1278.1409005655057
0.0038001738,600,KM,0.023,0.023,0.34099999999999997,0.318,1300.0269739402302,-4.749652704098379e-06,-55821.840211001094,1278.3772106703057
0.0038001738,600,KM,0.0235,0.0235,0.3411666666666667,0.31766666666666665,1300.042396325692,-4.702510182253274e-06,-55254.136835965866,1278.6149128679367
0.0038001738,600,KM,0.024,0.024,0.3413333333333333,0.3173333333333333,1300.0581471379007,-4.656092516063843e-06,-54695.1623745745,1278.8494921471631
0.0038001738,600,KM,0.0245,0.0245,0.34149999999999997,0.317,1300.0742261768053,-4.608132526577368e-06,-54117.61482657558,1279.0916224972484
0.0038001738,600,KM,0.025,0.025,0.3416666666666666,0.31666666666666665,1300.090633238362,-4.560955153441644e-06,-53549.491762594276,1279.330357207055
0.0038001738,600,KM,0.025500000000000002,0.025500000000000002,0.3418333333333334,0.3163333333333333,1300.1073681145335,-4.513712483405074e-06,-52980.58237515086,1279.5696879226814
0.0038001738,600,KM,0.026000000000000002,0.026000000000000002,0.342,0.316,1300.1244305932885,-4.465611917173687e-06,-52401.34196284569,1279.8133430554149
0.0038001738,600,KM,0.0265,0.0265,0.3421666666666667,0.31566666666666665,1300.1418204585943,-4.418199637725216e-06,-51830.39009163593,1280.054046989326
0.0038001738,600,KM,0.027,0.027,0.3423333333333333,0.3153333333333333,1300.1595374904198,-4.370046748630399e-06,-51250.519592839875,1280.2985211795187
0.0038001738,600,KM,0.0275,0.0275,0.3425,0.315,1300.17758146473,-4.3219266996457225e-06,-50671.04456379457,1280.5431264817598
0.0038001738,600,KM,0.028,0.028,0.3426666666666667,0.31466666666666665,1300.1959521534857,-4.2741580507920696e-06,-50095.80119297547,1280.7863650130469
0.0038001738,600,KM,0.0285,0.0285,0.3428333333333333,0.3143333333333333,1300.2146493246407,-4.225893821493791e-06,-49514.58990444633,1281.0322183356484
0.0038001738,600,KM,0.029,0.029,0.34299999999999997,0.314,1300.233672742141,-4.178029052936802e-06,-48938.189033394825,1281.2764786333673
0.0038001738,600,KM,0.029500000000000002,0.029500000000000002,0.3431666666666667,0.31366666666666665,1300.2530221659217,-4.130128560053588e-06,-48361.35796005938,1281.5211912768175
0.0038001738,600,KM,0.03,0.03,0.3433333333333333,0.3133333333333333,1300.272697351909,-4.082103321974457e-06,-47783.02467033903,1281.7667739524497
