timestamp,utilization_gpu_percent,memory_used_MiB,power_draw_W
2026/08/05 12:11:04.602, 0, 5, 44.41
2026/08/05 12:11:06.604, 0, 5, 44.41
2026/08/05 12:11:08.605, 0, 5, 44.41
2026/08/05 12:11:10.606, 0, 5, 44.41
2026/08/05 12:11:12.608, 0, 8, 44.41
2026/08/05 12:11:14.609, 0, 288, 57.56
2026/08/05 12:11:16.611, 1, 434, 57.56
2026/08/05 12:11:18.612, 2, 458, 58.04
2026/08/05 12:11:20.614, 11, 458, 61.45
2026/08/05 12:11:22.615, 12, 458, 60.47
2026/08/05 12:11:24.617, 0, 486, 58.04
2026/08/05 12:11:26.618, 0, 486, 58.04
2026/08/05 12:11:28.620, 0, 530, 58.04
2026/08/05 12:11:30.621, 15, 552, 59.50
2026/08/05 12:11:32.622, 14, 552, 62.42
2026/08/05 12:11:34.625, 16, 552, 64.37
2026/08/05 12:11:36.626, 15, 552, 59.50
2026/08/05 12:11:38.627, 18, 552, 64.37
2026/08/05 12:11:40.629, 17, 552, 67.29
2026/08/05 12:11:42.630, 14, 552, 60.47
2026/08/05 12:11:44.632, 14, 552, 61.94
2026/08/05 12:11:46.633, 14, 552, 65.83
2026/08/05 12:11:48.635, 10, 552, 59.99
2026/08/05 12:11:50.636, 12, 552, 59.99
2026/08/05 12:11:52.638, 16, 552, 61.94
2026/08/05 12:11:54.639, 17, 552, 60.96
2026/08/05 12:11:56.640, 17, 552, 61.45
2026/08/05 12:11:58.642, 14, 552, 59.99
2026/08/05 12:12:00.643, 16, 552, 67.29
2026/08/05 12:12:02.644, 15, 552, 70.70
2026/08/05 12:12:04.646, 18, 552, 62.42
2026/08/05 12:12:06.647, 14, 552, 59.99
2026/08/05 12:12:08.649, 17, 552, 71.14
2026/08/05 12:12:10.650, 15, 552, 64.37
2026/08/05 12:12:12.652, 17, 552, 60.47
2026/08/05 12:12:14.653, 17, 552, 61.94
2026/08/05 12:12:16.654, 17, 552, 60.47
2026/08/05 12:12:18.656, 14, 552, 64.86
2026/08/05 12:12:20.657, 14, 552, 64.86
2026/08/05 12:12:22.658, 11, 552, 62.91
2026/08/05 12:12:24.660, 11, 552, 63.88
2026/08/05 12:12:26.661, 13, 552, 60.47
2026/08/05 12:12:28.663, 12, 552, 61.45
2026/08/05 12:12:30.664, 17, 552, 59.99
2026/08/05 12:12:32.666, 16, 552, 64.86
2026/08/05 12:12:34.667, 16, 552, 64.37
2026/08/05 12:12:36.669, 15, 552, 65.34
2026/08/05 12:12:38.670, 17, 552, 61.45
2026/08/05 12:12:40.671, 15, 552, 74.10
2026/08/05 12:12:42.673, 14, 552, 64.37
2026/08/05 12:12:44.674, 16, 552, 63.40
2026/08/05 12:12:46.675, 16, 552, 60.47
2026/08/05 12:12:48.677, 15, 552, 60.96
2026/08/05 12:12:50.678, 14, 552, 66.27
2026/08/05 12:12:52.680, 14, 552, 74.10
2026/08/05 12:12:54.681, 14, 552, 66.80
2026/08/05 12:12:56.682, 16, 552, 60.47
2026/08/05 12:12:58.684, 16, 552, 65.34
2026/08/05 12:13:00.685, 18, 552, 63.88
2026/08/05 12:13:02.686, 14, 552, 63.88
2026/08/05 12:13:04.688, 16, 552, 63.88
2026/08/05 12:13:06.689, 16, 552, 60.96
2026/08/05 12:13:08.691, 14, 552, 60.47
2026/08/05 12:13:10.693, 16, 552, 62.42
2026/08/05 12:13:12.696, 14, 552, 61.45
2026/08/05 12:13:14.699, 14, 552, 60.96
2026/08/05 12:13:16.700, 16, 552, 59.99
2026/08/05 12:13:18.702, 15, 552, 60.96
2026/08/05 12:13:20.703, 14, 552, 62.42
2026/08/05 12:13:22.704, 16, 552, 63.88
2026/08/05 12:13:24.706, 14, 552, 65.34
2026/08/05 12:13:26.707, 16, 552, 60.96
2026/08/05 12:13:28.708, 13, 552, 60.47
2026/08/05 12:13:30.710, 12, 552, 59.99
2026/08/05 12:13:32.711, 15, 554, 65.34
2026/08/05 12:13:34.713, 17, 554, 63.40
2026/08/05 12:13:36.716, 12, 554, 61.45
2026/08/05 12:13:38.717, 14, 554, 68.26
2026/08/05 12:13:40.719, 15, 554, 62.91
2026/08/05 12:13:42.720, 10, 554, 59.99
2026/08/05 12:13:44.721, 17, 554, 59.99
2026/08/05 12:13:46.723, 16, 554, 69.72
2026/08/05 12:13:48.724, 15, 554, 63.88
2026/08/05 12:13:50.725, 18, 554, 66.32
2026/08/05 12:13:52.727, 13, 554, 60.96
2026/08/05 12:13:54.728, 15, 554, 64.86
2026/08/05 12:13:56.730, 15, 554, 65.34
2026/08/05 12:13:58.732, 16, 554, 63.40
2026/08/05 12:14:00.733, 10, 554, 63.88
2026/08/05 12:14:02.734, 12, 554, 61.94
2026/08/05 12:14:04.737, 15, 554, 62.91
2026/08/05 12:14:06.739, 14, 554, 62.42
2026/08/05 12:14:08.740, 14, 554, 61.45
2026/08/05 12:14:10.742, 14, 554, 61.94
2026/08/05 12:14:12.743, 15, 554, 67.25
2026/08/05 12:14:14.744, 14, 554, 60.96
2026/08/05 12:14:16.747, 14, 554, 59.99
2026/08/05 12:14:18.748, 16, 554, 60.47
2026/08/05 12:14:20.750, 14, 554, 61.45
2026/08/05 12:14:22.752, 16, 554, 64.81
2026/08/05 12:14:24.753, 14, 554, 60.47
2026/08/05 12:14:26.754, 18, 554, 60.96
2026/08/05 12:14:28.756, 16, 554, 69.72
2026/08/05 12:14:30.757, 12, 554, 62.42
2026/08/05 12:14:32.759, 12, 554, 64.37
2026/08/05 12:14:34.760, 11, 554, 60.92
2026/08/05 12:14:36.762, 12, 554, 61.94
2026/08/05 12:14:38.764, 11, 554, 68.75
2026/08/05 12:14:40.765, 9, 554, 59.99
2026/08/05 12:14:42.767, 10, 554, 64.86
2026/08/05 12:14:44.768, 12, 554, 59.99
2026/08/05 12:14:46.769, 16, 554, 63.88
2026/08/05 12:14:48.771, 15, 554, 63.88
2026/08/05 12:14:50.772, 15, 554, 62.42
2026/08/05 12:14:52.774, 16, 554, 65.83
2026/08/05 12:14:54.775, 15, 554, 63.88
2026/08/05 12:14:56.777, 16, 554, 60.47
2026/08/05 12:14:58.778, 16, 554, 60.47
2026/08/05 12:15:00.780, 16, 554, 66.32
2026/08/05 12:15:02.781, 15, 554, 61.94
2026/08/05 12:15:04.783, 14, 554, 61.94
2026/08/05 12:15:06.784, 18, 554, 65.83
2026/08/05 12:15:08.786, 13, 554, 61.45
2026/08/05 12:15:10.787, 14, 554, 62.91
2026/08/05 12:15:12.788, 13, 554, 59.99
2026/08/05 12:15:14.790, 12, 554, 59.99
2026/08/05 12:15:16.791, 16, 554, 60.47
2026/08/05 12:15:18.793, 16, 554, 66.80
2026/08/05 12:15:20.794, 15, 554, 66.76
2026/08/05 12:15:22.796, 15, 554, 65.83
2026/08/05 12:15:24.797, 14, 554, 61.45
2026/08/05 12:15:26.799, 15, 554, 63.40
2026/08/05 12:15:28.801, 13, 554, 62.91
2026/08/05 12:15:30.802, 16, 554, 62.91
2026/08/05 12:15:32.804, 16, 554, 63.88
2026/08/05 12:15:34.805, 15, 554, 63.88
2026/08/05 12:15:36.807, 15, 554, 64.37
2026/08/05 12:15:38.808, 18, 554, 61.45
2026/08/05 12:15:40.809, 16, 554, 62.91
2026/08/05 12:15:42.811, 15, 554, 61.00
2026/08/05 12:15:44.812, 16, 554, 63.80
2026/08/05 12:15:46.813, 16, 554, 63.40
2026/08/05 12:15:48.815, 15, 554, 60.47
2026/08/05 12:15:50.817, 13, 554, 63.40
2026/08/05 12:15:52.818, 16, 554, 61.94
2026/08/05 12:15:54.820, 15, 554, 68.26
2026/08/05 12:15:56.821, 16, 554, 63.40
2026/08/05 12:15:58.822, 14, 554, 59.99
2026/08/05 12:16:00.824, 14, 554, 64.37
2026/08/05 12:16:02.826, 15, 554, 65.34
2026/08/05 12:16:04.827, 15, 554, 62.42
2026/08/05 12:16:06.829, 14, 554, 60.47
2026/08/05 12:16:08.830, 14, 554, 60.96
2026/08/05 12:16:10.831, 16, 554, 61.94
2026/08/05 12:16:12.834, 16, 554, 60.47
2026/08/05 12:16:14.837, 17, 554, 63.88
2026/08/05 12:16:16.838, 14, 554, 61.45
2026/08/05 12:16:18.839, 16, 554, 60.96
2026/08/05 12:16:20.841, 14, 554, 63.88
2026/08/05 12:16:22.842, 16, 554, 63.88
2026/08/05 12:16:24.843, 16, 554, 63.40
2026/08/05 12:16:26.845, 18, 554, 60.96
2026/08/05 12:16:28.846, 16, 554, 69.72
2026/08/05 12:16:30.847, 16, 554, 60.96
2026/08/05 12:16:32.850, 14, 554, 60.96
2026/08/05 12:16:34.853, 15, 554, 62.42
2026/08/05 12:16:36.855, 14, 554, 66.32
2026/08/05 12:16:38.856, 15, 554, 68.75
2026/08/05 12:16:40.858, 15, 554, 60.47
2026/08/05 12:16:42.859, 18, 554, 62.91
2026/08/05 12:16:44.860, 14, 554, 68.26
2026/08/05 12:16:46.863, 16, 554, 61.94
2026/08/05 12:16:48.864, 15, 554, 59.99
2026/08/05 12:16:50.865, 17, 554, 61.94
2026/08/05 12:16:52.867, 13, 554, 63.40
2026/08/05 12:16:54.868, 14, 554, 61.94
2026/08/05 12:16:56.870, 14, 554, 62.91
2026/08/05 12:16:58.871, 15, 554, 64.81
2026/08/05 12:17:00.872, 16, 554, 62.42
2026/08/05 12:17:02.874, 14, 554, 61.45
2026/08/05 12:17:04.875, 14, 554, 61.45
2026/08/05 12:17:06.876, 16, 554, 64.86
2026/08/05 12:17:08.878, 17, 554, 60.96
2026/08/05 12:17:10.879, 14, 554, 63.40
2026/08/05 12:17:12.880, 14, 554, 61.45
2026/08/05 12:17:14.882, 16, 554, 63.88
2026/08/05 12:17:16.883, 8, 554, 63.40
2026/08/05 12:17:18.885, 13, 554, 62.42
2026/08/05 12:17:20.887, 13, 554, 64.86
2026/08/05 12:17:22.888, 13, 554, 60.47
2026/08/05 12:17:24.890, 14, 554, 59.99
2026/08/05 12:17:26.892, 15, 554, 61.94
2026/08/05 12:17:28.893, 15, 554, 61.00
2026/08/05 12:17:30.894, 13, 554, 60.44
2026/08/05 12:17:32.896, 14, 554, 65.83
2026/08/05 12:17:34.897, 15, 554, 68.26
2026/08/05 12:17:36.899, 17, 554, 61.94
2026/08/05 12:17:38.900, 16, 554, 71.67
2026/08/05 12:17:40.902, 15, 554, 64.86
2026/08/05 12:17:42.904, 15, 554, 64.37
2026/08/05 12:17:44.905, 13, 554, 59.01
2026/08/05 12:17:46.907, 16, 554, 65.34
2026/08/05 12:17:48.908, 16, 554, 61.94
2026/08/05 12:17:50.909, 16, 554, 60.47
2026/08/05 12:17:52.911, 17, 554, 60.96
2026/08/05 12:17:54.912, 15, 554, 71.18
2026/08/05 12:17:56.914, 15, 554, 66.27
2026/08/05 12:17:58.915, 14, 554, 61.94
2026/08/05 12:18:00.916, 15, 554, 73.13
2026/08/05 12:18:02.918, 18, 554, 61.94
2026/08/05 12:18:04.920, 14, 554, 75.08
2026/08/05 12:18:06.923, 17, 554, 60.47
2026/08/05 12:18:08.925, 14, 554, 60.47
2026/08/05 12:18:10.926, 14, 554, 63.88
2026/08/05 12:18:12.927, 14, 554, 60.47
2026/08/05 12:18:14.929, 13, 554, 60.96
2026/08/05 12:18:16.930, 16, 554, 69.72
2026/08/05 12:18:18.932, 14, 554, 59.99
2026/08/05 12:18:20.933, 14, 554, 61.45
2026/08/05 12:18:22.935, 18, 554, 69.72
2026/08/05 12:18:24.936, 13, 554, 60.47
2026/08/05 12:18:26.938, 16, 554, 65.34
2026/08/05 12:18:28.939, 16, 554, 61.94
2026/08/05 12:18:30.940, 13, 554, 60.96
2026/08/05 12:18:32.942, 12, 554, 61.45
2026/08/05 12:18:34.943, 16, 554, 61.49
2026/08/05 12:18:36.944, 15, 554, 65.34
2026/08/05 12:18:38.946, 14, 554, 59.99
2026/08/05 12:18:40.949, 14, 554, 63.88
2026/08/05 12:18:42.951, 16, 554, 61.45
2026/08/05 12:18:44.952, 16, 554, 59.99
2026/08/05 12:18:46.953, 16, 554, 63.40
2026/08/05 12:18:48.955, 15, 554, 66.32
2026/08/05 12:18:50.956, 15, 554, 63.40
2026/08/05 12:18:52.958, 14, 554, 60.96
2026/08/05 12:18:54.959, 15, 554, 60.96
2026/08/05 12:18:56.961, 14, 554, 60.47
2026/08/05 12:18:58.962, 17, 554, 61.45
2026/08/05 12:19:00.964, 17, 554, 61.00
2026/08/05 12:19:02.965, 16, 554, 64.37
2026/08/05 12:19:04.966, 14, 554, 61.45
2026/08/05 12:19:06.970, 12, 554, 59.50
2026/08/05 12:19:08.972, 17, 554, 60.47
2026/08/05 12:19:10.974, 14, 554, 65.34
2026/08/05 12:19:12.975, 13, 554, 59.50
2026/08/05 12:19:14.976, 16, 554, 69.24
2026/08/05 12:19:16.978, 14, 554, 60.47
2026/08/05 12:19:18.979, 16, 554, 64.37
2026/08/05 12:19:20.981, 14, 554, 62.91
2026/08/05 12:19:22.982, 14, 554, 64.86
2026/08/05 12:19:24.984, 14, 554, 65.83
2026/08/05 12:19:26.985, 16, 554, 69.24
2026/08/05 12:19:28.987, 17, 554, 65.83
2026/08/05 12:19:30.989, 16, 554, 65.34
2026/08/05 12:19:32.991, 16, 554, 61.45
2026/08/05 12:19:34.992, 16, 554, 62.42
2026/08/05 12:19:36.994, 14, 554, 62.91
2026/08/05 12:19:38.995, 14, 554, 70.70
2026/08/05 12:19:40.996, 15, 554, 62.87
2026/08/05 12:19:42.998, 18, 554, 61.94
2026/08/05 12:19:44.999, 15, 554, 63.40
2026/08/05 12:19:47.001, 14, 554, 60.47
2026/08/05 12:19:49.002, 13, 554, 65.83
2026/08/05 12:19:51.005, 18, 554, 71.67
2026/08/05 12:19:53.007, 15, 554, 62.91
2026/08/05 12:19:55.008, 14, 554, 60.47
2026/08/05 12:19:57.009, 14, 554, 61.94
2026/08/05 12:19:59.011, 14, 554, 65.83
2026/08/05 12:20:01.012, 15, 554, 63.40
2026/08/05 12:20:03.014, 16, 554, 61.45
2026/08/05 12:20:05.015, 14, 554, 66.32
2026/08/05 12:20:07.016, 17, 554, 61.45
2026/08/05 12:20:09.018, 12, 554, 67.78
2026/08/05 12:20:11.019, 12, 554, 61.94
2026/08/05 12:20:13.021, 12, 554, 59.99
2026/08/05 12:20:15.023, 16, 554, 61.45
2026/08/05 12:20:17.025, 16, 554, 65.34
2026/08/05 12:20:19.026, 14, 554, 64.86
2026/08/05 12:20:21.028, 16, 554, 60.96
2026/08/05 12:20:23.029, 15, 554, 65.34
2026/08/05 12:20:25.031, 16, 554, 61.45
2026/08/05 12:20:27.032, 14, 554, 65.34
2026/08/05 12:20:29.034, 14, 554, 60.47
2026/08/05 12:20:31.035, 15, 554, 60.96
2026/08/05 12:20:33.037, 17, 554, 64.37
2026/08/05 12:20:35.038, 16, 554, 64.33
2026/08/05 12:20:37.039, 14, 554, 60.96
2026/08/05 12:20:39.041, 14, 554, 62.42
2026/08/05 12:20:41.042, 16, 554, 67.78
2026/08/05 12:20:43.044, 17, 554, 61.45
2026/08/05 12:20:45.045, 17, 554, 69.24
2026/08/05 12:20:47.047, 16, 554, 65.34
2026/08/05 12:20:49.048, 14, 554, 63.40
2026/08/05 12:20:51.049, 15, 554, 68.26
2026/08/05 12:20:53.052, 15, 554, 60.96
2026/08/05 12:20:55.055, 18, 554, 60.47
2026/08/05 12:20:57.058, 13, 554, 59.99
2026/08/05 12:20:59.059, 15, 554, 61.45
2026/08/05 12:21:01.061, 15, 554, 62.42
2026/08/05 12:21:03.062, 10, 554, 60.47
2026/08/05 12:21:05.064, 16, 554, 63.88
2026/08/05 12:21:07.065, 15, 554, 61.45
2026/08/05 12:21:09.066, 16, 554, 63.40
2026/08/05 12:21:11.068, 15, 554, 61.45
2026/08/05 12:21:13.069, 16, 554, 64.37
2026/08/05 12:21:15.071, 14, 554, 66.80
2026/08/05 12:21:17.072, 14, 554, 61.94
2026/08/05 12:21:19.074, 17, 554, 64.86
2026/08/05 12:21:21.076, 16, 554, 65.83
2026/08/05 12:21:23.077, 16, 554, 60.96
2026/08/05 12:21:25.078, 16, 554, 61.45
2026/08/05 12:21:27.080, 16, 554, 61.94
2026/08/05 12:21:29.081, 15, 554, 61.94
2026/08/05 12:21:31.082, 15, 554, 65.83
2026/08/05 12:21:33.084, 14, 554, 61.45
2026/08/05 12:21:35.085, 17, 554, 62.91
2026/08/05 12:21:37.087, 15, 554, 63.40
2026/08/05 12:21:39.088, 11, 554, 60.96
2026/08/05 12:21:41.090, 14, 554, 62.42
2026/08/05 12:21:43.092, 16, 554, 60.96
2026/08/05 12:21:45.093, 16, 554, 65.79
2026/08/05 12:21:47.095, 14, 554, 61.94
2026/08/05 12:21:49.096, 14, 554, 70.70
2026/08/05 12:21:51.098, 13, 554, 61.45
2026/08/05 12:21:53.099, 15, 554, 65.83
2026/08/05 12:21:55.101, 16, 554, 64.86
2026/08/05 12:21:57.102, 17, 554, 60.96
2026/08/05 12:21:59.105, 15, 554, 65.34
2026/08/05 12:22:01.108, 15, 554, 65.83
2026/08/05 12:22:03.111, 15, 554, 62.42
2026/08/05 12:22:05.112, 14, 554, 62.42
2026/08/05 12:22:07.114, 16, 554, 62.42
2026/08/05 12:22:09.115, 15, 554, 60.96
2026/08/05 12:22:11.118, 16, 554, 65.34
2026/08/05 12:22:13.120, 15, 554, 67.78
2026/08/05 12:22:15.121, 17, 554, 60.47
2026/08/05 12:22:17.122, 15, 554, 62.42
2026/08/05 12:22:19.124, 15, 554, 63.40
2026/08/05 12:22:21.125, 16, 554, 60.96
2026/08/05 12:22:23.127, 14, 554, 60.47
2026/08/05 12:22:25.128, 16, 554, 62.91
2026/08/05 12:22:27.130, 14, 554, 60.96
2026/08/05 12:22:29.133, 16, 554, 60.96
2026/08/05 12:22:31.134, 13, 554, 65.83
2026/08/05 12:22:33.136, 13, 554, 67.29
2026/08/05 12:22:35.137, 14, 554, 65.34
2026/08/05 12:22:37.138, 17, 554, 62.87
2026/08/05 12:22:39.140, 14, 554, 61.45
2026/08/05 12:22:41.141, 14, 554, 70.21
2026/08/05 12:22:43.143, 15, 554, 63.40
2026/08/05 12:22:45.144, 16, 554, 64.86
2026/08/05 12:22:47.145, 18, 554, 69.72
2026/08/05 12:22:49.147, 15, 554, 68.26
2026/08/05 12:22:51.148, 16, 554, 65.34
2026/08/05 12:22:53.151, 15, 554, 61.94
2026/08/05 12:22:55.152, 14, 554, 60.96
2026/08/05 12:22:57.154, 15, 554, 71.18
2026/08/05 12:22:59.155, 15, 554, 66.32
2026/08/05 12:23:01.157, 14, 554, 60.96
2026/08/05 12:23:03.158, 16, 554, 61.45
2026/08/05 12:23:05.160, 14, 554, 68.75
2026/08/05 12:23:07.163, 16, 554, 65.34
2026/08/05 12:23:09.166, 14, 554, 62.91
2026/08/05 12:23:11.167, 18, 554, 60.96
2026/08/05 12:23:13.169, 16, 554, 63.88
2026/08/05 12:23:15.170, 15, 554, 60.47
2026/08/05 12:23:17.172, 15, 554, 63.40
2026/08/05 12:23:19.173, 16, 554, 62.91
2026/08/05 12:23:21.175, 12, 554, 60.96
2026/08/05 12:23:23.176, 17, 554, 59.99
2026/08/05 12:23:25.178, 15, 554, 64.86
2026/08/05 12:23:27.179, 16, 554, 60.47
2026/08/05 12:23:29.181, 12, 554, 59.99
2026/08/05 12:23:31.182, 12, 554, 59.99
2026/08/05 12:23:33.184, 16, 554, 62.42
2026/08/05 12:23:35.186, 16, 554, 68.75
2026/08/05 12:23:37.188, 16, 554, 64.86
2026/08/05 12:23:39.189, 14, 554, 61.45
2026/08/05 12:23:41.191, 16, 554, 60.96
2026/08/05 12:23:43.192, 13, 554, 60.96
2026/08/05 12:23:45.194, 14, 554, 62.83
2026/08/05 12:23:47.195, 14, 554, 73.08
2026/08/05 12:23:49.197, 17, 554, 62.42
2026/08/05 12:23:51.199, 16, 554, 63.88
2026/08/05 12:23:53.201, 15, 554, 66.32
2026/08/05 12:23:55.203, 16, 554, 64.37
2026/08/05 12:23:57.204, 16, 554, 62.42
2026/08/05 12:23:59.206, 16, 554, 61.45
2026/08/05 12:24:01.207, 17, 554, 63.88
2026/08/05 12:24:03.208, 14, 554, 62.42
2026/08/05 12:24:05.210, 17, 554, 62.42
2026/08/05 12:24:07.211, 14, 554, 60.47
2026/08/05 12:24:09.213, 14, 554, 71.18
2026/08/05 12:24:11.214, 16, 554, 59.99
2026/08/05 12:24:13.216, 16, 554, 61.94
2026/08/05 12:24:15.217, 12, 554, 64.86
2026/08/05 12:24:17.219, 16, 554, 63.40
2026/08/05 12:24:19.221, 17, 554, 61.94
2026/08/05 12:24:21.222, 15, 554, 65.34
2026/08/05 12:24:23.224, 15, 554, 63.88
2026/08/05 12:24:25.226, 15, 554, 62.87
2026/08/05 12:24:27.227, 18, 554, 62.42
2026/08/05 12:24:29.229, 17, 554, 61.45
2026/08/05 12:24:31.230, 15, 554, 61.45
2026/08/05 12:24:33.232, 15, 554, 60.47
2026/08/05 12:24:35.233, 15, 554, 63.40
2026/08/05 12:24:37.236, 16, 554, 64.86
2026/08/05 12:24:39.238, 17, 554, 61.45
2026/08/05 12:24:41.240, 14, 554, 63.40
2026/08/05 12:24:43.241, 14, 554, 60.47
2026/08/05 12:24:45.242, 16, 554, 61.45
2026/08/05 12:24:47.244, 14, 554, 61.94
2026/08/05 12:24:49.245, 15, 554, 60.47
2026/08/05 12:24:51.247, 15, 554, 61.94
2026/08/05 12:24:53.248, 15, 554, 62.42
2026/08/05 12:24:55.249, 15, 554, 63.40
2026/08/05 12:24:57.251, 13, 554, 61.89
2026/08/05 12:24:59.252, 16, 554, 64.86
2026/08/05 12:25:01.254, 16, 554, 61.94
2026/08/05 12:25:03.257, 14, 554, 61.94
2026/08/05 12:25:05.259, 17, 554, 62.91
2026/08/05 12:25:07.260, 15, 554, 62.91
2026/08/05 12:25:09.262, 12, 554, 60.47
2026/08/05 12:25:11.263, 16, 554, 61.45
2026/08/05 12:25:13.265, 15, 554, 60.47
2026/08/05 12:25:15.266, 15, 554, 63.40
2026/08/05 12:25:17.267, 15, 554, 60.96
2026/08/05 12:25:19.269, 15, 554, 60.47
2026/08/05 12:25:21.270, 14, 554, 70.21
2026/08/05 12:25:23.273, 16, 554, 60.47
2026/08/05 12:25:25.274, 10, 554, 66.32
2026/08/05 12:25:27.276, 15, 554, 61.45
2026/08/05 12:25:29.277, 18, 554, 64.86
2026/08/05 12:25:31.278, 13, 554, 61.94
2026/08/05 12:25:33.280, 16, 554, 63.88
2026/08/05 12:25:35.281, 13, 554, 66.32
2026/08/05 12:25:37.283, 18, 554, 62.91
2026/08/05 12:25:39.284, 14, 554, 64.37
2026/08/05 12:25:41.285, 15, 554, 61.45
2026/08/05 12:25:43.288, 17, 554, 60.47
2026/08/05 12:25:45.289, 17, 554, 64.37
2026/08/05 12:25:47.291, 15, 554, 63.88
2026/08/05 12:25:49.292, 14, 554, 60.96
2026/08/05 12:25:51.294, 17, 554, 65.83
2026/08/05 12:25:53.295, 15, 554, 61.94
2026/08/05 12:25:55.296, 17, 554, 63.88
2026/08/05 12:25:57.298, 15, 554, 64.37
2026/08/05 12:25:59.299, 14, 554, 60.96
2026/08/05 12:26:01.301, 16, 554, 62.42
2026/08/05 12:26:03.303, 17, 554, 73.13
2026/08/05 12:26:05.305, 15, 554, 61.94
2026/08/05 12:26:07.306, 14, 554, 62.91
2026/08/05 12:26:09.307, 16, 554, 61.98
2026/08/05 12:26:11.309, 15, 554, 61.45
2026/08/05 12:26:13.310, 16, 554, 62.42
2026/08/05 12:26:15.312, 15, 554, 62.42
2026/08/05 12:26:17.313, 18, 554, 70.21
2026/08/05 12:26:19.314, 10, 554, 61.94
2026/08/05 12:26:21.316, 10, 554, 65.83
2026/08/05 12:26:23.317, 11, 554, 62.42
2026/08/05 12:26:25.319, 14, 554, 61.45
2026/08/05 12:26:27.320, 12, 554, 60.47
2026/08/05 12:26:29.321, 13, 554, 65.83
2026/08/05 12:26:31.323, 12, 554, 60.47
2026/08/05 12:26:33.325, 12, 554, 61.94
2026/08/05 12:26:35.326, 14, 554, 72.11
2026/08/05 12:26:37.328, 13, 554, 61.45
2026/08/05 12:26:39.329, 16, 554, 71.67
2026/08/05 12:26:41.331, 15, 554, 71.14
2026/08/05 12:26:43.332, 16, 554, 65.83
2026/08/05 12:26:45.333, 16, 554, 62.42
2026/08/05 12:26:47.335, 13, 554, 64.86
2026/08/05 12:26:49.336, 14, 554, 61.94
2026/08/05 12:26:51.338, 13, 554, 65.34
2026/08/05 12:26:53.339, 11, 554, 62.91
2026/08/05 12:26:55.341, 16, 554, 62.91
2026/08/05 12:26:57.344, 15, 554, 60.96
2026/08/05 12:26:59.345, 15, 554, 70.65
2026/08/05 12:27:01.347, 16, 554, 68.26
2026/08/05 12:27:03.348, 15, 554, 62.42
2026/08/05 12:27:05.350, 16, 554, 66.32
2026/08/05 12:27:07.351, 10, 554, 59.99
2026/08/05 12:27:09.353, 15, 554, 63.88
2026/08/05 12:27:11.354, 16, 554, 62.91
2026/08/05 12:27:13.356, 15, 554, 65.83
2026/08/05 12:27:15.357, 16, 554, 64.37
2026/08/05 12:27:17.358, 14, 554, 66.76
2026/08/05 12:27:19.360, 14, 554, 61.45
2026/08/05 12:27:21.361, 14, 554, 60.96
2026/08/05 12:27:23.362, 14, 554, 64.37
2026/08/05 12:27:25.364, 14, 554, 64.37
2026/08/05 12:27:27.365, 14, 554, 59.50
2026/08/05 12:27:29.367, 15, 554, 61.94
2026/08/05 12:27:31.368, 14, 554, 60.47
2026/08/05 12:27:33.369, 15, 554, 60.96
2026/08/05 12:27:35.371, 17, 554, 60.47
2026/08/05 12:27:37.372, 14, 554, 68.26
2026/08/05 12:27:39.375, 18, 554, 63.40
2026/08/05 12:27:41.376, 16, 554, 62.42
2026/08/05 12:27:43.378, 17, 554, 63.44
2026/08/05 12:27:45.379, 14, 554, 62.42
2026/08/05 12:27:47.381, 15, 554, 62.42
2026/08/05 12:27:49.382, 16, 554, 61.45
2026/08/05 12:27:51.383, 15, 554, 66.32
2026/08/05 12:27:53.385, 15, 554, 65.83
2026/08/05 12:27:55.386, 14, 554, 63.88
2026/08/05 12:27:57.388, 14, 554, 62.91
2026/08/05 12:27:59.389, 16, 554, 65.83
2026/08/05 12:28:01.390, 18, 554, 70.21
2026/08/05 12:28:03.392, 14, 554, 62.42
2026/08/05 12:28:05.395, 16, 554, 60.96
2026/08/05 12:28:07.397, 15, 554, 63.88
2026/08/05 12:28:09.399, 15, 554, 63.88
2026/08/05 12:28:11.400, 18, 554, 69.72
2026/08/05 12:28:13.402, 16, 554, 62.42
2026/08/05 12:28:15.403, 15, 554, 72.60
2026/08/05 12:28:17.405, 14, 554, 60.47
2026/08/05 12:28:19.406, 14, 554, 64.37
2026/08/05 12:28:21.407, 11, 554, 68.26
2026/08/05 12:28:23.409, 16, 554, 62.91
2026/08/05 12:28:25.410, 15, 554, 60.47
2026/08/05 12:28:27.412, 18, 554, 60.96
2026/08/05 12:28:29.413, 12, 554, 61.94
2026/08/05 12:28:31.415, 12, 554, 61.94
2026/08/05 12:28:33.416, 16, 554, 66.32
2026/08/05 12:28:35.418, 17, 554, 60.47
2026/08/05 12:28:37.419, 16, 554, 65.83
2026/08/05 12:28:39.421, 16, 554, 62.42
2026/08/05 12:28:41.422, 14, 554, 63.88
2026/08/05 12:28:43.423, 10, 554, 62.87
2026/08/05 12:28:45.425, 16, 554, 60.96
2026/08/05 12:28:47.427, 13, 554, 62.42
2026/08/05 12:28:49.429, 14, 554, 66.32
2026/08/05 12:28:51.431, 17, 554, 71.18
2026/08/05 12:28:53.432, 15, 554, 72.16
2026/08/05 12:28:55.434, 17, 554, 59.99
2026/08/05 12:28:57.435, 16, 554, 71.67
2026/08/05 12:28:59.439, 14, 554, 62.42
2026/08/05 12:29:01.441, 15, 554, 60.47
2026/08/05 12:29:03.443, 17, 554, 70.70
2026/08/05 12:29:05.444, 16, 554, 62.91
2026/08/05 12:29:07.445, 15, 554, 60.96
2026/08/05 12:29:09.447, 12, 554, 61.94
2026/08/05 12:29:11.448, 17, 554, 61.45
2026/08/05 12:29:13.450, 17, 554, 66.32
2026/08/05 12:29:15.452, 15, 554, 65.83
2026/08/05 12:29:17.453, 15, 554, 63.88
2026/08/05 12:29:19.455, 12, 554, 65.34
2026/08/05 12:29:21.456, 15, 554, 64.33
2026/08/05 12:29:23.458, 14, 554, 62.42
2026/08/05 12:29:25.459, 16, 554, 60.47
2026/08/05 12:29:27.460, 14, 554, 63.35
2026/08/05 12:29:29.462, 15, 554, 61.94
2026/08/05 12:29:31.463, 14, 554, 59.99
2026/08/05 12:29:33.464, 18, 554, 69.72
2026/08/05 12:29:35.466, 15, 554, 66.32
2026/08/05 12:29:37.468, 16, 554, 61.45
2026/08/05 12:29:39.470, 15, 554, 64.86
2026/08/05 12:29:41.471, 14, 554, 66.76
2026/08/05 12:29:43.473, 16, 554, 61.94
2026/08/05 12:29:45.474, 14, 554, 62.42
2026/08/05 12:29:47.475, 15, 554, 60.47
2026/08/05 12:29:49.478, 15, 554, 63.40
2026/08/05 12:29:51.479, 18, 554, 63.40
2026/08/05 12:29:53.481, 14, 554, 60.47
2026/08/05 12:29:55.482, 15, 554, 62.42
2026/08/05 12:29:57.483, 16, 554, 64.86
2026/08/05 12:29:59.485, 15, 554, 62.42
2026/08/05 12:30:01.486, 17, 554, 66.32
2026/08/05 12:30:03.487, 9, 554, 61.94
2026/08/05 12:30:05.489, 17, 554, 63.40
2026/08/05 12:30:07.490, 12, 554, 60.96
2026/08/05 12:30:09.492, 9, 554, 63.88
2026/08/05 12:30:11.493, 14, 554, 59.95
2026/08/05 12:30:13.495, 16, 554, 65.83
2026/08/05 12:30:15.498, 15, 554, 62.91
2026/08/05 12:30:17.500, 16, 554, 62.42
2026/08/05 12:30:19.502, 15, 554, 62.42
2026/08/05 12:30:21.503, 18, 554, 61.94
2026/08/05 12:30:23.505, 14, 554, 68.75
2026/08/05 12:30:25.506, 13, 554, 61.94
2026/08/05 12:30:27.508, 14, 554, 61.94
2026/08/05 12:30:29.510, 15, 554, 61.45
2026/08/05 12:30:31.511, 15, 554, 59.99
2026/08/05 12:30:33.512, 14, 554, 65.83
2026/08/05 12:30:35.514, 15, 554, 61.94
2026/08/05 12:30:37.515, 16, 554, 63.88
2026/08/05 12:30:39.517, 15, 554, 64.37
2026/08/05 12:30:41.521, 14, 554, 63.88
2026/08/05 12:30:43.525, 16, 554, 62.42
2026/08/05 12:30:45.526, 15, 554, 61.94
2026/08/05 12:30:47.528, 18, 554, 61.94
2026/08/05 12:30:49.529, 14, 554, 62.42
2026/08/05 12:30:51.531, 17, 554, 61.94
2026/08/05 12:30:53.532, 16, 554, 60.96
2026/08/05 12:30:55.534, 17, 554, 62.91
2026/08/05 12:30:57.535, 17, 554, 61.94
2026/08/05 12:30:59.537, 16, 554, 61.45
2026/08/05 12:31:01.540, 17, 554, 66.76
2026/08/05 12:31:03.541, 18, 554, 64.86
2026/08/05 12:31:05.543, 16, 554, 60.96
2026/08/05 12:31:07.544, 16, 554, 65.34
2026/08/05 12:31:09.545, 14, 554, 60.47
2026/08/05 12:31:11.547, 15, 554, 65.34
2026/08/05 12:31:13.548, 16, 554, 65.83
2026/08/05 12:31:15.549, 13, 554, 61.45
2026/08/05 12:31:17.551, 15, 554, 73.13
2026/08/05 12:31:19.552, 14, 554, 66.80
2026/08/05 12:31:21.553, 16, 554, 61.45
2026/08/05 12:31:23.555, 15, 554, 60.96
2026/08/05 12:31:25.557, 17, 554, 60.96
2026/08/05 12:31:27.558, 16, 554, 63.84
2026/08/05 12:31:29.559, 15, 554, 60.47
2026/08/05 12:31:31.561, 16, 554, 63.88
2026/08/05 12:31:33.562, 16, 554, 59.99
2026/08/05 12:31:35.563, 14, 554, 60.96
2026/08/05 12:31:37.565, 19, 554, 61.45
2026/08/05 12:31:39.566, 17, 554, 61.45
2026/08/05 12:31:41.568, 15, 554, 67.78
2026/08/05 12:31:43.569, 15, 554, 62.42
2026/08/05 12:31:45.570, 17, 554, 63.40
2026/08/05 12:31:47.573, 12, 554, 62.91
2026/08/05 12:31:49.575, 13, 554, 63.88
2026/08/05 12:31:51.576, 16, 554, 61.94
2026/08/05 12:31:53.579, 16, 554, 64.37
2026/08/05 12:31:55.581, 16, 554, 63.40
2026/08/05 12:31:57.583, 17, 554, 63.40
2026/08/05 12:31:59.584, 16, 554, 60.47
2026/08/05 12:32:01.585, 15, 554, 61.45
2026/08/05 12:32:03.587, 17, 554, 66.32
2026/08/05 12:32:05.588, 15, 554, 66.32
2026/08/05 12:32:07.590, 15, 554, 63.40
2026/08/05 12:32:09.592, 16, 554, 73.57
2026/08/05 12:32:11.593, 17, 554, 60.47
2026/08/05 12:32:13.595, 17, 554, 60.47
2026/08/05 12:32:15.596, 17, 554, 61.45
2026/08/05 12:32:17.598, 15, 554, 62.91
2026/08/05 12:32:19.599, 13, 554, 62.91
2026/08/05 12:32:21.600, 15, 554, 61.45
2026/08/05 12:32:23.602, 14, 554, 61.45
2026/08/05 12:32:25.603, 18, 554, 60.96
2026/08/05 12:32:27.604, 15, 554, 63.88
2026/08/05 12:32:29.606, 14, 554, 62.91
2026/08/05 12:32:31.607, 15, 554, 60.96
2026/08/05 12:32:33.610, 16, 554, 63.88
2026/08/05 12:32:35.611, 15, 554, 60.47
2026/08/05 12:32:37.613, 14, 554, 67.78
2026/08/05 12:32:39.614, 16, 554, 68.26
2026/08/05 12:32:41.616, 15, 554, 61.94
2026/08/05 12:32:43.617, 16, 554, 65.83
2026/08/05 12:32:45.619, 16, 554, 64.86
2026/08/05 12:32:47.620, 15, 554, 66.32
2026/08/05 12:32:49.622, 14, 554, 65.34
2026/08/05 12:32:51.623, 14, 554, 64.86
2026/08/05 12:32:53.625, 16, 554, 61.94
2026/08/05 12:32:55.626, 14, 554, 61.45
2026/08/05 12:32:57.629, 14, 554, 67.29
2026/08/05 12:32:59.631, 16, 554, 60.47
2026/08/05 12:33:01.632, 16, 554, 62.46
2026/08/05 12:33:03.633, 18, 554, 61.45
2026/08/05 12:33:05.635, 14, 554, 60.47
2026/08/05 12:33:07.636, 16, 554, 59.99
2026/08/05 12:33:09.637, 13, 554, 64.37
2026/08/05 12:33:11.639, 15, 554, 64.37
2026/08/05 12:33:13.640, 16, 554, 63.40
2026/08/05 12:33:15.643, 15, 554, 71.67
2026/08/05 12:33:17.646, 16, 554, 61.45
2026/08/05 12:33:19.647, 14, 554, 60.47
2026/08/05 12:33:21.649, 15, 554, 63.88
2026/08/05 12:33:23.650, 17, 554, 60.47
2026/08/05 12:33:25.652, 12, 554, 62.91
2026/08/05 12:33:27.653, 11, 554, 59.95
2026/08/05 12:33:29.654, 15, 554, 60.96
2026/08/05 12:33:31.656, 14, 554, 60.47
2026/08/05 12:33:33.657, 16, 554, 63.88
2026/08/05 12:33:35.659, 15, 554, 60.47
2026/08/05 12:33:37.660, 15, 554, 61.94
2026/08/05 12:33:39.662, 15, 554, 72.16
2026/08/05 12:33:41.664, 16, 554, 64.37
2026/08/05 12:33:43.667, 18, 554, 63.40
2026/08/05 12:33:45.668, 16, 554, 61.49
2026/08/05 12:33:47.669, 17, 554, 63.40
2026/08/05 12:33:49.671, 16, 554, 63.88
2026/08/05 12:33:51.672, 18, 554, 63.40
2026/08/05 12:33:53.674, 14, 554, 61.94
2026/08/05 12:33:55.675, 16, 554, 61.45
2026/08/05 12:33:57.677, 14, 554, 60.96
2026/08/05 12:33:59.678, 15, 554, 60.47
2026/08/05 12:34:01.679, 15, 554, 59.99
2026/08/05 12:34:03.681, 16, 554, 63.88
2026/08/05 12:34:05.682, 14, 554, 61.45
2026/08/05 12:34:07.683, 14, 554, 68.26
2026/08/05 12:34:09.685, 13, 554, 60.96
2026/08/05 12:34:11.686, 15, 554, 61.94
2026/08/05 12:34:13.688, 16, 554, 63.88
2026/08/05 12:34:15.689, 16, 554, 66.27
2026/08/05 12:34:17.691, 14, 554, 72.16
2026/08/05 12:34:19.692, 14, 554, 67.78
2026/08/05 12:34:21.694, 16, 554, 64.37
2026/08/05 12:34:23.695, 14, 554, 60.96
2026/08/05 12:34:25.697, 15, 554, 61.45
2026/08/05 12:34:27.699, 17, 554, 61.94
2026/08/05 12:34:29.700, 15, 554, 60.47
2026/08/05 12:34:31.701, 15, 554, 60.96
2026/08/05 12:34:33.703, 14, 554, 64.33
2026/08/05 12:34:35.704, 11, 554, 70.16
2026/08/05 12:34:37.705, 18, 554, 62.91
2026/08/05 12:34:39.707, 14, 554, 71.67
2026/08/05 12:34:41.708, 16, 554, 64.86
2026/08/05 12:34:43.711, 13, 554, 61.45
2026/08/05 12:34:45.712, 18, 554, 61.94
2026/08/05 12:34:47.714, 16, 554, 62.91
2026/08/05 12:34:49.715, 15, 554, 61.45
2026/08/05 12:34:51.717, 16, 554, 60.47
2026/08/05 12:34:53.718, 15, 554, 62.42
2026/08/05 12:34:55.719, 17, 554, 61.94
2026/08/05 12:34:57.721, 16, 554, 71.67
2026/08/05 12:34:59.722, 14, 554, 61.45
2026/08/05 12:35:01.724, 14, 554, 63.88
2026/08/05 12:35:03.725, 15, 554, 69.24
2026/08/05 12:35:05.727, 15, 554, 63.40
2026/08/05 12:35:07.728, 12, 554, 60.96
2026/08/05 12:35:09.730, 14, 554, 61.94
2026/08/05 12:35:11.731, 14, 554, 61.45
2026/08/05 12:35:13.733, 16, 554, 68.26
2026/08/05 12:35:15.735, 14, 554, 60.47
2026/08/05 12:35:17.737, 18, 554, 62.42
2026/08/05 12:35:19.738, 18, 554, 63.88
2026/08/05 12:35:21.739, 16, 554, 69.24
2026/08/05 12:35:23.741, 16, 554, 61.45
2026/08/05 12:35:25.742, 15, 554, 61.45
2026/08/05 12:35:27.744, 14, 554, 61.94
2026/08/05 12:35:29.745, 15, 554, 60.96
2026/08/05 12:35:31.746, 14, 554, 61.45
2026/08/05 12:35:33.748, 14, 554, 62.38
2026/08/05 12:35:35.749, 16, 554, 65.34
2026/08/05 12:35:37.751, 17, 554, 75.03
2026/08/05 12:35:39.752, 16, 554, 64.37
2026/08/05 12:35:41.753, 16, 554, 64.86
2026/08/05 12:35:43.755, 13, 554, 63.40
2026/08/05 12:35:45.758, 17, 554, 61.94
2026/08/05 12:35:47.759, 14, 554, 60.47
2026/08/05 12:35:49.761, 16, 554, 65.34
2026/08/05 12:35:51.762, 16, 554, 61.45
2026/08/05 12:35:53.764, 18, 554, 60.47
2026/08/05 12:35:55.765, 14, 554, 60.47
2026/08/05 12:35:57.767, 18, 554, 65.34
2026/08/05 12:35:59.769, 11, 554, 64.37
2026/08/05 12:36:01.770, 14, 554, 61.94
2026/08/05 12:36:03.773, 15, 554, 66.32
2026/08/05 12:36:05.774, 14, 554, 63.40
2026/08/05 12:36:07.776, 16, 554, 66.32
2026/08/05 12:36:09.778, 14, 554, 60.96
2026/08/05 12:36:11.779, 15, 554, 63.88
2026/08/05 12:36:13.781, 14, 554, 60.47
2026/08/05 12:36:15.782, 18, 554, 65.83
2026/08/05 12:36:17.784, 14, 554, 63.88
2026/08/05 12:36:19.785, 14, 554, 65.34
2026/08/05 12:36:21.786, 16, 554, 62.91
2026/08/05 12:36:23.788, 14, 554, 62.42
2026/08/05 12:36:25.789, 14, 554, 62.91
2026/08/05 12:36:27.791, 18, 554, 64.37
2026/08/05 12:36:29.792, 15, 554, 60.47
2026/08/05 12:36:31.794, 14, 554, 61.45
2026/08/05 12:36:33.795, 16, 554, 61.94
2026/08/05 12:36:35.796, 15, 554, 60.96
2026/08/05 12:36:37.798, 16, 554, 60.96
2026/08/05 12:36:39.799, 15, 554, 62.42
2026/08/05 12:36:41.801, 15, 554, 61.45
2026/08/05 12:36:43.802, 15, 554, 61.45
2026/08/05 12:36:45.804, 13, 554, 60.47
2026/08/05 12:36:47.805, 15, 554, 65.83
2026/08/05 12:36:49.807, 15, 554, 72.64
2026/08/05 12:36:51.808, 16, 554, 61.94
2026/08/05 12:36:53.810, 17, 554, 60.47
2026/08/05 12:36:55.811, 17, 554, 68.75
2026/08/05 12:36:57.813, 14, 554, 61.94
2026/08/05 12:36:59.814, 16, 554, 71.62
2026/08/05 12:37:01.815, 15, 554, 64.86
2026/08/05 12:37:03.817, 15, 554, 61.45
2026/08/05 12:37:05.818, 17, 554, 61.45
2026/08/05 12:37:07.820, 16, 554, 62.91
2026/08/05 12:37:09.821, 15, 554, 60.96
2026/08/05 12:37:11.824, 17, 554, 61.45
2026/08/05 12:37:13.827, 14, 554, 64.37
2026/08/05 12:37:15.828, 15, 554, 62.42
2026/08/05 12:37:17.830, 17, 554, 62.42
2026/08/05 12:37:19.831, 14, 554, 63.40
2026/08/05 12:37:21.832, 14, 554, 61.89
2026/08/05 12:37:23.834, 16, 554, 60.96
2026/08/05 12:37:25.836, 15, 554, 64.37
2026/08/05 12:37:27.837, 14, 554, 61.94
2026/08/05 12:37:29.838, 16, 554, 62.91
2026/08/05 12:37:31.840, 16, 554, 64.86
2026/08/05 12:37:33.841, 17, 554, 70.65
2026/08/05 12:37:35.843, 16, 554, 71.62
2026/08/05 12:37:37.844, 15, 554, 63.40
2026/08/05 12:37:39.845, 13, 554, 62.42
2026/08/05 12:37:41.848, 15, 554, 64.37
2026/08/05 12:37:43.849, 16, 554, 63.40
2026/08/05 12:37:45.851, 16, 554, 62.42
2026/08/05 12:37:47.852, 17, 554, 61.94
2026/08/05 12:37:49.854, 14, 554, 61.94
2026/08/05 12:37:51.855, 14, 554, 63.88
2026/08/05 12:37:53.857, 15, 554, 62.46
2026/08/05 12:37:55.858, 12, 554, 59.50
2026/08/05 12:37:57.860, 14, 554, 63.40
2026/08/05 12:37:59.861, 17, 554, 63.88
2026/08/05 12:38:01.863, 16, 554, 62.42
2026/08/05 12:38:03.865, 18, 554, 64.37
2026/08/05 12:38:05.866, 16, 554, 63.40
2026/08/05 12:38:07.867, 16, 554, 61.45
2026/08/05 12:38:09.869, 18, 554, 65.83
2026/08/05 12:38:11.870, 14, 554, 65.83
2026/08/05 12:38:13.872, 15, 554, 62.42
2026/08/05 12:38:15.873, 16, 554, 61.45
2026/08/05 12:38:17.874, 16, 554, 62.38
2026/08/05 12:38:19.876, 15, 554, 62.91
2026/08/05 12:38:21.877, 17, 554, 61.94
2026/08/05 12:38:23.879, 12, 554, 61.94
2026/08/05 12:38:25.880, 16, 554, 64.86
2026/08/05 12:38:27.883, 14, 554, 64.86
2026/08/05 12:38:29.885, 13, 554, 66.32
2026/08/05 12:38:31.886, 11, 554, 63.40
2026/08/05 12:38:33.888, 14, 554, 60.47
2026/08/05 12:38:35.889, 17, 554, 61.94
2026/08/05 12:38:37.890, 18, 554, 72.16
2026/08/05 12:38:39.893, 16, 554, 65.34
2026/08/05 12:38:41.894, 15, 554, 63.40
2026/08/05 12:38:43.896, 16, 554, 61.45
2026/08/05 12:38:45.897, 15, 554, 60.47
2026/08/05 12:38:47.899, 16, 554, 61.45
2026/08/05 12:38:49.900, 16, 554, 60.96
2026/08/05 12:38:51.902, 16, 554, 63.40
2026/08/05 12:38:53.903, 16, 554, 66.32
2026/08/05 12:38:55.904, 16, 554, 60.96
2026/08/05 12:38:57.906, 16, 554, 64.86
2026/08/05 12:38:59.907, 16, 554, 64.37
2026/08/05 12:39:01.909, 14, 554, 63.88
2026/08/05 12:39:03.911, 14, 554, 65.34
2026/08/05 12:39:05.914, 15, 554, 64.37
2026/08/05 12:39:07.916, 16, 554, 61.94
2026/08/05 12:39:09.917, 17, 554, 61.45
2026/08/05 12:39:11.918, 17, 554, 62.91
2026/08/05 12:39:13.920, 14, 554, 60.96
2026/08/05 12:39:15.921, 14, 554, 61.45
2026/08/05 12:39:17.923, 17, 554, 62.42
2026/08/05 12:39:19.924, 16, 554, 60.47
2026/08/05 12:39:21.926, 17, 554, 69.24
2026/08/05 12:39:23.927, 14, 554, 61.94
2026/08/05 12:39:25.928, 16, 554, 66.80
2026/08/05 12:39:27.930, 14, 554, 65.34
2026/08/05 12:39:29.931, 13, 554, 59.50
2026/08/05 12:39:31.933, 15, 554, 63.40
2026/08/05 12:39:33.934, 17, 554, 64.86
2026/08/05 12:39:35.936, 16, 554, 64.37
2026/08/05 12:39:37.937, 12, 554, 61.00
2026/08/05 12:39:39.939, 15, 554, 62.42
2026/08/05 12:39:41.940, 14, 554, 61.45
2026/08/05 12:39:43.941, 14, 554, 66.80
2026/08/05 12:39:45.943, 15, 554, 64.86
2026/08/05 12:39:47.944, 14, 554, 62.91
2026/08/05 12:39:49.946, 15, 554, 60.47
2026/08/05 12:39:51.947, 15, 554, 61.45
2026/08/05 12:39:53.949, 14, 554, 64.86
2026/08/05 12:39:55.950, 14, 554, 63.40
2026/08/05 12:39:57.952, 15, 554, 62.34
2026/08/05 12:39:59.953, 16, 554, 63.88
2026/08/05 12:40:01.954, 13, 554, 63.40
2026/08/05 12:40:03.956, 12, 554, 60.96
2026/08/05 12:40:05.958, 18, 554, 62.42
2026/08/05 12:40:07.961, 16, 554, 60.47
2026/08/05 12:40:09.962, 13, 554, 66.27
2026/08/05 12:40:11.964, 14, 554, 62.91
2026/08/05 12:40:13.965, 16, 554, 63.88
2026/08/05 12:40:15.966, 19, 554, 68.26
2026/08/05 12:40:17.968, 16, 554, 60.96
2026/08/05 12:40:19.969, 14, 554, 61.94
2026/08/05 12:40:21.971, 16, 554, 61.45
2026/08/05 12:40:23.972, 15, 554, 60.96
2026/08/05 12:40:25.974, 16, 554, 61.94
2026/08/05 12:40:27.975, 16, 554, 61.45
2026/08/05 12:40:29.977, 17, 554, 64.37
2026/08/05 12:40:31.979, 17, 554, 60.47
2026/08/05 12:40:33.980, 14, 554, 62.42
2026/08/05 12:40:35.982, 15, 554, 62.91
2026/08/05 12:40:37.983, 15, 554, 67.29
2026/08/05 12:40:39.984, 12, 554, 61.45
2026/08/05 12:40:41.986, 14, 554, 61.94
2026/08/05 12:40:43.987, 11, 554, 61.45
2026/08/05 12:40:45.989, 15, 554, 62.91
2026/08/05 12:40:47.990, 16, 554, 64.81
2026/08/05 12:40:49.991, 15, 554, 61.45
2026/08/05 12:40:51.993, 16, 554, 64.86
2026/08/05 12:40:53.994, 15, 554, 63.88
2026/08/05 12:40:55.995, 14, 554, 66.32
2026/08/05 12:40:57.997, 15, 554, 61.45
2026/08/05 12:40:59.998, 14, 554, 63.35
2026/08/05 12:41:02.000, 16, 554, 61.94
2026/08/05 12:41:04.001, 17, 554, 61.94
2026/08/05 12:41:06.002, 15, 554, 61.45
2026/08/05 12:41:08.004, 18, 554, 66.32
2026/08/05 12:41:10.006, 18, 554, 63.88
2026/08/05 12:41:12.007, 16, 554, 68.26
2026/08/05 12:41:14.009, 14, 554, 72.16
2026/08/05 12:41:16.010, 14, 554, 62.91
2026/08/05 12:41:18.011, 14, 554, 63.40
2026/08/05 12:41:20.013, 16, 554, 61.45
2026/08/05 12:41:22.014, 15, 554, 60.96
2026/08/05 12:41:24.016, 17, 554, 62.42
2026/08/05 12:41:26.017, 14, 554, 63.40
2026/08/05 12:41:28.018, 13, 554, 66.32
2026/08/05 12:41:30.020, 16, 554, 61.45
2026/08/05 12:41:32.023, 15, 554, 62.46
2026/08/05 12:41:34.024, 16, 554, 60.47
2026/08/05 12:41:36.025, 16, 554, 62.91
2026/08/05 12:41:38.027, 14, 554, 62.91
2026/08/05 12:41:40.028, 16, 554, 66.80
2026/08/05 12:41:42.030, 12, 554, 62.38
2026/08/05 12:41:44.031, 13, 554, 61.94
2026/08/05 12:41:46.032, 15, 554, 66.32
2026/08/05 12:41:48.034, 15, 554, 64.37
2026/08/05 12:41:50.035, 15, 554, 61.94
2026/08/05 12:41:52.037, 16, 554, 62.91
2026/08/05 12:41:54.038, 10, 554, 60.51
2026/08/05 12:41:56.039, 13, 554, 66.80
2026/08/05 12:41:58.041, 13, 554, 61.45
2026/08/05 12:42:00.042, 14, 554, 60.47
2026/08/05 12:42:02.044, 10, 554, 61.45
2026/08/05 12:42:04.045, 14, 554, 60.96
2026/08/05 12:42:06.046, 19, 554, 64.86
2026/08/05 12:42:08.048, 13, 554, 59.99
2026/08/05 12:42:10.049, 14, 554, 60.47
2026/08/05 12:42:12.051, 14, 554, 62.42
2026/08/05 12:42:14.053, 14, 554, 62.91
2026/08/05 12:42:16.054, 19, 554, 62.91
2026/08/05 12:42:18.055, 16, 554, 60.47
2026/08/05 12:42:20.058, 16, 554, 64.37
2026/08/05 12:42:22.060, 17, 554, 63.88
2026/08/05 12:42:24.063, 18, 554, 71.67
2026/08/05 12:42:26.064, 15, 554, 64.37
2026/08/05 12:42:28.065, 15, 554, 60.96
2026/08/05 12:42:30.067, 14, 554, 62.91
2026/08/05 12:42:32.068, 14, 554, 59.99
2026/08/05 12:42:34.070, 15, 554, 65.83
2026/08/05 12:42:36.071, 16, 554, 60.47
2026/08/05 12:42:38.073, 14, 554, 66.80
2026/08/05 12:42:40.074, 13, 554, 60.96
2026/08/05 12:42:42.075, 15, 554, 61.94
2026/08/05 12:42:44.077, 16, 554, 62.42
2026/08/05 12:42:46.078, 15, 554, 60.96
2026/08/05 12:42:48.080, 16, 554, 62.42
2026/08/05 12:42:50.081, 14, 554, 62.91
2026/08/05 12:42:52.082, 14, 554, 61.45
2026/08/05 12:42:54.084, 15, 554, 61.94
2026/08/05 12:42:56.085, 18, 554, 61.45
2026/08/05 12:42:58.087, 15, 554, 61.94
2026/08/05 12:43:00.088, 16, 554, 61.94
2026/08/05 12:43:02.090, 15, 554, 60.96
2026/08/05 12:43:04.091, 15, 554, 65.34
2026/08/05 12:43:06.093, 15, 554, 60.96
2026/08/05 12:43:08.094, 15, 554, 61.45
2026/08/05 12:43:10.096, 14, 554, 61.98
2026/08/05 12:43:12.097, 15, 554, 62.91
2026/08/05 12:43:14.099, 16, 554, 64.86
2026/08/05 12:43:16.101, 15, 554, 66.32
2026/08/05 12:43:18.103, 14, 554, 63.40
2026/08/05 12:43:20.105, 16, 554, 60.96
2026/08/05 12:43:22.106, 12, 554, 60.47
2026/08/05 12:43:24.108, 13, 554, 60.47
2026/08/05 12:43:26.109, 17, 554, 73.13
2026/08/05 12:43:28.111, 17, 554, 62.91
2026/08/05 12:43:30.112, 16, 554, 67.25
2026/08/05 12:43:32.113, 14, 554, 70.70
2026/08/05 12:43:34.115, 15, 554, 66.32
2026/08/05 12:43:36.116, 14, 554, 73.62
2026/08/05 12:43:38.118, 18, 554, 61.94
2026/08/05 12:43:40.119, 15, 554, 60.47
2026/08/05 12:43:42.121, 14, 554, 66.27
2026/08/05 12:43:44.122, 15, 554, 60.96
2026/08/05 12:43:46.123, 19, 554, 62.42
2026/08/05 12:43:48.125, 16, 554, 65.83
2026/08/05 12:43:50.126, 16, 554, 73.57
2026/08/05 12:43:52.128, 14, 554, 62.42
2026/08/05 12:43:54.129, 14, 554, 63.88
2026/08/05 12:43:56.131, 17, 554, 61.94
2026/08/05 12:43:58.132, 16, 554, 66.36
2026/08/05 12:44:00.134, 17, 554, 60.96
2026/08/05 12:44:02.135, 14, 554, 60.96
2026/08/05 12:44:04.138, 16, 554, 60.96
2026/08/05 12:44:06.142, 14, 554, 60.96
2026/08/05 12:44:08.144, 18, 554, 61.94
2026/08/05 12:44:10.145, 14, 554, 63.88
2026/08/05 12:44:12.147, 16, 554, 65.34
2026/08/05 12:44:14.148, 18, 554, 64.37
2026/08/05 12:44:16.149, 17, 554, 67.29
2026/08/05 12:44:18.151, 15, 554, 68.75
2026/08/05 12:44:20.152, 14, 554, 63.88
2026/08/05 12:44:22.154, 14, 554, 63.88
2026/08/05 12:44:24.155, 14, 554, 60.44
2026/08/05 12:44:26.157, 16, 554, 63.88
2026/08/05 12:44:28.159, 14, 554, 63.88
2026/08/05 12:44:30.160, 15, 554, 72.16
2026/08/05 12:44:32.162, 14, 554, 61.45
2026/08/05 12:44:34.163, 17, 554, 60.96
2026/08/05 12:44:36.165, 14, 554, 62.42
2026/08/05 12:44:38.166, 14, 554, 61.94
2026/08/05 12:44:40.167, 15, 554, 67.29
2026/08/05 12:44:42.169, 16, 554, 65.34
2026/08/05 12:44:44.170, 17, 554, 62.91
2026/08/05 12:44:46.172, 15, 554, 60.47
2026/08/05 12:44:48.173, 16, 554, 60.96
2026/08/05 12:44:50.175, 15, 554, 61.45
2026/08/05 12:44:52.176, 14, 554, 60.47
2026/08/05 12:44:54.177, 16, 554, 63.88
2026/08/05 12:44:56.179, 16, 554, 60.47
2026/08/05 12:44:58.180, 18, 554, 68.70
2026/08/05 12:45:00.182, 12, 554, 62.91
2026/08/05 12:45:02.183, 12, 554, 61.45
2026/08/05 12:45:04.185, 14, 554, 60.96
2026/08/05 12:45:06.186, 16, 554, 62.91
2026/08/05 12:45:08.187, 15, 554, 63.40
2026/08/05 12:45:10.189, 15, 554, 62.91
2026/08/05 12:45:12.192, 17, 554, 66.80
2026/08/05 12:45:14.193, 17, 554, 67.78
2026/08/05 12:45:16.199, 10, 554, 60.47
2026/08/05 12:45:18.200, 15, 554, 62.91
2026/08/05 12:45:20.202, 16, 554, 69.24
2026/08/05 12:45:22.205, 16, 554, 64.37
2026/08/05 12:45:24.206, 16, 554, 62.42
2026/08/05 12:45:26.207, 16, 554, 63.40
2026/08/05 12:45:28.209, 14, 554, 63.88
2026/08/05 12:45:30.210, 15, 554, 61.49
2026/08/05 12:45:32.212, 15, 554, 60.47
2026/08/05 12:45:34.213, 14, 554, 61.94
2026/08/05 12:45:36.214, 14, 554, 63.44
2026/08/05 12:45:38.216, 16, 554, 66.80
2026/08/05 12:45:40.217, 16, 554, 62.95
2026/08/05 12:45:42.218, 15, 554, 60.03
2026/08/05 12:45:44.220, 15, 554, 62.46
2026/08/05 12:45:46.221, 14, 554, 63.88
2026/08/05 12:45:48.224, 16, 554, 61.94
2026/08/05 12:45:50.226, 16, 554, 61.94
2026/08/05 12:45:52.227, 14, 554, 68.75
2026/08/05 12:45:54.228, 14, 554, 64.81
2026/08/05 12:45:56.230, 14, 554, 60.96
2026/08/05 12:45:58.231, 14, 554, 61.45
2026/08/05 12:46:00.233, 16, 554, 65.34
2026/08/05 12:46:02.234, 16, 554, 61.94
2026/08/05 12:46:04.235, 16, 554, 67.82
2026/08/05 12:46:06.237, 16, 554, 71.67
2026/08/05 12:46:08.238, 14, 554, 62.42
2026/08/05 12:46:10.239, 12, 554, 60.96
2026/08/05 12:46:12.242, 14, 554, 65.83
2026/08/05 12:46:14.244, 16, 554, 61.45
2026/08/05 12:46:16.245, 14, 554, 61.45
2026/08/05 12:46:18.247, 17, 554, 64.37
2026/08/05 12:46:20.248, 16, 554, 71.67
2026/08/05 12:46:22.249, 15, 554, 69.24
2026/08/05 12:46:24.251, 15, 554, 61.45
2026/08/05 12:46:26.252, 14, 554, 66.32
2026/08/05 12:46:28.255, 16, 554, 65.34
2026/08/05 12:46:30.257, 17, 554, 63.88
2026/08/05 12:46:32.260, 16, 554, 60.96
2026/08/05 12:46:34.262, 14, 554, 65.83
2026/08/05 12:46:36.263, 14, 554, 72.16
2026/08/05 12:46:38.264, 11, 554, 64.86
2026/08/05 12:46:40.266, 12, 554, 59.99
2026/08/05 12:46:42.267, 15, 554, 63.40
2026/08/05 12:46:44.268, 10, 554, 61.94
2026/08/05 12:46:46.270, 15, 554, 62.42
2026/08/05 12:46:48.271, 16, 554, 60.51
2026/08/05 12:46:50.273, 15, 554, 66.80
2026/08/05 12:46:52.274, 15, 554, 61.94
2026/08/05 12:46:54.276, 16, 554, 61.45
2026/08/05 12:46:56.277, 16, 554, 64.37
2026/08/05 12:46:58.278, 16, 554, 62.91
2026/08/05 12:47:00.280, 15, 554, 64.37
2026/08/05 12:47:02.281, 13, 554, 60.51
2026/08/05 12:47:04.283, 14, 554, 67.29
2026/08/05 12:47:06.284, 16, 554, 62.42
2026/08/05 12:47:08.286, 15, 554, 61.45
2026/08/05 12:47:10.287, 16, 554, 63.40
2026/08/05 12:47:12.288, 16, 554, 70.70
2026/08/05 12:47:14.290, 13, 554, 63.88
2026/08/05 12:47:16.291, 15, 554, 62.46
2026/08/05 12:47:18.293, 14, 554, 62.91
2026/08/05 12:47:20.294, 15, 554, 62.91
2026/08/05 12:47:22.296, 14, 554, 64.41
2026/08/05 12:47:24.297, 17, 554, 62.91
2026/08/05 12:47:26.299, 17, 554, 70.21
2026/08/05 12:47:28.300, 17, 554, 62.91
2026/08/05 12:47:30.301, 16, 554, 61.94
2026/08/05 12:47:32.303, 16, 554, 64.37
2026/08/05 12:47:34.304, 14, 554, 63.40
2026/08/05 12:47:36.306, 17, 554, 61.45
2026/08/05 12:47:38.308, 15, 554, 61.45
2026/08/05 12:47:40.310, 14, 554, 69.72
2026/08/05 12:47:42.312, 15, 554, 60.96
2026/08/05 12:47:44.313, 16, 554, 67.78
2026/08/05 12:47:46.315, 16, 554, 64.37
2026/08/05 12:47:48.316, 14, 554, 61.94
2026/08/05 12:47:50.318, 17, 554, 61.45
2026/08/05 12:47:52.319, 17, 554, 64.86
2026/08/05 12:47:54.320, 15, 554, 63.88
2026/08/05 12:47:56.322, 17, 554, 60.47
2026/08/05 12:47:58.323, 18, 554, 61.94
2026/08/05 12:48:00.324, 17, 554, 65.83
2026/08/05 12:48:02.326, 13, 554, 64.37
2026/08/05 12:48:04.327, 17, 554, 62.42
2026/08/05 12:48:06.329, 15, 554, 61.49
2026/08/05 12:48:08.330, 17, 554, 62.91
2026/08/05 12:48:10.331, 17, 554, 61.45
2026/08/05 12:48:12.333, 16, 554, 65.83
2026/08/05 12:48:14.334, 17, 554, 72.16
2026/08/05 12:48:16.337, 15, 554, 63.40
2026/08/05 12:48:18.340, 13, 554, 60.96
2026/08/05 12:48:20.341, 15, 554, 60.47
2026/08/05 12:48:22.342, 18, 554, 68.26
2026/08/05 12:48:24.344, 14, 554, 63.40
2026/08/05 12:48:26.345, 15, 554, 68.70
2026/08/05 12:48:28.347, 17, 554, 60.47
2026/08/05 12:48:30.348, 16, 554, 61.45
2026/08/05 12:48:32.349, 15, 554, 61.94
2026/08/05 12:48:34.351, 15, 554, 61.94
2026/08/05 12:48:36.352, 16, 554, 63.88
2026/08/05 12:48:38.354, 15, 554, 62.91
2026/08/05 12:48:40.355, 14, 554, 66.80
2026/08/05 12:48:42.357, 16, 554, 63.88
2026/08/05 12:48:44.358, 15, 554, 60.96
2026/08/05 12:48:46.360, 14, 554, 59.99
2026/08/05 12:48:48.361, 16, 554, 65.34
2026/08/05 12:48:50.362, 15, 554, 61.94
2026/08/05 12:48:52.364, 17, 554, 61.98
2026/08/05 12:48:54.365, 17, 554, 64.37
2026/08/05 12:48:56.366, 17, 554, 61.94
2026/08/05 12:48:58.368, 15, 554, 60.47
2026/08/05 12:49:00.370, 16, 554, 62.91
2026/08/05 12:49:02.371, 18, 554, 67.78
2026/08/05 12:49:04.373, 15, 554, 62.91
2026/08/05 12:49:06.374, 15, 554, 61.45
2026/08/05 12:49:08.375, 17, 554, 62.91
2026/08/05 12:49:10.377, 15, 554, 66.32
2026/08/05 12:49:12.378, 15, 554, 64.86
2026/08/05 12:49:14.380, 14, 554, 72.64
2026/08/05 12:49:16.381, 16, 554, 74.10
2026/08/05 12:49:18.383, 16, 554, 61.45
2026/08/05 12:49:20.384, 16, 554, 60.92
2026/08/05 12:49:22.385, 17, 554, 63.92
2026/08/05 12:49:24.387, 14, 554, 62.91
2026/08/05 12:49:26.388, 16, 554, 60.96
2026/08/05 12:49:28.390, 16, 554, 61.94
2026/08/05 12:49:30.391, 15, 554, 61.94
2026/08/05 12:49:32.393, 16, 554, 62.42
2026/08/05 12:49:34.394, 18, 554, 61.45
2026/08/05 12:49:36.395, 17, 554, 60.96
2026/08/05 12:49:38.397, 14, 554, 62.91
2026/08/05 12:49:40.399, 16, 554, 70.70
2026/08/05 12:49:42.400, 16, 554, 64.86
2026/08/05 12:49:44.402, 16, 554, 64.86
2026/08/05 12:49:46.403, 15, 554, 63.88
2026/08/05 12:49:48.405, 16, 554, 60.96
2026/08/05 12:49:50.406, 14, 554, 61.94
2026/08/05 12:49:52.407, 15, 554, 65.83
2026/08/05 12:49:54.409, 13, 554, 60.47
2026/08/05 12:49:56.410, 13, 554, 63.88
2026/08/05 12:49:58.412, 17, 554, 61.45
2026/08/05 12:50:00.413, 14, 554, 63.88
2026/08/05 12:50:02.415, 14, 554, 61.45
2026/08/05 12:50:04.416, 16, 554, 61.94
2026/08/05 12:50:06.418, 16, 554, 74.10
2026/08/05 12:50:08.420, 15, 554, 61.94
2026/08/05 12:50:10.423, 18, 554, 70.21
2026/08/05 12:50:12.424, 18, 554, 62.91
2026/08/05 12:50:14.426, 15, 554, 62.42
2026/08/05 12:50:16.427, 16, 554, 63.40
2026/08/05 12:50:18.429, 14, 554, 67.78
2026/08/05 12:50:20.430, 16, 554, 67.78
2026/08/05 12:50:22.432, 16, 554, 62.87
2026/08/05 12:50:24.433, 15, 554, 66.80
2026/08/05 12:50:26.435, 15, 554, 67.29
2026/08/05 12:50:28.438, 17, 554, 65.79
2026/08/05 12:50:30.439, 16, 554, 61.45
2026/08/05 12:50:32.441, 16, 554, 66.80
2026/08/05 12:50:34.442, 15, 554, 64.86
2026/08/05 12:50:36.443, 15, 554, 65.34
2026/08/05 12:50:38.445, 15, 554, 63.88
2026/08/05 12:50:40.446, 14, 554, 62.42
2026/08/05 12:50:42.447, 17, 554, 62.91
2026/08/05 12:50:44.449, 15, 554, 62.42
2026/08/05 12:50:46.450, 14, 554, 66.80
2026/08/05 12:50:48.452, 15, 554, 60.47
2026/08/05 12:50:50.453, 15, 554, 65.34
2026/08/05 12:50:52.454, 16, 554, 72.16
2026/08/05 12:50:54.456, 15, 554, 61.94
2026/08/05 12:50:56.459, 15, 554, 64.37
2026/08/05 12:50:58.462, 17, 554, 68.22
2026/08/05 12:51:00.463, 12, 554, 59.99
2026/08/05 12:51:02.464, 15, 554, 62.91
2026/08/05 12:51:04.466, 17, 554, 63.40
2026/08/05 12:51:06.467, 16, 554, 63.88
2026/08/05 12:51:08.469, 16, 554, 65.83
2026/08/05 12:51:10.470, 14, 554, 62.42
2026/08/05 12:51:12.471, 11, 554, 59.50
2026/08/05 12:51:14.473, 15, 554, 61.94
2026/08/05 12:51:16.474, 14, 554, 61.45
2026/08/05 12:51:18.475, 14, 554, 62.91
2026/08/05 12:51:20.477, 15, 554, 65.34
2026/08/05 12:51:22.480, 16, 554, 61.45
2026/08/05 12:51:24.483, 17, 554, 67.29
2026/08/05 12:51:26.484, 17, 554, 66.80
2026/08/05 12:51:28.485, 15, 554, 61.45
2026/08/05 12:51:30.487, 14, 554, 60.47
2026/08/05 12:51:32.488, 11, 554, 62.91
2026/08/05 12:51:34.489, 16, 554, 62.91
2026/08/05 12:51:36.491, 15, 554, 68.75
2026/08/05 12:51:38.492, 13, 554, 61.45
2026/08/05 12:51:40.494, 17, 554, 60.96
2026/08/05 12:51:42.495, 15, 554, 62.91
2026/08/05 12:51:44.497, 16, 554, 62.42
2026/08/05 12:51:46.498, 14, 554, 65.34
2026/08/05 12:51:48.499, 18, 554, 68.75
2026/08/05 12:51:50.501, 16, 554, 62.91
2026/08/05 12:51:52.502, 17, 554, 62.91
2026/08/05 12:51:54.503, 16, 554, 61.94
2026/08/05 12:51:56.507, 16, 554, 63.88
2026/08/05 12:51:58.509, 15, 554, 68.75
2026/08/05 12:52:00.511, 16, 554, 64.86
2026/08/05 12:52:02.512, 14, 554, 61.94
2026/08/05 12:52:04.514, 16, 554, 61.45
2026/08/05 12:52:06.516, 18, 554, 62.42
2026/08/05 12:52:08.517, 15, 554, 65.83
2026/08/05 12:52:10.519, 16, 554, 60.96
2026/08/05 12:52:12.520, 18, 554, 60.96
2026/08/05 12:52:14.521, 15, 554, 65.83
2026/08/05 12:52:16.523, 16, 554, 62.91
2026/08/05 12:52:18.524, 19, 554, 61.94
2026/08/05 12:52:20.525, 16, 554, 68.26
2026/08/05 12:52:22.527, 14, 554, 66.80
2026/08/05 12:52:24.528, 15, 554, 60.96
2026/08/05 12:52:26.530, 16, 554, 62.42
2026/08/05 12:52:28.531, 17, 554, 62.91
2026/08/05 12:52:30.533, 16, 554, 61.45
2026/08/05 12:52:32.535, 15, 554, 63.88
2026/08/05 12:52:34.536, 15, 554, 62.42
2026/08/05 12:52:36.537, 14, 554, 64.37
2026/08/05 12:52:38.539, 16, 554, 62.91
2026/08/05 12:52:40.540, 17, 554, 63.88
2026/08/05 12:52:42.542, 14, 554, 61.45
2026/08/05 12:52:44.543, 14, 554, 64.86
2026/08/05 12:52:46.545, 14, 554, 60.96
2026/08/05 12:52:48.546, 16, 554, 60.47
2026/08/05 12:52:50.547, 18, 554, 66.32
2026/08/05 12:52:52.549, 16, 554, 61.45
2026/08/05 12:52:54.552, 17, 554, 63.40
2026/08/05 12:52:56.554, 14, 554, 66.32
2026/08/05 12:52:58.555, 15, 554, 59.99
2026/08/05 12:53:00.556, 18, 554, 60.96
2026/08/05 12:53:02.558, 14, 554, 62.91
2026/08/05 12:53:04.559, 14, 554, 60.96
2026/08/05 12:53:06.562, 16, 554, 60.96
2026/08/05 12:53:08.563, 14, 554, 59.99
2026/08/05 12:53:10.565, 12, 554, 63.40
2026/08/05 12:53:12.566, 18, 554, 61.94
2026/08/05 12:53:14.568, 16, 554, 65.34
2026/08/05 12:53:16.569, 18, 554, 61.94
2026/08/05 12:53:18.571, 17, 554, 62.42
2026/08/05 12:53:20.572, 14, 554, 65.83
2026/08/05 12:53:22.574, 16, 554, 65.83
2026/08/05 12:53:24.575, 14, 554, 61.45
2026/08/05 12:53:26.577, 14, 554, 64.37
2026/08/05 12:53:28.578, 17, 554, 61.94
2026/08/05 12:53:30.580, 16, 554, 67.29
2026/08/05 12:53:32.583, 13, 554, 60.47
2026/08/05 12:53:34.584, 14, 554, 62.42
2026/08/05 12:53:36.586, 13, 554, 61.45
2026/08/05 12:53:38.587, 14, 554, 60.96
2026/08/05 12:53:40.588, 15, 554, 62.42
2026/08/05 12:53:42.590, 13, 554, 61.45
2026/08/05 12:53:44.591, 16, 554, 60.96
2026/08/05 12:53:46.593, 16, 554, 61.94
2026/08/05 12:53:48.594, 16, 554, 60.47
2026/08/05 12:53:50.595, 14, 554, 62.91
2026/08/05 12:53:52.597, 16, 554, 62.91
2026/08/05 12:53:54.598, 16, 554, 60.96
2026/08/05 12:53:56.600, 15, 554, 65.34
2026/08/05 12:53:58.602, 15, 554, 62.91
2026/08/05 12:54:00.604, 16, 554, 61.94
2026/08/05 12:54:02.605, 16, 554, 65.83
2026/08/05 12:54:04.606, 15, 554, 61.94
2026/08/05 12:54:06.608, 17, 554, 61.94
2026/08/05 12:54:08.609, 16, 554, 62.42
2026/08/05 12:54:10.611, 16, 554, 60.96
2026/08/05 12:54:12.612, 14, 554, 64.86
2026/08/05 12:54:14.614, 15, 554, 63.40
2026/08/05 12:54:16.616, 15, 554, 60.96
2026/08/05 12:54:18.617, 16, 554, 62.42
2026/08/05 12:54:20.619, 16, 554, 62.91
2026/08/05 12:54:22.620, 15, 554, 61.94
2026/08/05 12:54:24.621, 16, 554, 62.91
2026/08/05 12:54:26.623, 16, 554, 61.94
2026/08/05 12:54:28.624, 15, 554, 62.38
2026/08/05 12:54:30.625, 15, 554, 63.40
2026/08/05 12:54:32.627, 15, 554, 64.37
2026/08/05 12:54:34.628, 14, 554, 63.88
2026/08/05 12:54:36.630, 16, 554, 60.96
2026/08/05 12:54:38.631, 17, 554, 61.94
2026/08/05 12:54:40.633, 16, 554, 67.29
2026/08/05 12:54:42.635, 16, 554, 62.42
2026/08/05 12:54:44.636, 16, 554, 61.94
2026/08/05 12:54:46.638, 16, 554, 63.88
2026/08/05 12:54:48.639, 13, 554, 60.47
2026/08/05 12:54:50.640, 16, 554, 61.94
2026/08/05 12:54:52.642, 15, 554, 66.80
2026/08/05 12:54:54.643, 17, 554, 62.42
2026/08/05 12:54:56.645, 14, 554, 67.78
2026/08/05 12:54:58.646, 16, 554, 62.91
2026/08/05 12:55:00.647, 13, 554, 66.32
2026/08/05 12:55:02.649, 14, 554, 65.83
2026/08/05 12:55:04.650, 17, 554, 61.45
2026/08/05 12:55:06.653, 16, 554, 61.45
2026/08/05 12:55:08.656, 14, 554, 61.94
2026/08/05 12:55:10.658, 17, 554, 61.94
2026/08/05 12:55:12.659, 14, 554, 61.45
2026/08/05 12:55:14.661, 14, 554, 62.91
2026/08/05 12:55:16.662, 14, 554, 64.86
2026/08/05 12:55:18.663, 17, 554, 60.47
2026/08/05 12:55:20.665, 15, 554, 61.94
2026/08/05 12:55:22.666, 17, 554, 61.45
2026/08/05 12:55:24.667, 14, 554, 62.42
2026/08/05 12:55:26.669, 15, 554, 61.94
2026/08/05 12:55:28.671, 17, 554, 60.96
2026/08/05 12:55:30.672, 15, 554, 61.45
2026/08/05 12:55:32.674, 17, 554, 64.86
2026/08/05 12:55:34.675, 16, 554, 60.47
2026/08/05 12:55:36.676, 15, 554, 61.45
2026/08/05 12:55:38.678, 17, 554, 60.96
2026/08/05 12:55:40.679, 13, 554, 68.26
2026/08/05 12:55:42.680, 14, 554, 61.94
2026/08/05 12:55:44.682, 14, 554, 60.96
2026/08/05 12:55:46.683, 16, 554, 61.94
2026/08/05 12:55:48.684, 13, 554, 59.95
2026/08/05 12:55:50.686, 16, 554, 62.91
2026/08/05 12:55:52.687, 16, 554, 63.88
2026/08/05 12:55:54.689, 15, 554, 63.88
2026/08/05 12:55:56.690, 14, 554, 61.94
2026/08/05 12:55:58.692, 16, 554, 62.91
2026/08/05 12:56:00.693, 17, 554, 64.37
2026/08/05 12:56:02.695, 16, 554, 64.86
2026/08/05 12:56:04.696, 15, 554, 60.47
2026/08/05 12:56:06.697, 11, 554, 61.45
2026/08/05 12:56:08.699, 15, 554, 61.45
2026/08/05 12:56:10.702, 12, 554, 60.47
2026/08/05 12:56:12.704, 14, 554, 61.94
2026/08/05 12:56:14.708, 17, 554, 61.94
2026/08/05 12:56:16.710, 15, 554, 64.86
2026/08/05 12:56:18.712, 15, 554, 74.59
2026/08/05 12:56:20.713, 14, 554, 65.34
2026/08/05 12:56:22.715, 16, 554, 64.81
2026/08/05 12:56:24.716, 13, 554, 61.94
2026/08/05 12:56:26.717, 12, 554, 59.99
2026/08/05 12:56:28.719, 14, 554, 73.62
2026/08/05 12:56:30.720, 14, 554, 65.34
2026/08/05 12:56:32.722, 16, 554, 60.96
2026/08/05 12:56:34.723, 15, 554, 61.45
2026/08/05 12:56:36.724, 16, 554, 63.88
2026/08/05 12:56:38.726, 18, 554, 61.45
2026/08/05 12:56:40.727, 12, 554, 60.47
2026/08/05 12:56:42.729, 12, 554, 63.40
2026/08/05 12:56:44.730, 14, 554, 63.88
2026/08/05 12:56:46.733, 16, 554, 61.00
2026/08/05 12:56:48.736, 17, 554, 63.40
2026/08/05 12:56:50.738, 17, 554, 65.34
2026/08/05 12:56:52.739, 14, 554, 69.24
2026/08/05 12:56:54.741, 17, 554, 60.96
2026/08/05 12:56:56.742, 16, 554, 67.29
2026/08/05 12:56:58.744, 16, 554, 61.45
2026/08/05 12:57:00.746, 17, 554, 61.94
2026/08/05 12:57:02.747, 15, 554, 61.45
2026/08/05 12:57:04.748, 16, 554, 61.94
2026/08/05 12:57:06.750, 14, 554, 60.47
2026/08/05 12:57:08.751, 15, 554, 63.40
2026/08/05 12:57:10.753, 18, 554, 66.32
2026/08/05 12:57:12.756, 17, 554, 60.47
2026/08/05 12:57:14.759, 16, 554, 62.42
2026/08/05 12:57:16.760, 16, 554, 61.94
2026/08/05 12:57:18.761, 16, 554, 65.34
2026/08/05 12:57:20.763, 16, 554, 64.37
2026/08/05 12:57:22.765, 15, 554, 64.86
2026/08/05 12:57:24.767, 17, 554, 62.42
2026/08/05 12:57:26.768, 16, 554, 61.94
2026/08/05 12:57:28.770, 14, 554, 63.88
2026/08/05 12:57:30.771, 15, 554, 65.83
2026/08/05 12:57:32.773, 16, 554, 62.91
2026/08/05 12:57:34.774, 14, 554, 63.88
2026/08/05 12:57:36.776, 17, 554, 60.96
2026/08/05 12:57:38.777, 16, 554, 61.45
2026/08/05 12:57:40.778, 15, 554, 61.00
2026/08/05 12:57:42.780, 15, 554, 66.80
2026/08/05 12:57:44.781, 16, 554, 68.26
2026/08/05 12:57:46.782, 15, 554, 67.78
2026/08/05 12:57:48.784, 15, 554, 61.94
2026/08/05 12:57:50.785, 18, 554, 70.21
2026/08/05 12:57:52.787, 14, 554, 60.47
2026/08/05 12:57:54.790, 18, 554, 62.91
2026/08/05 12:57:56.793, 16, 554, 62.91
2026/08/05 12:57:58.794, 16, 554, 63.88
2026/08/05 12:58:00.795, 14, 554, 61.94
2026/08/05 12:58:02.797, 13, 554, 64.86
2026/08/05 12:58:04.798, 13, 554, 60.96
2026/08/05 12:58:06.800, 16, 554, 65.83
2026/08/05 12:58:08.801, 16, 554, 60.96
2026/08/05 12:58:10.802, 16, 554, 74.05
2026/08/05 12:58:12.804, 15, 554, 62.42
2026/08/05 12:58:14.805, 14, 554, 69.72
2026/08/05 12:58:16.807, 15, 554, 68.75
2026/08/05 12:58:18.809, 18, 554, 69.72
2026/08/05 12:58:20.811, 16, 554, 63.88
2026/08/05 12:58:22.813, 17, 554, 60.96
2026/08/05 12:58:24.814, 17, 554, 61.94
2026/08/05 12:58:26.816, 19, 554, 60.96
2026/08/05 12:58:28.817, 17, 554, 64.86
2026/08/05 12:58:30.818, 19, 554, 60.96
2026/08/05 12:58:32.820, 15, 554, 67.29
2026/08/05 12:58:34.821, 15, 554, 60.96
2026/08/05 12:58:36.823, 16, 554, 64.81
2026/08/05 12:58:38.827, 17, 554, 68.26
2026/08/05 12:58:40.829, 14, 554, 64.86
2026/08/05 12:58:42.830, 15, 554, 61.94
2026/08/05 12:58:44.831, 17, 554, 61.94
2026/08/05 12:58:46.833, 15, 554, 61.45
2026/08/05 12:58:48.834, 15, 554, 60.47
2026/08/05 12:58:50.835, 13, 554, 61.45
2026/08/05 12:58:52.837, 18, 554, 62.42
2026/08/05 12:58:54.838, 15, 554, 60.47
2026/08/05 12:58:56.840, 16, 554, 61.94
2026/08/05 12:58:58.841, 17, 554, 67.78
2026/08/05 12:59:00.843, 17, 554, 70.21
2026/08/05 12:59:02.844, 14, 554, 66.80
2026/08/05 12:59:04.846, 13, 554, 61.45
2026/08/05 12:59:06.847, 16, 554, 61.45
2026/08/05 12:59:08.849, 15, 554, 62.91
2026/08/05 12:59:10.850, 13, 554, 59.99
2026/08/05 12:59:12.851, 15, 554, 61.94
2026/08/05 12:59:14.853, 16, 554, 61.94
2026/08/05 12:59:16.854, 14, 554, 67.78
2026/08/05 12:59:18.857, 16, 554, 60.47
2026/08/05 12:59:20.859, 15, 554, 61.45
2026/08/05 12:59:22.860, 14, 554, 62.42
2026/08/05 12:59:24.862, 14, 554, 70.21
2026/08/05 12:59:26.863, 15, 554, 64.37
2026/08/05 12:59:28.864, 16, 554, 61.45
2026/08/05 12:59:30.866, 16, 554, 63.40
2026/08/05 12:59:32.867, 15, 554, 60.47
2026/08/05 12:59:34.869, 14, 554, 63.88
2026/08/05 12:59:36.871, 14, 554, 62.42
2026/08/05 12:59:38.872, 12, 554, 64.37
2026/08/05 12:59:40.873, 13, 554, 60.47
2026/08/05 12:59:42.875, 16, 554, 60.47
2026/08/05 12:59:44.876, 13, 554, 62.42
2026/08/05 12:59:46.878, 17, 554, 60.47
2026/08/05 12:59:48.879, 15, 554, 63.40
2026/08/05 12:59:50.880, 14, 554, 61.45
2026/08/05 12:59:52.882, 14, 554, 71.14
2026/08/05 12:59:54.883, 17, 554, 67.29
2026/08/05 12:59:56.885, 14, 554, 69.19
2026/08/05 12:59:58.886, 15, 554, 61.94
2026/08/05 13:00:00.888, 14, 554, 62.91
2026/08/05 13:00:02.889, 14, 554, 63.88
2026/08/05 13:00:04.890, 14, 554, 60.96
2026/08/05 13:00:06.892, 15, 554, 60.47
2026/08/05 13:00:08.893, 15, 554, 61.94
2026/08/05 13:00:10.895, 16, 554, 64.37
2026/08/05 13:00:12.897, 14, 554, 62.42
2026/08/05 13:00:14.900, 15, 554, 62.42
2026/08/05 13:00:16.901, 16, 554, 62.42
2026/08/05 13:00:18.903, 17, 554, 63.40
2026/08/05 13:00:20.904, 14, 554, 60.96
2026/08/05 13:00:22.905, 14, 554, 60.47
2026/08/05 13:00:24.907, 15, 554, 61.94
2026/08/05 13:00:26.908, 14, 554, 63.88
2026/08/05 13:00:28.910, 16, 554, 60.96
2026/08/05 13:00:30.911, 15, 554, 62.91
2026/08/05 13:00:32.912, 15, 554, 61.45
2026/08/05 13:00:34.914, 16, 554, 60.47
2026/08/05 13:00:36.916, 16, 554, 63.40
2026/08/05 13:00:38.918, 15, 554, 63.88
2026/08/05 13:00:40.921, 16, 554, 64.37
2026/08/05 13:00:42.923, 15, 554, 62.91
2026/08/05 13:00:44.924, 17, 554, 62.42
2026/08/05 13:00:46.926, 16, 554, 64.86
2026/08/05 13:00:48.928, 16, 554, 60.96
2026/08/05 13:00:50.930, 17, 554, 62.42
2026/08/05 13:00:52.932, 15, 554, 62.91
2026/08/05 13:00:54.933, 16, 554, 60.47
2026/08/05 13:00:56.936, 15, 554, 64.86
2026/08/05 13:00:58.938, 14, 554, 61.45
2026/08/05 13:01:00.939, 15, 554, 62.91
2026/08/05 13:01:02.941, 16, 554, 61.45
2026/08/05 13:01:04.943, 16, 554, 60.96
2026/08/05 13:01:06.944, 15, 554, 61.94
2026/08/05 13:01:08.946, 16, 554, 63.88
2026/08/05 13:01:10.948, 15, 554, 60.96
2026/08/05 13:01:12.949, 16, 554, 61.45
2026/08/05 13:01:14.952, 16, 554, 64.37
2026/08/05 13:01:16.953, 12, 554, 63.88
2026/08/05 13:01:18.955, 17, 554, 61.45
2026/08/05 13:01:20.957, 15, 554, 63.40
2026/08/05 13:01:22.958, 14, 554, 62.42
2026/08/05 13:01:24.960, 14, 554, 61.94
2026/08/05 13:01:26.962, 15, 554, 61.94
2026/08/05 13:01:28.963, 15, 554, 63.88
2026/08/05 13:01:30.965, 15, 554, 62.91
2026/08/05 13:01:32.967, 15, 554, 61.94
2026/08/05 13:01:34.968, 16, 554, 60.96
2026/08/05 13:01:36.970, 17, 554, 60.96
2026/08/05 13:01:38.972, 18, 554, 68.26
2026/08/05 13:01:40.973, 17, 554, 60.96
2026/08/05 13:01:42.975, 16, 554, 65.83
2026/08/05 13:01:44.976, 14, 554, 61.94
2026/08/05 13:01:46.978, 14, 554, 68.26
2026/08/05 13:01:48.980, 16, 554, 60.92
2026/08/05 13:01:50.981, 15, 554, 62.42
2026/08/05 13:01:52.983, 18, 554, 61.94
2026/08/05 13:01:54.985, 15, 554, 64.37
2026/08/05 13:01:56.986, 13, 554, 60.47
2026/08/05 13:01:58.988, 13, 554, 61.45
2026/08/05 13:02:00.990, 11, 554, 59.50
2026/08/05 13:02:02.991, 11, 554, 61.45
2026/08/05 13:02:04.993, 14, 554, 62.42
2026/08/05 13:02:06.995, 12, 554, 60.96
2026/08/05 13:02:08.996, 13, 554, 62.91
2026/08/05 13:02:10.999, 14, 554, 61.45
2026/08/05 13:02:13.001, 13, 554, 64.86
2026/08/05 13:02:15.003, 13, 554, 67.78
2026/08/05 13:02:17.005, 15, 554, 60.96
2026/08/05 13:02:19.006, 15, 554, 64.86
2026/08/05 13:02:21.008, 16, 554, 61.45
2026/08/05 13:02:23.010, 15, 554, 64.37
2026/08/05 13:02:25.012, 13, 554, 64.37
2026/08/05 13:02:27.014, 12, 554, 61.94
2026/08/05 13:02:29.016, 13, 554, 61.45
2026/08/05 13:02:31.018, 13, 554, 60.96
2026/08/05 13:02:33.020, 13, 554, 59.99
2026/08/05 13:02:35.021, 13, 554, 59.99
2026/08/05 13:02:37.023, 13, 554, 60.96
2026/08/05 13:02:39.025, 12, 554, 62.91
2026/08/05 13:02:41.027, 13, 554, 60.96
2026/08/05 13:02:43.031, 13, 554, 61.94
2026/08/05 13:02:45.032, 11, 554, 62.42
2026/08/05 13:02:47.034, 12, 554, 60.96
2026/08/05 13:02:49.035, 18, 554, 61.45
2026/08/05 13:02:51.037, 14, 554, 60.47
2026/08/05 13:02:53.038, 12, 554, 60.47
2026/08/05 13:02:55.040, 12, 554, 61.45
2026/08/05 13:02:57.042, 12, 554, 60.47
2026/08/05 13:02:59.043, 11, 554, 60.96
2026/08/05 13:03:01.045, 9, 554, 62.38
2026/08/05 13:03:03.047, 17, 554, 63.88
2026/08/05 13:03:05.048, 12, 554, 60.96
2026/08/05 13:03:07.050, 11, 554, 59.99
2026/08/05 13:03:09.051, 13, 554, 63.88
2026/08/05 13:03:11.053, 15, 554, 60.47
2026/08/05 13:03:13.055, 13, 554, 60.96
2026/08/05 13:03:15.056, 14, 554, 61.45
2026/08/05 13:03:17.058, 11, 554, 61.45
2026/08/05 13:03:19.059, 11, 554, 60.47
2026/08/05 13:03:21.061, 12, 554, 60.96
2026/08/05 13:03:23.063, 12, 554, 60.96
2026/08/05 13:03:25.064, 12, 554, 59.99
2026/08/05 13:03:27.066, 13, 554, 59.99
2026/08/05 13:03:29.067, 10, 554, 63.40
2026/08/05 13:03:31.069, 12, 554, 60.47
2026/08/05 13:03:33.070, 12, 554, 59.99
2026/08/05 13:03:35.072, 11, 554, 60.96
2026/08/05 13:03:37.074, 13, 554, 65.83
2026/08/05 13:03:39.075, 10, 554, 62.91
2026/08/05 13:03:41.078, 13, 554, 61.45
2026/08/05 13:03:43.080, 14, 554, 63.40
2026/08/05 13:03:45.081, 15, 554, 66.32
2026/08/05 13:03:47.083, 13, 554, 59.50
2026/08/05 13:03:49.085, 16, 554, 71.67
2026/08/05 13:03:51.086, 15, 554, 61.89
2026/08/05 13:03:53.088, 17, 554, 62.38
2026/08/05 13:03:55.090, 14, 554, 61.94
2026/08/05 13:03:57.091, 17, 554, 63.40
2026/08/05 13:03:59.093, 14, 554, 62.42
2026/08/05 13:04:01.094, 14, 554, 62.91
2026/08/05 13:04:03.097, 12, 554, 61.45
2026/08/05 13:04:05.098, 17, 554, 60.96
2026/08/05 13:04:07.100, 16, 554, 60.47
2026/08/05 13:04:09.102, 16, 554, 60.47
2026/08/05 13:04:11.104, 14, 554, 64.37
2026/08/05 13:04:13.105, 15, 554, 60.47
2026/08/05 13:04:15.107, 14, 554, 61.94
2026/08/05 13:04:17.109, 14, 554, 60.47
2026/08/05 13:04:19.111, 17, 554, 63.88
2026/08/05 13:04:21.113, 14, 554, 68.75
2026/08/05 13:04:23.114, 15, 554, 61.94
2026/08/05 13:04:25.116, 14, 554, 61.89
2026/08/05 13:04:27.118, 18, 554, 63.88
2026/08/05 13:04:29.119, 16, 554, 61.45
2026/08/05 13:04:31.121, 17, 554, 62.42
2026/08/05 13:04:33.122, 19, 554, 60.96
2026/08/05 13:04:35.125, 14, 554, 62.38
2026/08/05 13:04:37.126, 16, 554, 63.92
2026/08/05 13:04:39.128, 15, 554, 62.91
2026/08/05 13:04:41.129, 14, 554, 63.40
2026/08/05 13:04:43.131, 17, 554, 64.86
2026/08/05 13:04:45.132, 16, 554, 68.26
2026/08/05 13:04:47.134, 17, 554, 60.96
2026/08/05 13:04:49.135, 16, 554, 61.94
2026/08/05 13:04:51.137, 12, 554, 60.96
2026/08/05 13:04:53.139, 13, 554, 66.80
2026/08/05 13:04:55.140, 17, 554, 65.34
2026/08/05 13:04:57.142, 17, 554, 61.94
2026/08/05 13:04:59.145, 17, 554, 64.37
2026/08/05 13:05:01.147, 15, 554, 62.42
2026/08/05 13:05:03.148, 18, 554, 61.45
2026/08/05 13:05:05.150, 16, 554, 67.78
2026/08/05 13:05:07.151, 14, 554, 66.32
2026/08/05 13:05:09.153, 16, 554, 67.29
2026/08/05 13:05:11.155, 16, 554, 64.37
2026/08/05 13:05:13.156, 14, 554, 62.91
2026/08/05 13:05:15.158, 16, 554, 62.91
2026/08/05 13:05:17.159, 16, 554, 60.96
2026/08/05 13:05:19.161, 13, 554, 62.42
2026/08/05 13:05:21.163, 14, 554, 61.45
2026/08/05 13:05:23.164, 17, 554, 60.96
2026/08/05 13:05:25.166, 15, 554, 59.99
2026/08/05 13:05:27.167, 15, 554, 63.40
2026/08/05 13:05:29.169, 16, 554, 64.37
2026/08/05 13:05:31.170, 16, 554, 61.94
2026/08/05 13:05:33.172, 14, 554, 60.47
2026/08/05 13:05:35.174, 17, 554, 61.94
2026/08/05 13:05:37.176, 17, 554, 60.96
2026/08/05 13:05:39.179, 16, 554, 61.94
2026/08/05 13:05:41.181, 16, 554, 61.94
2026/08/05 13:05:43.183, 15, 554, 72.64
2026/08/05 13:05:45.184, 16, 554, 62.91
2026/08/05 13:05:47.186, 16, 554, 63.40
2026/08/05 13:05:49.187, 14, 554, 74.10
2026/08/05 13:05:51.189, 15, 554, 61.94
2026/08/05 13:05:53.191, 15, 554, 63.88
2026/08/05 13:05:55.192, 15, 554, 61.45
2026/08/05 13:05:57.194, 14, 554, 60.96
2026/08/05 13:05:59.196, 13, 554, 65.79
2026/08/05 13:06:01.199, 17, 554, 64.41
2026/08/05 13:06:03.202, 16, 554, 61.94
2026/08/05 13:06:05.203, 14, 554, 63.40
2026/08/05 13:06:07.205, 18, 554, 61.94
2026/08/05 13:06:09.207, 15, 554, 62.42
2026/08/05 13:06:11.209, 16, 554, 61.45
2026/08/05 13:06:13.210, 14, 554, 63.40
2026/08/05 13:06:15.212, 13, 554, 63.88
2026/08/05 13:06:17.213, 15, 554, 62.91
2026/08/05 13:06:19.215, 15, 554, 60.47
2026/08/05 13:06:21.216, 16, 554, 61.45
2026/08/05 13:06:23.218, 14, 554, 62.42
2026/08/05 13:06:25.219, 16, 554, 65.83
2026/08/05 13:06:27.221, 17, 554, 61.45
2026/08/05 13:06:29.222, 13, 554, 60.47
2026/08/05 13:06:31.224, 16, 554, 60.92
2026/08/05 13:06:33.225, 14, 554, 60.96
2026/08/05 13:06:35.227, 16, 554, 62.91
2026/08/05 13:06:37.228, 17, 554, 62.42
2026/08/05 13:06:39.231, 16, 554, 62.91
2026/08/05 13:06:41.232, 15, 554, 61.45
2026/08/05 13:06:43.234, 17, 554, 69.24
2026/08/05 13:06:45.235, 17, 554, 63.88
2026/08/05 13:06:47.237, 15, 554, 60.96
2026/08/05 13:06:49.238, 15, 554, 59.99
2026/08/05 13:06:51.239, 16, 554, 64.37
2026/08/05 13:06:53.241, 14, 554, 60.47
2026/08/05 13:06:55.242, 15, 554, 60.47
2026/08/05 13:06:57.244, 16, 554, 66.80
2026/08/05 13:06:59.246, 16, 554, 64.37
2026/08/05 13:07:01.249, 14, 554, 60.96
2026/08/05 13:07:03.250, 14, 554, 60.47
2026/08/05 13:07:05.252, 16, 554, 60.96
2026/08/05 13:07:07.253, 15, 554, 65.83
2026/08/05 13:07:09.255, 17, 554, 63.40
2026/08/05 13:07:11.256, 15, 554, 62.91
2026/08/05 13:07:13.257, 15, 554, 61.45
2026/08/05 13:07:15.259, 15, 554, 68.26
2026/08/05 13:07:17.260, 15, 554, 67.29
2026/08/05 13:07:19.262, 17, 554, 65.83
2026/08/05 13:07:21.263, 16, 554, 61.41
2026/08/05 13:07:23.266, 15, 554, 65.34
2026/08/05 13:07:25.268, 14, 554, 60.47
2026/08/05 13:07:27.269, 16, 554, 68.26
2026/08/05 13:07:29.271, 15, 554, 61.45
2026/08/05 13:07:31.272, 15, 554, 61.45
2026/08/05 13:07:33.274, 15, 554, 62.91
2026/08/05 13:07:35.275, 18, 554, 61.94
2026/08/05 13:07:37.277, 16, 554, 60.47
2026/08/05 13:07:39.279, 16, 554, 61.94
2026/08/05 13:07:41.280, 17, 554, 61.45
2026/08/05 13:07:43.281, 15, 554, 64.86
2026/08/05 13:07:45.283, 15, 554, 62.91
2026/08/05 13:07:47.285, 14, 554, 66.32
2026/08/05 13:07:49.286, 16, 554, 65.79
2026/08/05 13:07:51.287, 15, 554, 61.45
2026/08/05 13:07:53.289, 15, 554, 64.86
2026/08/05 13:07:55.290, 15, 554, 65.34
2026/08/05 13:07:57.293, 15, 554, 61.45
2026/08/05 13:07:59.294, 16, 554, 62.42
2026/08/05 13:08:01.296, 18, 554, 70.70
2026/08/05 13:08:03.297, 17, 554, 66.32
2026/08/05 13:08:05.298, 13, 554, 59.99
2026/08/05 13:08:07.300, 12, 554, 63.40
2026/08/05 13:08:09.301, 14, 554, 60.47
2026/08/05 13:08:11.303, 15, 554, 62.42
2026/08/05 13:08:13.304, 14, 554, 63.88
2026/08/05 13:08:15.306, 17, 554, 61.94
2026/08/05 13:08:17.308, 14, 554, 62.91
2026/08/05 13:08:19.310, 16, 554, 61.94
2026/08/05 13:08:21.311, 19, 554, 66.80
2026/08/05 13:08:23.313, 15, 554, 68.26
2026/08/05 13:08:25.314, 14, 554, 63.88
2026/08/05 13:08:27.316, 16, 554, 65.83
2026/08/05 13:08:29.317, 14, 554, 61.45
2026/08/05 13:08:31.319, 16, 554, 60.47
2026/08/05 13:08:33.320, 14, 554, 64.86
2026/08/05 13:08:35.322, 17, 554, 67.78
2026/08/05 13:08:37.323, 16, 554, 62.91
2026/08/05 13:08:39.325, 17, 554, 66.32
2026/08/05 13:08:41.326, 17, 554, 66.80
2026/08/05 13:08:43.328, 16, 554, 60.47
2026/08/05 13:08:45.329, 18, 554, 62.42
2026/08/05 13:08:47.330, 17, 554, 61.45
2026/08/05 13:08:49.332, 14, 554, 60.47
2026/08/05 13:08:51.333, 16, 554, 64.86
2026/08/05 13:08:53.337, 18, 554, 61.45
2026/08/05 13:08:55.338, 14, 554, 63.88
2026/08/05 13:08:57.339, 12, 554, 64.37
2026/08/05 13:08:59.341, 15, 554, 64.37
2026/08/05 13:09:01.342, 15, 554, 63.88
2026/08/05 13:09:03.344, 16, 554, 66.80
2026/08/05 13:09:05.345, 15, 554, 63.40
2026/08/05 13:09:07.347, 15, 554, 64.37
2026/08/05 13:09:09.348, 15, 554, 63.40
2026/08/05 13:09:11.350, 15, 554, 61.94
2026/08/05 13:09:13.352, 15, 554, 61.94
2026/08/05 13:09:15.353, 17, 554, 71.18
2026/08/05 13:09:17.355, 15, 554, 62.91
2026/08/05 13:09:19.356, 15, 554, 60.96
2026/08/05 13:09:21.358, 15, 554, 62.42
2026/08/05 13:09:23.359, 16, 554, 63.88
2026/08/05 13:09:25.361, 17, 554, 63.40
2026/08/05 13:09:27.362, 15, 554, 60.96
2026/08/05 13:09:29.364, 19, 554, 69.24
2026/08/05 13:09:31.365, 15, 554, 64.86
2026/08/05 13:09:33.367, 9, 554, 62.42
2026/08/05 13:09:35.369, 15, 554, 60.47
2026/08/05 13:09:37.370, 17, 554, 69.24
2026/08/05 13:09:39.371, 18, 554, 62.42
2026/08/05 13:09:41.373, 13, 554, 59.99
2026/08/05 13:09:43.374, 13, 554, 60.96
2026/08/05 13:09:45.376, 15, 554, 60.96
2026/08/05 13:09:47.378, 15, 554, 62.95
2026/08/05 13:09:49.380, 16, 554, 64.86
2026/08/05 13:09:51.382, 16, 554, 62.91
2026/08/05 13:09:53.384, 15, 554, 61.45
2026/08/05 13:09:55.385, 15, 554, 74.10
2026/08/05 13:09:57.387, 14, 554, 62.42
2026/08/05 13:09:59.388, 15, 554, 61.45
2026/08/05 13:10:01.390, 17, 554, 60.96
2026/08/05 13:10:03.391, 15, 554, 64.86
2026/08/05 13:10:05.393, 14, 554, 62.42
2026/08/05 13:10:07.394, 17, 554, 62.42
2026/08/05 13:10:09.397, 14, 554, 62.42
2026/08/05 13:10:11.398, 14, 554, 63.40
2026/08/05 13:10:13.400, 16, 554, 62.91
2026/08/05 13:10:15.401, 15, 554, 61.94
2026/08/05 13:10:17.403, 16, 554, 62.91
2026/08/05 13:10:19.404, 15, 554, 62.42
2026/08/05 13:10:21.406, 17, 554, 64.37
2026/08/05 13:10:23.407, 17, 554, 61.94
2026/08/05 13:10:25.409, 15, 554, 62.42
2026/08/05 13:10:27.411, 16, 554, 65.83
2026/08/05 13:10:29.413, 15, 554, 64.86
2026/08/05 13:10:31.414, 16, 554, 60.96
2026/08/05 13:10:33.416, 16, 554, 64.37
2026/08/05 13:10:35.417, 16, 554, 71.18
2026/08/05 13:10:37.419, 16, 554, 61.94
2026/08/05 13:10:39.420, 15, 554, 63.88
2026/08/05 13:10:41.422, 15, 554, 61.94
2026/08/05 13:10:43.423, 11, 554, 65.83
2026/08/05 13:10:45.425, 17, 554, 66.32
2026/08/05 13:10:47.427, 16, 554, 63.88
2026/08/05 13:10:49.429, 15, 554, 63.88
2026/08/05 13:10:51.431, 18, 554, 62.91
2026/08/05 13:10:53.432, 17, 554, 67.29
2026/08/05 13:10:55.434, 14, 554, 61.45
2026/08/05 13:10:57.435, 17, 554, 60.96
2026/08/05 13:10:59.437, 16, 554, 62.91
2026/08/05 13:11:01.439, 15, 554, 61.45
2026/08/05 13:11:03.441, 16, 554, 65.83
2026/08/05 13:11:05.442, 15, 554, 60.47
2026/08/05 13:11:07.444, 15, 554, 63.40
2026/08/05 13:11:09.445, 17, 554, 64.86
2026/08/05 13:11:11.447, 18, 554, 71.14
2026/08/05 13:11:13.448, 16, 554, 60.47
2026/08/05 13:11:15.449, 15, 554, 63.40
2026/08/05 13:11:17.451, 16, 554, 60.47
2026/08/05 13:11:19.453, 13, 554, 59.99
2026/08/05 13:11:21.455, 14, 554, 60.96
2026/08/05 13:11:23.457, 15, 554, 61.94
2026/08/05 13:11:25.458, 16, 554, 64.81
2026/08/05 13:11:27.460, 14, 554, 61.45
2026/08/05 13:11:29.461, 16, 554, 70.21
2026/08/05 13:11:31.463, 14, 554, 67.78
2026/08/05 13:11:33.464, 18, 554, 68.26
2026/08/05 13:11:35.466, 17, 554, 60.47
2026/08/05 13:11:37.467, 18, 554, 60.47
2026/08/05 13:11:39.469, 16, 554, 61.45
2026/08/05 13:11:41.470, 16, 554, 62.42
2026/08/05 13:11:43.473, 15, 554, 64.37
2026/08/05 13:11:45.474, 15, 554, 62.91
2026/08/05 13:11:47.476, 14, 554, 60.96
2026/08/05 13:11:49.477, 17, 554, 62.42
2026/08/05 13:11:51.479, 16, 554, 64.37
2026/08/05 13:11:53.480, 16, 554, 62.91
2026/08/05 13:11:55.482, 15, 554, 68.26
2026/08/05 13:11:57.483, 16, 554, 67.29
2026/08/05 13:11:59.484, 16, 554, 68.26
2026/08/05 13:12:01.486, 17, 554, 62.91
2026/08/05 13:12:03.487, 14, 554, 63.40
2026/08/05 13:12:05.489, 16, 554, 62.91
2026/08/05 13:12:07.490, 14, 554, 60.96
2026/08/05 13:12:09.491, 16, 554, 60.96
2026/08/05 13:12:11.493, 15, 554, 63.40
2026/08/05 13:12:13.494, 15, 554, 64.37
2026/08/05 13:12:15.496, 16, 554, 62.91
2026/08/05 13:12:17.499, 13, 554, 60.96
2026/08/05 13:12:19.502, 17, 554, 61.94
2026/08/05 13:12:21.503, 18, 554, 61.45
2026/08/05 13:12:23.505, 16, 554, 62.91
2026/08/05 13:12:25.506, 16, 554, 68.26
2026/08/05 13:12:27.508, 15, 554, 61.94
2026/08/05 13:12:29.509, 14, 554, 67.78
2026/08/05 13:12:31.512, 17, 554, 64.37
2026/08/05 13:12:33.514, 16, 554, 64.86
2026/08/05 13:12:35.516, 17, 554, 65.83
2026/08/05 13:12:37.517, 18, 554, 60.96
2026/08/05 13:12:39.519, 16, 554, 63.40
2026/08/05 13:12:41.520, 18, 554, 60.96
2026/08/05 13:12:43.523, 17, 554, 62.42
2026/08/05 13:12:45.524, 15, 554, 61.45
2026/08/05 13:12:47.526, 16, 554, 63.88
2026/08/05 13:12:49.527, 15, 554, 60.47
2026/08/05 13:12:51.529, 15, 554, 69.68
2026/08/05 13:12:53.530, 16, 554, 73.62
2026/08/05 13:12:55.532, 12, 554, 59.99
2026/08/05 13:12:57.533, 16, 554, 64.86
2026/08/05 13:12:59.535, 16, 554, 61.49
2026/08/05 13:13:01.536, 14, 554, 61.94
2026/08/05 13:13:03.538, 17, 554, 60.96
2026/08/05 13:13:05.539, 15, 554, 64.86
2026/08/05 13:13:07.541, 16, 554, 65.83
2026/08/05 13:13:09.542, 14, 554, 63.40
2026/08/05 13:13:11.544, 14, 554, 59.99
2026/08/05 13:13:13.545, 15, 554, 62.91
2026/08/05 13:13:15.547, 15, 554, 60.96
2026/08/05 13:13:17.548, 14, 554, 61.45
2026/08/05 13:13:19.550, 16, 554, 60.96
2026/08/05 13:13:21.551, 15, 554, 61.45
2026/08/05 13:13:23.554, 18, 554, 63.88
2026/08/05 13:13:25.555, 14, 554, 65.83
2026/08/05 13:13:27.557, 16, 554, 61.45
2026/08/05 13:13:29.558, 15, 554, 63.88
2026/08/05 13:13:31.559, 15, 554, 62.42
2026/08/05 13:13:33.561, 14, 554, 60.96
2026/08/05 13:13:35.562, 16, 554, 72.16
2026/08/05 13:13:37.564, 14, 554, 72.64
2026/08/05 13:13:39.565, 16, 554, 66.32
2026/08/05 13:13:41.567, 15, 554, 63.88
2026/08/05 13:13:43.568, 16, 554, 64.86
2026/08/05 13:13:45.569, 16, 554, 65.34
2026/08/05 13:13:47.571, 15, 554, 71.67
2026/08/05 13:13:49.572, 18, 554, 62.91
2026/08/05 13:13:51.574, 15, 554, 60.47
2026/08/05 13:13:53.575, 16, 554, 61.45
2026/08/05 13:13:55.577, 16, 554, 65.83
2026/08/05 13:13:57.578, 16, 554, 61.45
2026/08/05 13:13:59.580, 17, 554, 63.88
2026/08/05 13:14:01.581, 14, 554, 61.94
2026/08/05 13:14:03.584, 16, 554, 71.18
2026/08/05 13:14:05.587, 16, 554, 61.45
2026/08/05 13:14:07.589, 16, 554, 61.45
2026/08/05 13:14:09.592, 16, 554, 66.32
2026/08/05 13:14:11.594, 12, 554, 60.96
2026/08/05 13:14:13.595, 11, 554, 64.86
2026/08/05 13:14:15.597, 11, 554, 59.99
2026/08/05 13:14:17.598, 14, 554, 60.47
2026/08/05 13:14:19.600, 13, 554, 62.42
2026/08/05 13:14:21.601, 13, 554, 62.91
2026/08/05 13:14:23.603, 11, 554, 63.35
2026/08/05 13:14:25.604, 11, 554, 64.37
2026/08/05 13:14:27.606, 11, 554, 65.34
2026/08/05 13:14:29.607, 11, 554, 62.42
2026/08/05 13:14:31.608, 11, 554, 63.88
2026/08/05 13:14:33.610, 11, 554, 66.80
2026/08/05 13:14:35.611, 11, 554, 62.91
2026/08/05 13:14:37.613, 11, 554, 63.88
2026/08/05 13:14:39.614, 11, 554, 59.99
2026/08/05 13:14:41.616, 15, 554, 64.86
2026/08/05 13:14:43.617, 16, 554, 64.37
2026/08/05 13:14:45.619, 14, 554, 60.47
2026/08/05 13:14:47.621, 15, 554, 68.26
2026/08/05 13:14:49.623, 18, 554, 62.42
2026/08/05 13:14:51.624, 15, 554, 63.40
2026/08/05 13:14:53.626, 16, 554, 61.45
2026/08/05 13:14:55.627, 17, 554, 62.91
2026/08/05 13:14:57.628, 14, 554, 66.80
2026/08/05 13:14:59.630, 14, 554, 64.86
2026/08/05 13:15:01.631, 14, 554, 60.96
2026/08/05 13:15:03.633, 14, 554, 62.91
2026/08/05 13:15:05.634, 16, 554, 63.40
2026/08/05 13:15:07.636, 15, 554, 61.45
2026/08/05 13:15:09.637, 14, 554, 59.99
2026/08/05 13:15:11.639, 13, 554, 61.94
2026/08/05 13:15:13.640, 13, 554, 68.75
2026/08/05 13:15:15.642, 15, 554, 64.86
2026/08/05 13:15:17.643, 16, 554, 63.88
2026/08/05 13:15:19.646, 17, 554, 62.42
2026/08/05 13:15:21.647, 10, 554, 71.67
2026/08/05 13:15:23.649, 14, 554, 60.96
2026/08/05 13:15:25.652, 16, 554, 62.42
2026/08/05 13:15:27.654, 16, 554, 61.45
2026/08/05 13:15:29.655, 16, 554, 68.26
2026/08/05 13:15:31.657, 16, 554, 70.21
2026/08/05 13:15:33.658, 16, 554, 62.91
2026/08/05 13:15:35.660, 15, 554, 66.32
2026/08/05 13:15:37.661, 14, 554, 61.94
2026/08/05 13:15:39.663, 15, 554, 61.45
2026/08/05 13:15:41.664, 18, 554, 61.98
2026/08/05 13:15:43.666, 15, 554, 67.78
2026/08/05 13:15:45.667, 17, 554, 66.80
2026/08/05 13:15:47.669, 16, 554, 71.62
2026/08/05 13:15:49.671, 16, 554, 60.47
2026/08/05 13:15:51.672, 14, 554, 62.87
2026/08/05 13:15:53.674, 17, 554, 64.86
2026/08/05 13:15:55.675, 15, 554, 72.16
2026/08/05 13:15:57.677, 17, 554, 65.34
2026/08/05 13:15:59.678, 16, 554, 63.40
2026/08/05 13:16:01.680, 13, 554, 61.94
2026/08/05 13:16:03.681, 14, 554, 61.94
2026/08/05 13:16:05.683, 15, 554, 61.94
2026/08/05 13:16:07.684, 11, 554, 62.91
2026/08/05 13:16:09.686, 16, 554, 63.40
2026/08/05 13:16:11.688, 16, 554, 61.94
2026/08/05 13:16:13.689, 14, 554, 61.45
2026/08/05 13:16:15.690, 12, 554, 62.91
2026/08/05 13:16:17.692, 14, 554, 65.83
2026/08/05 13:16:19.693, 16, 554, 65.34
2026/08/05 13:16:21.695, 16, 554, 70.21
2026/08/05 13:16:23.696, 16, 554, 63.88
2026/08/05 13:16:25.699, 14, 554, 65.34
2026/08/05 13:16:27.702, 16, 554, 62.91
2026/08/05 13:16:29.704, 16, 554, 62.91
2026/08/05 13:16:31.706, 14, 554, 63.40
2026/08/05 13:16:33.707, 14, 554, 61.45
2026/08/05 13:16:35.709, 17, 554, 62.42
2026/08/05 13:16:37.711, 14, 554, 63.40
2026/08/05 13:16:39.713, 15, 554, 63.88
2026/08/05 13:16:41.714, 18, 554, 62.91
2026/08/05 13:16:43.716, 14, 554, 61.94
2026/08/05 13:16:45.717, 15, 554, 62.38
2026/08/05 13:16:47.719, 15, 554, 67.78
2026/08/05 13:16:49.720, 17, 554, 60.47
2026/08/05 13:16:51.722, 16, 554, 60.96
2026/08/05 13:16:53.723, 15, 554, 62.91
2026/08/05 13:16:55.725, 15, 554, 61.45
2026/08/05 13:16:57.727, 16, 554, 64.86
2026/08/05 13:16:59.728, 14, 554, 62.91
2026/08/05 13:17:01.729, 15, 554, 59.99
2026/08/05 13:17:03.731, 14, 554, 66.80
2026/08/05 13:17:05.732, 16, 554, 69.72
2026/08/05 13:17:07.734, 15, 554, 68.17
2026/08/05 13:17:09.735, 17, 554, 72.16
2026/08/05 13:17:11.739, 15, 554, 62.42
2026/08/05 13:17:13.741, 15, 554, 63.88
2026/08/05 13:17:15.743, 14, 554, 62.91
2026/08/05 13:17:17.744, 16, 554, 59.99
2026/08/05 13:17:19.746, 15, 554, 61.45
2026/08/05 13:17:21.747, 16, 554, 64.86
2026/08/05 13:17:23.749, 15, 554, 60.96
2026/08/05 13:17:25.750, 15, 554, 60.96
2026/08/05 13:17:27.752, 15, 554, 60.47
2026/08/05 13:17:29.753, 15, 554, 60.47
2026/08/05 13:17:31.754, 17, 554, 61.94
2026/08/05 13:17:33.756, 18, 554, 61.94
2026/08/05 13:17:35.757, 10, 554, 65.34
2026/08/05 13:17:37.759, 15, 554, 67.73
2026/08/05 13:17:39.760, 16, 554, 65.83
2026/08/05 13:17:41.761, 15, 554, 62.91
2026/08/05 13:17:43.763, 16, 554, 60.47
2026/08/05 13:17:45.764, 15, 554, 64.86
2026/08/05 13:17:47.767, 16, 554, 60.96
2026/08/05 13:17:49.769, 15, 554, 61.45
2026/08/05 13:17:51.770, 13, 554, 60.47
2026/08/05 13:17:53.771, 12, 554, 62.42
2026/08/05 13:17:55.773, 18, 554, 61.94
2026/08/05 13:17:57.774, 18, 554, 60.47
2026/08/05 13:17:59.776, 15, 554, 62.91
2026/08/05 13:18:01.778, 16, 554, 64.37
2026/08/05 13:18:03.779, 17, 554, 60.47
2026/08/05 13:18:05.781, 15, 554, 69.24
2026/08/05 13:18:07.782, 15, 554, 60.47
2026/08/05 13:18:09.783, 14, 554, 64.37
2026/08/05 13:18:11.785, 16, 554, 62.42
2026/08/05 13:18:13.786, 15, 554, 64.86
2026/08/05 13:18:15.787, 16, 554, 61.45
2026/08/05 13:18:17.789, 16, 554, 62.91
2026/08/05 13:18:19.790, 14, 554, 64.86
2026/08/05 13:18:21.792, 15, 554, 65.34
2026/08/05 13:18:23.793, 16, 554, 65.34
2026/08/05 13:18:25.794, 15, 554, 61.94
2026/08/05 13:18:27.796, 16, 554, 61.94
2026/08/05 13:18:29.797, 15, 554, 63.88
2026/08/05 13:18:31.800, 17, 554, 60.96
2026/08/05 13:18:33.801, 14, 554, 62.91
2026/08/05 13:18:35.802, 16, 554, 62.91
2026/08/05 13:18:37.804, 15, 554, 64.86
2026/08/05 13:18:39.805, 16, 554, 60.96
2026/08/05 13:18:41.807, 15, 554, 61.94
2026/08/05 13:18:43.808, 16, 554, 61.45
2026/08/05 13:18:45.809, 15, 554, 61.45
2026/08/05 13:18:47.811, 16, 554, 72.16
2026/08/05 13:18:49.813, 15, 554, 60.96
2026/08/05 13:18:51.814, 16, 554, 63.40
2026/08/05 13:18:53.816, 13, 554, 67.29
2026/08/05 13:18:55.818, 16, 554, 62.91
2026/08/05 13:18:57.820, 14, 554, 61.45
2026/08/05 13:18:59.821, 17, 554, 64.37
2026/08/05 13:19:01.823, 15, 554, 61.45
2026/08/05 13:19:03.824, 18, 554, 67.78
2026/08/05 13:19:05.826, 16, 554, 69.72
2026/08/05 13:19:07.827, 14, 554, 61.45
2026/08/05 13:19:09.828, 17, 554, 63.40
2026/08/05 13:19:11.831, 17, 554, 63.88
2026/08/05 13:19:13.834, 15, 554, 64.86
2026/08/05 13:19:15.835, 15, 554, 61.94
2026/08/05 13:19:17.837, 15, 554, 65.30
2026/08/05 13:19:19.838, 15, 554, 64.86
2026/08/05 13:19:21.840, 15, 554, 67.29
2026/08/05 13:19:23.841, 17, 554, 60.96
2026/08/05 13:19:25.842, 15, 554, 65.34
2026/08/05 13:19:27.844, 10, 554, 60.96
2026/08/05 13:19:29.845, 16, 554, 62.42
2026/08/05 13:19:31.847, 15, 554, 61.45
2026/08/05 13:19:33.848, 16, 554, 61.94
2026/08/05 13:19:35.849, 17, 554, 60.47
2026/08/05 13:19:37.851, 16, 554, 61.94
2026/08/05 13:19:39.852, 15, 554, 61.94
2026/08/05 13:19:41.854, 16, 554, 61.45
2026/08/05 13:19:43.855, 15, 554, 71.67
2026/08/05 13:19:45.857, 17, 554, 64.86
2026/08/05 13:19:47.858, 16, 554, 61.45
2026/08/05 13:19:49.860, 17, 554, 61.94
2026/08/05 13:19:51.861, 16, 554, 60.96
2026/08/05 13:19:53.863, 15, 554, 62.91
2026/08/05 13:19:55.864, 16, 554, 62.91
2026/08/05 13:19:57.865, 16, 554, 70.70
2026/08/05 13:19:59.867, 16, 554, 65.83
2026/08/05 13:20:01.868, 15, 554, 64.37
2026/08/05 13:20:03.870, 16, 554, 60.96
2026/08/05 13:20:05.872, 11, 554, 62.42
2026/08/05 13:20:07.873, 13, 554, 63.88
2026/08/05 13:20:09.875, 9, 554, 64.81
2026/08/05 13:20:11.876, 12, 554, 64.86
2026/08/05 13:20:13.878, 11, 554, 60.96
2026/08/05 13:20:15.880, 11, 554, 60.47
2026/08/05 13:20:17.881, 8, 554, 60.47
2026/08/05 13:20:19.883, 13, 554, 60.47
2026/08/05 13:20:21.884, 14, 554, 59.50
2026/08/05 13:20:23.885, 16, 554, 61.94
2026/08/05 13:20:25.887, 16, 554, 60.96
2026/08/05 13:20:27.889, 14, 554, 61.94
2026/08/05 13:20:29.892, 15, 554, 61.45
2026/08/05 13:20:31.893, 14, 554, 69.68
2026/08/05 13:20:33.895, 15, 554, 64.41
2026/08/05 13:20:35.897, 16, 554, 67.29
2026/08/05 13:20:37.898, 16, 554, 60.47
2026/08/05 13:20:39.900, 15, 554, 60.96
2026/08/05 13:20:41.901, 15, 554, 60.96
2026/08/05 13:20:43.903, 11, 554, 61.94
2026/08/05 13:20:45.904, 14, 554, 62.91
2026/08/05 13:20:47.906, 16, 554, 69.24
2026/08/05 13:20:49.907, 16, 554, 65.34
2026/08/05 13:20:51.908, 16, 554, 60.47
2026/08/05 13:20:53.910, 15, 554, 63.40
2026/08/05 13:20:55.911, 16, 554, 61.94
2026/08/05 13:20:57.912, 14, 554, 60.96
2026/08/05 13:20:59.914, 15, 554, 63.40
2026/08/05 13:21:01.916, 15, 554, 62.42
2026/08/05 13:21:03.917, 16, 554, 66.27
2026/08/05 13:21:05.919, 16, 554, 60.96
2026/08/05 13:21:07.920, 13, 554, 62.42
2026/08/05 13:21:09.921, 13, 554, 59.99
2026/08/05 13:21:11.923, 16, 554, 62.42
2026/08/05 13:21:13.924, 15, 554, 62.91
2026/08/05 13:21:15.926, 15, 554, 67.29
2026/08/05 13:21:17.927, 15, 554, 71.18
2026/08/05 13:21:19.928, 16, 554, 64.86
2026/08/05 13:21:21.930, 15, 554, 63.40
2026/08/05 13:21:23.931, 16, 554, 62.42
2026/08/05 13:21:25.933, 17, 554, 61.45
2026/08/05 13:21:27.935, 17, 554, 62.91
2026/08/05 13:21:29.936, 16, 554, 60.96
2026/08/05 13:21:31.938, 15, 554, 62.91
2026/08/05 13:21:33.939, 15, 554, 62.42
2026/08/05 13:21:35.941, 15, 554, 64.86
2026/08/05 13:21:37.943, 15, 554, 60.96
2026/08/05 13:21:39.945, 14, 554, 60.96
2026/08/05 13:21:41.946, 15, 554, 61.45
2026/08/05 13:21:43.948, 17, 554, 68.26
2026/08/05 13:21:45.950, 17, 554, 66.80
2026/08/05 13:21:47.952, 17, 554, 62.42
2026/08/05 13:21:49.953, 15, 554, 63.40
2026/08/05 13:21:51.954, 14, 554, 63.40
2026/08/05 13:21:53.956, 18, 554, 66.80
2026/08/05 13:21:55.957, 16, 554, 60.47
2026/08/05 13:21:57.959, 16, 554, 61.45
2026/08/05 13:21:59.962, 15, 554, 66.32
2026/08/05 13:22:01.963, 14, 554, 61.45
2026/08/05 13:22:03.964, 16, 554, 63.40
2026/08/05 13:22:05.966, 15, 554, 60.96
2026/08/05 13:22:07.967, 14, 554, 63.40
2026/08/05 13:22:09.968, 16, 554, 63.40
2026/08/05 13:22:11.970, 15, 554, 62.42
2026/08/05 13:22:13.971, 15, 554, 60.96
2026/08/05 13:22:15.972, 17, 554, 59.99
2026/08/05 13:22:17.974, 16, 554, 61.94
2026/08/05 13:22:19.976, 15, 554, 65.34
2026/08/05 13:22:21.977, 17, 554, 67.78
2026/08/05 13:22:23.978, 17, 554, 63.88
2026/08/05 13:22:25.980, 17, 554, 61.45
2026/08/05 13:22:27.981, 17, 554, 59.99
2026/08/05 13:22:29.983, 15, 554, 62.42
2026/08/05 13:22:31.984, 14, 554, 60.47
2026/08/05 13:22:33.985, 16, 554, 61.45
2026/08/05 13:22:35.987, 16, 554, 59.99
2026/08/05 13:22:37.988, 16, 554, 63.88
2026/08/05 13:22:39.990, 16, 554, 71.18
2026/08/05 13:22:41.992, 17, 554, 64.37
2026/08/05 13:22:43.994, 16, 554, 62.42
2026/08/05 13:22:45.995, 13, 554, 61.45
2026/08/05 13:22:47.997, 11, 554, 63.88
2026/08/05 13:22:49.998, 17, 554, 60.47
2026/08/05 13:22:51.999, 15, 554, 59.99
2026/08/05 13:22:54.001, 16, 554, 63.44
2026/08/05 13:22:56.002, 16, 554, 61.94
2026/08/05 13:22:58.004, 14, 554, 65.34
2026/08/05 13:23:00.005, 14, 554, 64.86
2026/08/05 13:23:02.007, 16, 554, 64.86
2026/08/05 13:23:04.008, 18, 554, 66.80
2026/08/05 13:23:06.009, 16, 554, 61.94
2026/08/05 13:23:08.011, 17, 554, 63.40
2026/08/05 13:23:10.012, 15, 554, 66.32
2026/08/05 13:23:12.014, 15, 554, 64.37
2026/08/05 13:23:14.015, 16, 554, 68.26
2026/08/05 13:23:16.016, 14, 554, 62.42
2026/08/05 13:23:18.019, 15, 554, 62.91
2026/08/05 13:23:20.021, 15, 554, 60.96
2026/08/05 13:23:22.022, 17, 554, 62.42
2026/08/05 13:23:24.023, 14, 554, 65.34
2026/08/05 13:23:26.025, 14, 554, 63.88
2026/08/05 13:23:28.026, 15, 554, 61.45
2026/08/05 13:23:30.027, 14, 554, 65.30
2026/08/05 13:23:32.029, 15, 554, 62.42
2026/08/05 13:23:34.030, 15, 554, 60.47
2026/08/05 13:23:36.032, 17, 554, 60.96
2026/08/05 13:23:38.033, 13, 554, 62.91
2026/08/05 13:23:40.034, 16, 554, 62.42
2026/08/05 13:23:42.037, 16, 554, 61.94
2026/08/05 13:23:44.038, 14, 554, 60.96
2026/08/05 13:23:46.039, 14, 554, 62.91
2026/08/05 13:23:48.041, 16, 554, 61.94
2026/08/05 13:23:50.042, 15, 554, 63.40
2026/08/05 13:23:52.044, 16, 554, 60.47
2026/08/05 13:23:54.045, 16, 554, 61.94
2026/08/05 13:23:56.046, 15, 554, 61.94
2026/08/05 13:23:58.048, 13, 554, 60.47
2026/08/05 13:24:00.049, 15, 554, 61.45
2026/08/05 13:24:02.051, 14, 554, 61.94
2026/08/05 13:24:04.052, 15, 554, 61.94
2026/08/05 13:24:06.054, 16, 554, 67.78
2026/08/05 13:24:08.055, 15, 554, 63.40
2026/08/05 13:24:10.057, 14, 554, 60.47
2026/08/05 13:24:12.058, 15, 554, 62.91
2026/08/05 13:24:14.060, 15, 554, 60.47
2026/08/05 13:24:16.062, 17, 554, 60.96
2026/08/05 13:24:18.064, 16, 554, 65.83
2026/08/05 13:24:20.065, 15, 554, 65.83
2026/08/05 13:24:22.066, 17, 554, 61.45
2026/08/05 13:24:24.068, 13, 554, 63.40
2026/08/05 13:24:26.069, 15, 554, 72.64
2026/08/05 13:24:28.070, 16, 554, 63.40
2026/08/05 13:24:30.072, 15, 554, 63.88
2026/08/05 13:24:32.073, 17, 554, 60.47
2026/08/05 13:24:34.075, 15, 554, 60.47
2026/08/05 13:24:36.076, 15, 554, 60.96
2026/08/05 13:24:38.077, 15, 554, 62.42
2026/08/05 13:24:40.079, 15, 554, 64.37
2026/08/05 13:24:42.081, 17, 554, 64.86
2026/08/05 13:24:44.082, 14, 554, 64.37
2026/08/05 13:24:46.083, 16, 554, 61.94
2026/08/05 13:24:48.085, 15, 554, 65.34
2026/08/05 13:24:50.086, 15, 554, 61.45
2026/08/05 13:24:52.087, 18, 554, 70.70
2026/08/05 13:24:54.089, 16, 554, 61.94
2026/08/05 13:24:56.090, 11, 554, 62.42
2026/08/05 13:24:58.092, 17, 554, 61.94
2026/08/05 13:25:00.093, 11, 554, 60.47
2026/08/05 13:25:02.095, 14, 554, 62.42
2026/08/05 13:25:04.097, 14, 554, 62.42
2026/08/05 13:25:06.098, 12, 554, 59.99
2026/08/05 13:25:08.100, 13, 554, 60.47
2026/08/05 13:25:10.101, 16, 554, 63.40
2026/08/05 13:25:12.103, 17, 554, 63.40
2026/08/05 13:25:14.104, 16, 554, 65.83
2026/08/05 13:25:16.105, 14, 554, 60.47
2026/08/05 13:25:18.107, 16, 554, 61.94
2026/08/05 13:25:20.108, 16, 554, 64.81
2026/08/05 13:25:22.110, 15, 554, 63.40
2026/08/05 13:25:24.112, 14, 554, 63.40
2026/08/05 13:25:26.114, 17, 554, 63.88
2026/08/05 13:25:28.115, 15, 554, 60.96
2026/08/05 13:25:30.116, 16, 554, 64.86
2026/08/05 13:25:32.118, 17, 554, 62.91
2026/08/05 13:25:34.119, 15, 554, 61.94
2026/08/05 13:25:36.120, 15, 554, 68.22
2026/08/05 13:25:38.122, 15, 554, 63.88
2026/08/05 13:25:40.125, 15, 554, 65.34
2026/08/05 13:25:42.126, 14, 554, 62.91
2026/08/05 13:25:44.128, 15, 554, 63.88
2026/08/05 13:25:46.129, 17, 554, 61.94
2026/08/05 13:25:48.130, 15, 554, 63.88
2026/08/05 13:25:50.132, 17, 554, 61.94
2026/08/05 13:25:52.133, 17, 554, 62.91
2026/08/05 13:25:54.135, 15, 554, 60.96
2026/08/05 13:25:56.136, 15, 554, 61.94
2026/08/05 13:25:58.137, 11, 554, 60.96
2026/08/05 13:26:00.139, 15, 554, 63.40
2026/08/05 13:26:02.140, 12, 554, 60.96
2026/08/05 13:26:04.142, 18, 554, 61.94
2026/08/05 13:26:06.143, 17, 554, 62.91
2026/08/05 13:26:08.144, 17, 554, 75.08
2026/08/05 13:26:10.146, 16, 554, 73.08
2026/08/05 13:26:12.147, 15, 554, 60.96
2026/08/05 13:26:14.149, 17, 554, 62.42
2026/08/05 13:26:16.150, 15, 554, 73.08
2026/08/05 13:26:18.152, 17, 554, 73.62
2026/08/05 13:26:20.153, 13, 554, 68.22
2026/08/05 13:26:22.155, 11, 554, 60.47
2026/08/05 13:26:24.157, 14, 554, 71.18
2026/08/05 13:26:26.159, 15, 554, 60.92
2026/08/05 13:26:28.160, 18, 554, 62.42
2026/08/05 13:26:30.162, 17, 554, 62.91
2026/08/05 13:26:32.163, 16, 554, 63.40
2026/08/05 13:26:34.165, 16, 554, 64.86
2026/08/05 13:26:36.166, 17, 554, 61.45
2026/08/05 13:26:38.167, 18, 554, 65.79
2026/08/05 13:26:40.169, 17, 554, 64.37
2026/08/05 13:26:42.171, 17, 554, 60.47
2026/08/05 13:26:44.174, 14, 554, 62.42
2026/08/05 13:26:46.175, 16, 554, 61.94
2026/08/05 13:26:48.177, 18, 554, 71.67
2026/08/05 13:26:50.179, 16, 554, 60.96
2026/08/05 13:26:52.180, 18, 554, 65.34
2026/08/05 13:26:54.182, 14, 554, 63.40
2026/08/05 13:26:56.183, 15, 554, 66.80
2026/08/05 13:26:58.185, 14, 554, 60.47
2026/08/05 13:27:00.186, 16, 554, 73.13
2026/08/05 13:27:02.187, 13, 554, 63.40
2026/08/05 13:27:04.189, 15, 554, 61.45
2026/08/05 13:27:06.191, 14, 554, 60.47
2026/08/05 13:27:08.192, 15, 554, 67.78
2026/08/05 13:27:10.194, 16, 554, 64.37
2026/08/05 13:27:12.195, 15, 554, 65.83
2026/08/05 13:27:14.197, 15, 554, 61.94
2026/08/05 13:27:16.198, 18, 554, 61.45
2026/08/05 13:27:18.199, 14, 554, 61.45
2026/08/05 13:27:20.201, 15, 554, 59.50
2026/08/05 13:27:22.202, 16, 554, 63.88
2026/08/05 13:27:24.204, 15, 554, 62.42
2026/08/05 13:27:26.205, 16, 554, 61.45
2026/08/05 13:27:28.207, 14, 554, 60.96
2026/08/05 13:27:30.208, 17, 554, 68.26
2026/08/05 13:27:32.210, 16, 554, 63.88
2026/08/05 13:27:34.211, 14, 554, 66.80
2026/08/05 13:27:36.212, 17, 554, 60.96
2026/08/05 13:27:38.214, 12, 554, 59.99
2026/08/05 13:27:40.215, 14, 554, 66.32
2026/08/05 13:27:42.217, 16, 554, 60.96
2026/08/05 13:27:44.219, 17, 554, 64.37
2026/08/05 13:27:46.221, 16, 554, 61.45
2026/08/05 13:27:48.224, 16, 554, 66.32
2026/08/05 13:27:50.227, 15, 554, 69.72
2026/08/05 13:27:52.229, 14, 554, 61.45
2026/08/05 13:27:54.232, 16, 554, 60.96
2026/08/05 13:27:56.234, 15, 554, 59.99
2026/08/05 13:27:58.237, 15, 554, 66.80
2026/08/05 13:28:00.238, 15, 554, 61.45
2026/08/05 13:28:02.239, 17, 554, 60.47
2026/08/05 13:28:04.241, 16, 554, 60.96
2026/08/05 13:28:06.242, 16, 554, 59.99
2026/08/05 13:28:08.244, 17, 554, 61.94
2026/08/05 13:28:10.245, 18, 554, 62.91
2026/08/05 13:28:12.248, 15, 554, 66.32
2026/08/05 13:28:14.249, 16, 554, 64.86
2026/08/05 13:28:16.251, 17, 554, 66.32
2026/08/05 13:28:18.252, 15, 554, 62.42
2026/08/05 13:28:20.253, 16, 554, 61.94
2026/08/05 13:28:22.255, 14, 554, 61.94
2026/08/05 13:28:24.256, 10, 554, 60.96
2026/08/05 13:28:26.257, 16, 554, 60.47
2026/08/05 13:28:28.259, 16, 554, 68.26
2026/08/05 13:28:30.260, 15, 554, 61.94
2026/08/05 13:28:32.262, 16, 554, 61.45
2026/08/05 13:28:34.263, 14, 554, 64.86
2026/08/05 13:28:36.265, 18, 554, 65.34
2026/08/05 13:28:38.266, 16, 554, 61.45
2026/08/05 13:28:40.267, 15, 554, 60.47
2026/08/05 13:28:42.269, 15, 554, 65.34
2026/08/05 13:28:44.270, 15, 554, 64.37
2026/08/05 13:28:46.272, 16, 554, 61.41
2026/08/05 13:28:48.273, 16, 554, 68.26
2026/08/05 13:28:50.275, 18, 554, 64.37
2026/08/05 13:28:52.276, 15, 554, 70.21
2026/08/05 13:28:54.277, 14, 554, 62.42
2026/08/05 13:28:56.279, 15, 554, 66.32
2026/08/05 13:28:58.280, 17, 554, 60.96
2026/08/05 13:29:00.281, 14, 554, 59.99
2026/08/05 13:29:02.283, 16, 554, 61.94
2026/08/05 13:29:04.284, 12, 554, 60.96
2026/08/05 13:29:06.285, 12, 554, 61.45
2026/08/05 13:29:08.287, 15, 554, 62.42
2026/08/05 13:29:10.289, 15, 554, 63.40
2026/08/05 13:29:12.290, 15, 554, 60.47
2026/08/05 13:29:14.292, 17, 554, 61.94
2026/08/05 13:29:16.294, 13, 554, 59.99
2026/08/05 13:29:18.295, 16, 554, 67.29
2026/08/05 13:29:20.297, 14, 554, 60.47
2026/08/05 13:29:22.299, 11, 554, 59.50
2026/08/05 13:29:24.301, 17, 554, 65.83
2026/08/05 13:29:26.303, 15, 554, 61.94
2026/08/05 13:29:28.305, 15, 554, 62.42
2026/08/05 13:29:30.306, 17, 554, 62.42
2026/08/05 13:29:32.307, 16, 554, 64.37
2026/08/05 13:29:34.309, 16, 554, 60.96
2026/08/05 13:29:36.310, 15, 554, 60.47
2026/08/05 13:29:38.312, 15, 554, 66.32
2026/08/05 13:29:40.313, 15, 554, 62.42
2026/08/05 13:29:42.314, 17, 554, 70.16
2026/08/05 13:29:44.316, 15, 554, 61.94
2026/08/05 13:29:46.317, 16, 554, 60.47
2026/08/05 13:29:48.319, 15, 554, 66.32
2026/08/05 13:29:50.320, 17, 554, 64.37
2026/08/05 13:29:52.321, 16, 554, 59.99
2026/08/05 13:29:54.323, 15, 554, 61.41
2026/08/05 13:29:56.324, 19, 554, 62.91
2026/08/05 13:29:58.325, 16, 554, 63.88
2026/08/05 13:30:00.327, 15, 554, 60.96
2026/08/05 13:30:02.328, 16, 554, 62.91
2026/08/05 13:30:04.329, 17, 554, 74.59
2026/08/05 13:30:06.331, 16, 554, 63.88
2026/08/05 13:30:08.334, 17, 554, 60.96
2026/08/05 13:30:10.335, 17, 554, 62.91
2026/08/05 13:30:12.336, 17, 554, 70.21
2026/08/05 13:30:14.338, 15, 554, 69.24
2026/08/05 13:30:16.339, 18, 554, 68.75
2026/08/05 13:30:18.341, 17, 554, 63.88
2026/08/05 13:30:20.342, 16, 554, 61.94
2026/08/05 13:30:22.343, 16, 554, 70.70
2026/08/05 13:30:24.345, 16, 554, 61.94
2026/08/05 13:30:26.346, 15, 554, 63.40
2026/08/05 13:30:28.347, 14, 554, 62.91
2026/08/05 13:30:30.350, 18, 554, 61.45
2026/08/05 13:30:32.351, 15, 554, 60.47
2026/08/05 13:30:34.353, 15, 554, 64.86
2026/08/05 13:30:36.354, 16, 554, 65.34
2026/08/05 13:30:38.355, 16, 554, 63.92
2026/08/05 13:30:40.357, 15, 554, 60.47
2026/08/05 13:30:42.359, 17, 554, 64.90
2026/08/05 13:30:44.360, 18, 554, 62.42
2026/08/05 13:30:46.361, 16, 554, 66.32
2026/08/05 13:30:48.363, 15, 554, 63.40
2026/08/05 13:30:50.365, 15, 554, 63.88
2026/08/05 13:30:52.368, 13, 554, 61.45
2026/08/05 13:30:54.370, 1, 554, 58.57
2026/08/05 13:30:56.371, 14, 554, 63.40
2026/08/05 13:30:58.372, 14, 554, 61.45
2026/08/05 13:31:00.374, 13, 554, 60.96
2026/08/05 13:31:02.375, 13, 554, 60.51
2026/08/05 13:31:04.377, 13, 554, 60.96
2026/08/05 13:31:06.378, 13, 462, 61.00
2026/08/05 13:31:08.379, 13, 440, 61.98
2026/08/05 13:31:10.382, 13, 462, 59.01
2026/08/05 13:31:12.384, 13, 462, 66.32
2026/08/05 13:31:14.385, 14, 464, 61.45
2026/08/05 13:31:16.386, 13, 464, 60.03
2026/08/05 13:31:18.388, 13, 464, 60.03
2026/08/05 13:31:20.389, 13, 464, 58.53
2026/08/05 13:31:22.391, 13, 464, 62.46
2026/08/05 13:31:24.392, 12, 464, 60.03
2026/08/05 13:31:26.394, 0, 464, 58.53
2026/08/05 13:31:28.395, 0, 5, 58.57
2026/08/05 13:31:30.397, 0, 5, 50.25
2026/08/05 13:31:32.399, 0, 5, 44.93
2026/08/05 13:31:34.400, 0, 5, 44.93
2026/08/05 13:31:36.402, 0, 5, 44.93
2026/08/05 13:31:38.403, 0, 5, 44.93
2026/08/05 13:31:40.404, 0, 5, 44.93
2026/08/05 13:31:42.406, 0, 5, 44.93
2026/08/05 13:31:44.408, 1, 376, 58.53
2026/08/05 13:31:46.409, 0, 470, 58.53
2026/08/05 13:31:48.410, 3, 494, 58.53
2026/08/05 13:31:50.413, 13, 494, 62.91
2026/08/05 13:31:52.416, 11, 494, 59.99
2026/08/05 13:31:54.418, 0, 5, 58.04
2026/08/05 13:31:56.419, 0, 5, 48.83
2026/08/05 13:31:58.420, 0, 5, 44.93
2026/08/05 13:32:00.422, 0, 5, 44.93
2026/08/05 13:32:02.423, 0, 5, 44.93
2026/08/05 13:32:04.425, 0, 5, 44.93
2026/08/05 13:32:06.426, 0, 5, 44.93
2026/08/05 13:32:08.428, 0, 5, 44.93
2026/08/05 13:32:10.430, 0, 5, 44.93
2026/08/05 13:32:12.432, 0, 470, 58.08
2026/08/05 13:32:14.433, 0, 494, 63.40
2026/08/05 13:32:16.434, 8, 494, 60.03
2026/08/05 13:32:18.436, 14, 494, 59.50
2026/08/05 13:32:20.437, 8, 5, 58.04
2026/08/05 13:32:22.438, 0, 5, 48.34
2026/08/05 13:32:24.440, 0, 5, 44.93
2026/08/05 13:32:26.441, 0, 5, 44.93
2026/08/05 13:32:28.444, 0, 5, 44.93
2026/08/05 13:32:30.445, 0, 5, 44.44
2026/08/05 13:32:32.447, 0, 5, 44.44
2026/08/05 13:32:34.448, 0, 5, 44.44
2026/08/05 13:32:36.449, 0, 5, 44.44
2026/08/05 13:32:38.451, 0, 468, 58.08
2026/08/05 13:32:40.452, 0, 494, 58.04
2026/08/05 13:32:42.453, 2, 494, 58.53
2026/08/05 13:32:44.455, 14, 494, 59.99
2026/08/05 13:32:46.456, 0, 494, 58.04
2026/08/05 13:32:48.458, 0, 5, 58.08
2026/08/05 13:32:50.459, 0, 5, 48.31
2026/08/05 13:32:52.461, 0, 5, 44.44
