sscha_index,selected,selection_group,shard,RMS_displacement_A,max_displacement_A,inplane_RMS_displacement_A,outplane_RMS_displacement_A,Aprime_coordinate_abs_A,MLIP_force_RMS_eV_A,committee_force_disagreement_RMS_eV_A,MLIP_energy_centered_eV,Aprime_force_abs_eV_A
0,False,,,0.09017775102743766,0.34989851988880755,0.048227550032499296,0.1405143664428131,0.04763496966718102,0.18819523969627755,0.0031546570811078873,-0.04395304419286461,0.1149165247060937
1,False,,,0.09017775102743757,0.34989851988880466,0.04822755003249921,0.14051436644281295,0.04763496966718145,0.19446558221143675,0.0034205959587471544,-0.1239502734390987,0.2773387382644967
2,False,,,0.07452580923825511,0.3144142186510172,0.0435300512088076,0.11345729598120849,0.07641736731514616,0.16849371555038686,0.0031251053036020536,2.4215848803109434,0.46385086095337846
3,False,,,0.07452580923825505,0.3144142186510196,0.043530051208807596,0.11345729598120838,0.07641736731514737,0.18975881022957528,0.0027041074573684615,-2.4635387116530083,0.16058544910716088
4,False,,,0.07393231221461576,0.269381986079802,0.043130422652593224,0.11259437664384317,0.011046428074445709,0.1871085602796089,0.004289656815860299,-0.7756734491974617,0.15982038621154634
5,False,,,0.07393231221461585,0.2693819860798034,0.04313042265259353,0.11259437664384314,0.011046428074446684,0.20144311209522342,0.004358300597821954,-2.3792273821026697,0.29300758729666143
6,True,high_Aprime_amplitude,B,0.12815982767338152,0.5163521333543071,0.045635929078238005,0.21239008508436683,0.08570972583414657,0.1957617727278384,0.004053258019087832,2.5557341163203304,0.31207123382311774
7,False,,,0.12815982767338147,0.5163521333543091,0.04563592907823796,0.21239008508436683,0.08570972583414642,0.1749332746160379,0.0030851862297501666,-1.632145063346079,0.42509025141515405
8,False,,,0.06716084298480549,0.2655543537181018,0.04174442777855221,0.10023243980953256,0.006509868663283661,0.16686023577814174,0.005206221114691674,0.6270374348221583,0.0918377095110831
9,False,,,0.06716084298480555,0.265554353718105,0.04174442777855233,0.10023243980953259,0.006509868663283682,0.21032677320618978,0.005668151310717682,0.12053853738429954,0.29777525432936386
10,False,,,0.098486008536915,0.4163861854415856,0.04486886528775073,0.15834156588899592,0.03330022011435366,0.17126555900551851,0.003946373914901954,1.026778343159636,0.2784069205962767
11,False,,,0.0984860085369149,0.416386185441583,0.04486886528775043,0.15834156588899592,0.03330022011435365,0.21618181640244583,0.003718315311903257,0.4322982245706628,0.22186154300651512
12,False,,,0.08370035897401665,0.3589388439896409,0.04414750914561405,0.13084053328236472,0.021532151101948383,0.17622379426100707,0.002891221597037217,0.7893763891270655,0.176903622941293
13,False,,,0.08370035897401666,0.35893884398964165,0.044147509145614224,0.13084053328236467,0.021532151101947863,0.1773388573573425,0.0026409498229186933,-0.10806270557612585,0.19744811481381933
14,False,,,0.06410234481466083,0.24476037482696603,0.04477223124493539,0.09120431158072018,0.03736421695261772,0.19511480595858766,0.0057085155093134264,-0.00015999137707556343,0.20294939318191701
15,False,,,0.06410234481466072,0.2447603748269644,0.04477223124493529,0.09120431158072002,0.037364216952617206,0.16526992161072446,0.005272906947526446,0.6284028820924252,0.19618332706104608
16,False,,,0.104944031856327,0.4328438587626133,0.044419848415838147,0.17056817874449284,0.03333163270675379,0.18823252073427454,0.0030496098786048334,-0.2760611792824026,0.14965253654786376
17,False,,,0.10494403185632685,0.43284385876261144,0.044419848415837876,0.1705681787444927,0.033331632706752705,0.1839540555439051,0.0037366985608078525,0.0001599913770764516,0.222016668809475
18,False,,,0.07974237366143512,0.32444082917675926,0.03891827908539535,0.12667783380505987,0.021227322546975225,0.15904975544227845,0.003007769110509027,0.5465636949152337,0.18402833940338761
19,False,,,0.0797423736614351,0.32444082917675693,0.03891827908539536,0.1266778338050599,0.021227322546975142,0.18997087035878935,0.0029518038039191017,0.07838611075182023,0.2141950310148236
20,True,low_Aprime_amplitude,A,0.06889117703920992,0.29453401285757824,0.039451517451259285,0.10547577145074247,0.010381020642262706,0.21988530591188896,0.0048248702981794666,-4.991497137737038,0.2899750541006814
21,False,,,0.0688911770392099,0.29453401285758074,0.03945151745125924,0.10547577145074247,0.010381020642263122,0.1622426236807644,0.0035779792993432705,1.113576426000515,0.1462195653182209
22,False,,,0.10489067501865129,0.43399683639390796,0.041742233130211595,0.171817732100651,0.039413198633699416,0.20902558305106556,0.003388368145487819,-1.6321128712512598,0.4334792039181385
23,False,,,0.10489067501865133,0.43399683639391057,0.04174223313021176,0.17181773210065104,0.039413198633699784,0.16453604314004522,0.0033324278822693862,0.9022490373991783,0.13152353828992255
24,False,,,0.07222118675602895,0.279304592726898,0.042058859942737004,0.11004455484021962,0.02376152067549796,0.20297230982855616,0.005369455363541365,-1.4903560236641056,0.323093439093817
25,False,,,0.07222118675602902,0.2793045927268988,0.04205885994273721,0.11004455484021959,0.023761520675498055,0.17687201006851078,0.005068930184316866,3.2657918556629255,0.061373230482800314
26,False,,,0.09356308023336013,0.38116680219783916,0.04238472224938621,0.15056301201804953,0.021847554881998882,0.2440012709354993,0.002744214125685779,-6.472176192251366,0.3377309650735259
27,False,,,0.09356308023336016,0.3811668021978372,0.04238472224938635,0.1505630120180495,0.02184755488199832,0.18725408730562748,0.003426144981765813,1.3493423912733995,0.04457442065080197
28,False,,,0.08622939331900467,0.33055316607735263,0.04547551076401499,0.1347979252733317,0.06908855372227254,0.17389051517078302,0.003137615052569447,2.1643774856970452,0.1650065781567817
29,False,,,0.08622939331900466,0.3305531660773511,0.045475510764015084,0.1347979252733317,0.0690885537222734,0.19116706486301666,0.0029361511879178706,-2.5834423534249984,0.35353079271431787
30,False,,,0.10416071049889723,0.36157408952527353,0.04135696254430061,0.17066799387443415,0.026696799464517147,0.1806079361844542,0.004555581676993531,0.9196975044895517,0.2745246671217424
31,False,,,0.10416071049889725,0.36157408952527165,0.04135696254430066,0.17066799387443413,0.02669679946451699,0.20022379537476515,0.0034268417643853336,-0.12576481024813635,0.1785082250794685
32,False,,,0.07316701083290969,0.3054694088322432,0.039250643700279655,0.11392545089178603,0.029148229732176834,0.16314562432318977,0.002764111369829803,2.2895924618482795,0.1981979199732494
33,False,,,0.07316701083290979,0.30546940883224105,0.03925064370027993,0.11392545089178609,0.029148229732176782,0.17851543822028693,0.003004239505347415,-2.501078723392416,0.2103164360195149
34,False,,,0.08633465218298354,0.4046768575721717,0.043787122495468116,0.13611169056992853,0.030043516088812325,0.17660812887167843,0.0032641904604873424,0.3065935003341922,0.15323065681422524
35,False,,,0.08633465218298352,0.40467685757217087,0.043787122495467894,0.13611169056992864,0.03004351608881167,0.16813493703548751,0.0036520624657453375,0.3864511155161674,0.24507232371104526
36,False,,,0.08313087996517082,0.3443764350475881,0.043823677633739455,0.12996615008785592,0.0405025104318981,0.16421268541601441,0.0034728866390695266,0.6291579015683304,0.18410185843278554
37,False,,,0.0831308799651708,0.34437643504759,0.04382367763373941,0.12996615008785595,0.040502510431897995,0.21191992589053854,0.0029398743724395426,0.20031117085950445,0.2855942795195367
38,False,,,0.10649199588591685,0.43006847768937334,0.04211308934420061,0.17456978826553338,0.021274365262200976,0.17936767807626677,0.004952027020633654,0.9839691282650236,0.20651600157242164
39,False,,,0.10649199588591686,0.43006847768937617,0.04211308934420066,0.17456978826553332,0.021274365262200636,0.1917995069200334,0.002846447685566061,-1.7288922370031443,0.1806677716539843
40,False,,,0.10560371686556616,0.3655827953475076,0.047571256204083895,0.17008934773758996,0.01338594236114952,0.1939160679921681,0.0029691214629335386,-1.3517272991973028,0.3607625302160784
41,False,,,0.10560371686556615,0.365582795347506,0.047571256204083916,0.17008934773758994,0.013385942361150085,0.17963858409232114,0.0026710627277400376,1.0797238461934011,0.11623752977073838
42,False,,,0.1102124416809148,0.4643321196417618,0.04461310116038521,0.18016572735543693,0.025484096352140048,0.18167662724540062,0.003721236714015321,2.566981139402884,0.15500696513651968
43,False,,,0.11021244168091487,0.4643321196417636,0.044613101160385346,0.18016572735543696,0.02548409635213931,0.17784004705114345,0.0029554817354607928,-1.4759341542080993,0.258165525935757
44,False,,,0.06492976190903253,0.22066801635102767,0.04338833333270984,0.09424715913973364,0.019435516391417797,0.18333951030500284,0.006938923248772271,-0.8218975857013575,0.19767220120123946
45,False,,,0.0649297619090325,0.22066801635102506,0.043388333332709764,0.09424715913973365,0.019435516391418172,0.18367522129281577,0.005808520365164498,2.521172234200149,0.25859501918690275
46,False,,,0.1005001390483374,0.4046112112830621,0.038686816284553026,0.1652497937600406,0.03895420788482791,0.19674765892061932,0.002828917289516565,-2.930312701083176,0.3996382307856622
47,False,,,0.10050013904833743,0.40461121128306304,0.03868681628455301,0.16524979376004065,0.03895420788482746,0.15628136449743055,0.002726739255324814,2.5900918513578812,0.05791030540255677
48,False,,,0.08559281438049253,0.3272240020873737,0.042475778145239854,0.13553599581894502,0.04862914257349013,0.19278537820159547,0.002559283349691032,-2.5047236945425775,0.42978788875250196
49,False,,,0.08559281438049257,0.32722400208737196,0.04247577814523993,0.13553599581894502,0.048629142573490325,0.1521444946863343,0.002606076960487592,0.7463059352120709,0.16528209091824475
50,False,,,0.07062671823776484,0.36508636420746426,0.04474929380885114,0.10468715964399893,0.05229396593280108,0.14401856101810384,0.0031402836920023523,1.2517419299168147,0.10142897352833424
51,False,,,0.07062671823776481,0.36508636420746265,0.044749293808850975,0.10468715964399898,0.05229396593280037,0.23736654362841994,0.003278506038537472,-6.660666723901652,0.43993612361568785
52,False,,,0.10835188194312768,0.44225746708547836,0.04529176954198837,0.17640210368746528,0.026785052865277267,0.2162537705953154,0.0029687414069127253,-3.6194945212385794,0.18632566888318133
53,False,,,0.10835188194312768,0.44225746708548075,0.04529176954198846,0.1764021036874653,0.026785052865276455,0.15033860546385314,0.002716592104844972,1.6562538139912544,0.19154418179041574
54,False,,,0.07391883453403492,0.3029403023009195,0.04723010379487535,0.10922736327340642,0.0018654944691992882,0.17415655827066556,0.004696179392763892,1.288651579494644,0.10099865013520164
55,False,,,0.07391883453403476,0.30294030230091756,0.04723010379487509,0.10922736327340637,0.0018654944691990619,0.2355049742640667,0.004715515025655554,-6.635949854369263,0.4236735800896846
56,False,,,0.11351288710269244,0.4194327149266097,0.04143508770954642,0.18767470162003771,0.025953939719041526,0.14824814716115622,0.003076888443696169,1.317684752768134,0.0990561267614601
57,False,,,0.11351288710269243,0.41943271492661066,0.04143508770954638,0.18767470162003771,0.02595393971904134,0.22433128956213846,0.0031234739683105414,-2.608675061713889,0.42797698725363337
58,False,,,0.07335558461743907,0.2917781683537786,0.043298886377030714,0.11132626940986014,0.018586575731650113,0.23119299172278535,0.004911615682987568,-3.4023053409665933,0.37493516727891785
59,False,,,0.07335558461743899,0.29177816835377507,0.04329888637703045,0.11132626940986018,0.018586575731650117,0.1556327647918547,0.004203800214536174,1.6341682907353174,0.1120669400238146
60,False,,,0.10421577945692923,0.3436863911044339,0.044659785050170916,0.16909699365154604,0.01974419322875284,0.1512472769650152,0.002549098241452655,1.9587830140541964,0.14045885624547041
61,False,,,0.1042157794569292,0.34368639110443,0.04465978505017081,0.16909699365154604,0.019744193228752975,0.20183892354050853,0.0023284276124591143,-3.687651464811174,0.2888696992303011
62,False,,,0.08694355124033833,0.3776145963481193,0.041566222010317885,0.13864357786216397,0.03913711453923517,0.19292481436009928,0.0025429586064381164,-1.5304127735707604,0.3504498511027819
63,False,,,0.08694355124033831,0.37761459634811706,0.04156622201031783,0.138643577862164,0.03913711453923573,0.15114714457583614,0.0023404536225852986,3.103783064083766,0.019954703165210384
64,False,,,0.09678915166488584,0.3528728564351362,0.045232209464420435,0.15495971764932465,0.030831628945340833,0.1667525910214975,0.0037756604545422477,1.2421558784926852,0.18006039815447408
65,True,typical,A,0.09678915166488578,0.35287285643513433,0.04523220946442022,0.1549597176493246,0.03083162894534168,0.2502986839535596,0.0033593744549170234,-6.510834753727263,0.4748029288561337
66,False,,,0.09603983112400144,0.35176873013968263,0.04146107566927465,0.15566921948694132,0.05029196697731703,0.1917319903397192,0.003594784521286569,-0.07815952299112272,0.33577871600327125
67,False,,,0.09603983112400141,0.35176873013968496,0.041461075669274775,0.15566921948694123,0.050291966977317845,0.19270105259107012,0.003446129796856261,0.9194944861414935,0.10436207370495236
68,False,,,0.0967772419015109,0.44384097657928806,0.04415209689502905,0.15555927593600644,0.013078540636191696,0.17290438404986325,0.0027692784101981415,1.1270103218574299,0.20398514866299414
69,False,,,0.09677724190151091,0.4438409765792897,0.0441520968950292,0.1555592759360064,0.013078540636192057,0.18783924732270582,0.0025634779204976046,-1.4389845102281429,0.3092131571936201
70,False,,,0.07794865628679505,0.30856622381896626,0.0434096821714799,0.12024632234830689,0.020432152912156564,0.16412337935643945,0.0030399833431809602,-0.13034447185329956,0.24389170211114783
71,False,,,0.07794865628679493,0.30856622381896404,0.04340968217147965,0.12024632234830689,0.020432152912157896,0.18489273065679362,0.0026241171983724357,-0.7538545015819027,0.16652369502835837
72,False,,,0.1060337932812132,0.39138412662269334,0.04439595430169646,0.17259053982212505,0.06376069192677604,0.2048914818785404,0.003290498100580552,-0.12206570494910185,0.2752425179519495
73,False,,,0.10603379328121323,0.39138412662269156,0.04439595430169652,0.17259053982212505,0.06376069192677644,0.18717988763849097,0.00392724660614287,-1.1459320290709663,0.4675400624325684
74,False,,,0.10205141126503596,0.3641763872679701,0.04772758242553139,0.16336348237958428,0.05552010688941313,0.21344126224651658,0.0060698350686961885,-1.6652452484642382,0.017912299414092128
75,False,,,0.10205141126503592,0.3641763872679708,0.04772758242553131,0.1633634823795842,0.055520106889413515,0.19156022167945083,0.0035890060775103233,2.4254020467648267,0.35814150162713987
76,False,,,0.0981057029625278,0.3681059516341934,0.0419218046815006,0.15924607199490806,0.03272481864348807,0.15572027434935595,0.0031614275110435452,2.226738709178248,0.09594038430538002
77,False,,,0.09810570296252773,0.3681059516341948,0.041921804681500495,0.15924607199490798,0.03272481864348793,0.21447532024946453,0.0040245534810754375,-2.4479161270696776,0.4165662017861417
78,False,,,0.07533210197359298,0.29511573768532184,0.0588483547332978,0.10049138795761221,0.0575399994935985,0.16811304484771133,0.004684493040806342,1.9415364740761554,0.27235805567981763
79,False,,,0.07533210197359297,0.2951157376853251,0.05884835473329771,0.10049138795761228,0.05753999949359878,0.19736963450925038,0.004741588371920697,-0.6513487418552399,0.177850949779323
80,False,,,0.06525993577135149,0.27558770397819166,0.03925830843478712,0.09845886495547777,0.016297108530848793,0.18260159625788827,0.003661234617654099,-2.6892969442088575,0.23934195131271777
81,False,,,0.06525993577135156,0.27558770397819415,0.039258308434787136,0.0984588649554779,0.016297108530849095,0.1744087836451456,0.0044661769796301475,3.1187758915806967,0.15394997862207352
82,False,,,0.08309981797832983,0.3502146385023798,0.04390745685842686,0.12984995074525602,0.04727547484153658,0.2170766207623523,0.00270176234788561,-4.401195164011749,0.4609127529517926
83,False,,,0.08309981797832985,0.3502146385023781,0.04390745685842682,0.12984995074525607,0.0472754748415378,0.15223701197099623,0.002958625628816222,2.8072500325154905,0.12449699492319337
84,False,,,0.07773453988786817,0.30706586082721504,0.03788980307869941,0.12351802184317262,0.059216063718804564,0.18327628974668234,0.0028769543753574675,-0.38234547537318875,0.38330209480366334
85,False,,,0.07773453988786816,0.307065860827213,0.03788980307869931,0.1235180218431726,0.059216063718804515,0.18727515788777802,0.002890616759426311,-0.33224382356290416,0.04494020140681614
86,False,,,0.10612673400949911,0.5198977608085473,0.042094559380147493,0.1739101697881737,0.041722082028592775,0.17899340313335108,0.003372418106541744,0.37706947091689,0.13707589808401205
87,True,typical,B,0.106126734009499,0.5198977608085443,0.04209455938014734,0.17391016978817364,0.04172208202859367,0.1851649522012253,0.0032080160421885796,-3.1783474289992144,0.232605651367018
88,False,,,0.07913302782860802,0.3440823162257947,0.040994904651293726,0.1241971974934718,0.03811072627117513,0.174276685140784,0.003108526400764971,0.10388168740874093,0.32241553288863944
89,False,,,0.07913302782860814,0.3440823162257921,0.04099490465129403,0.12419719749347177,0.038110726271176114,0.16548662563722344,0.002866087621628888,0.17138057476315094,0.07335972780684742
90,False,,,0.07749195799305163,0.26753210292807944,0.04581648550278455,0.11754450209659702,0.04322043727043117,0.17146548072198786,0.0028650635938034692,2.189050767806556,0.2661009430388078
91,False,,,0.07749195799305159,0.26753210292807794,0.04581648550278456,0.11754450209659696,0.043220437270431705,0.1815787984913871,0.0027480663736126542,-1.744701285212198,0.13833237246996638
92,False,,,0.08563388864720217,0.4081531058274974,0.043618858931713723,0.13488617032711236,0.030253292903382557,0.1993036966862869,0.003269828732243774,-2.8036583839791023,0.14850982897118414
93,False,,,0.08563388864720223,0.408153105827496,0.04361885893171389,0.13488617032711242,0.03025329290338168,0.18290622068700893,0.0038090340570612214,3.2191581856258065,0.2319769821297533
94,True,typical,A,0.08720048589039261,0.33862918712378465,0.04480987164730111,0.13709823129590873,0.027155724151841358,0.17594678913071102,0.0030131492959517307,0.9387655711477905,0.16504904283035293
95,False,,,0.08720048589039257,0.3386291871237829,0.04480987164730111,0.13709823129590865,0.027155724151840997,0.1937471127567907,0.003721278843777701,-1.405242868512386,0.36598529510582484
96,False,,,0.09930231919481901,0.34683981324610513,0.04155320932876191,0.1616462600290194,0.018767050285313464,0.21745568483926617,0.0028872776297318285,-3.422259292476865,0.42436581647383687
97,False,,,0.09930231919481902,0.3468398132461075,0.04155320932876188,0.16164626002901947,0.018767050285313246,0.15933889919192687,0.0036266143456954872,1.6323559843865407,0.039669962095715036
98,False,,,0.06572666233520755,0.23807718953442486,0.04144660960243142,0.09759272273128998,0.061926358846111876,0.16871072096800657,0.004631289248409008,-0.8517373757699334,0.3883653944272498
99,True,high_committee_disagreement,A,0.06572666233520756,0.2380771895344223,0.04144660960243143,0.09759272273129005,0.06192635884611243,0.19362626087358156,0.0054519947388494755,2.567126809776278,0.24696370013647728
100,False,,,0.08732365583292273,0.3758704651406712,0.04407768863476622,0.1378063036777107,0.05916638668149043,0.18009214353090747,0.0038462539173034606,0.5466278688996526,0.2776577442321066
101,False,,,0.08732365583292269,0.3758704651406694,0.04407768863476619,0.13780630367771063,0.059166386681490685,0.1804705909499692,0.003602529542967332,0.6023126965886823,0.29657902015590376
102,False,,,0.10419703423104774,0.44136941166772553,0.043157299930040915,0.1698409866702834,0.027877981640173497,0.17911233546188554,0.004695916391154766,3.233285277260757,0.30021189432635437
103,False,,,0.10419703423104781,0.4413694116677245,0.043157299930040964,0.16984098667028347,0.027877981640173743,0.1707748668643894,0.0028555368864747687,-1.6107380240713693,0.1366823759158969
104,False,,,0.07362817632076449,0.2857905983305618,0.04314923338650024,0.1119804106139972,0.038086479021342975,0.18144204877994777,0.004012796498149292,-0.21137333470009434,0.2112435964782318
105,False,,,0.07362817632076447,0.28579059833055986,0.04314923338650023,0.11198041061399723,0.0380864790213421,0.18602157251283552,0.003830119466286045,0.9734651656746429,0.19242544968492634
106,False,,,0.1194753260612067,0.49662943325662734,0.040185721646404535,0.19898059243004165,0.04415933794726955,0.2026984201634211,0.0038261941118952277,-2.8034363227955916,0.17018698797433782
107,False,,,0.1194753260612067,0.4966294332566256,0.04018572164640476,0.19898059243004165,0.04415933794726816,0.14012501891110749,0.003372631062073009,1.3047431227972073,0.21889649677052395
108,False,,,0.06104327227438034,0.24196149284435967,0.040791436406481564,0.0886056471207357,0.026987971187047557,0.17415402746269273,0.003918650760801869,-0.24163242120326434,0.18397174819632364
109,False,,,0.061043272274380285,0.241961492844361,0.04079143640648144,0.08860564712073568,0.026987971187046704,0.18416808659905726,0.004389241428958522,-0.17230727164597415,0.34150128046056394
110,False,,,0.07771539746286245,0.30830054286301267,0.04338320629040942,0.11981170156691551,0.05760346691806286,0.21079768435560156,0.004891809176396856,-2.3452949084748784,0.19222588882993438
111,False,,,0.07771539746286249,0.3083005428630134,0.043383206290409496,0.11981170156691551,0.05760346691806289,0.17967088266445716,0.004822704985002615,0.8938531951445334,0.24203674211242218
112,False,,,0.11701218989624483,0.4002591238277997,0.04321375859843075,0.19323741844823347,0.041643652457743194,0.15729540673872214,0.003304947570403188,1.087324510132774,0.09521485573589186
113,False,,,0.11701218989624491,0.4002591238278025,0.04321375859843089,0.19323741844823358,0.041643652457743395,0.21500673886076657,0.00350884087344001,-5.033563384283788,0.3020219564193695
114,False,,,0.0792542016543952,0.27877381951038505,0.04110158170148849,0.1243583748804171,0.05252089733383197,0.1949967389055256,0.004416403236514339,-0.06155275140991545,0.2451760384276926
115,False,,,0.07925420165439531,0.2787738195103842,0.041101581701488726,0.12435837488041715,0.052520897333831945,0.19545426600233756,0.005157182176870341,-0.055368130005193805,0.40919418874770147
116,False,,,0.08321322073091568,0.287350718593574,0.04453946422519549,0.12963715735197742,0.033089825980743316,0.15885703938030352,0.002991970677989146,-0.05645533353385357,0.07691078573028698
117,False,,,0.08321322073091579,0.28735071859357636,0.044539464225195634,0.1296371573519775,0.03308982598074451,0.18496280112724667,0.002848152652082752,-0.7458193023263604,0.3285564264619543
118,False,,,0.06917138921466975,0.29205656953651704,0.0438686189143025,0.10249454525371289,0.03861871278055415,0.15957835322683417,0.004511405504727479,2.792759784747062,0.05249191962329816
119,False,,,0.06917138921466982,0.29205656953651904,0.043868618914302555,0.10249454525371295,0.03861871278055379,0.20684121616700077,0.0049114026400079065,-4.4229330681128785,0.3839934964916167
120,False,,,0.08416747396334925,0.312214271634777,0.04499329761866177,0.13116286577728575,0.024048338363183194,0.19526512446696892,0.002771769333860526,-0.2892355331498564,0.2521629758211716
121,False,,,0.08416747396334921,0.3122142716347754,0.04499329761866181,0.13116286577728564,0.024048338363183343,0.18153097671390472,0.002749296956961598,-0.07308417492059771,0.12407241016688837
122,False,,,0.07694651754577289,0.330355575134158,0.039436984217706035,0.12104440606195156,0.02596557497687497,0.2119875994151391,0.0036637492890588233,-4.372209672360611,0.20070757847766832
123,False,,,0.07694651754577295,0.33035557513415686,0.039436984217706146,0.12104440606195156,0.02596557497687523,0.15654786505701757,0.003902216911183852,2.818595096297564,0.1489156989527759
124,False,,,0.07205024325500062,0.2703461495185504,0.04367637553209893,0.10843643806429842,0.03406494632613772,0.19919712947503843,0.0056497009565236594,-0.7184996191683686,0.08751727255160786
125,False,,,0.07205024325500071,0.2703461495185523,0.04367637553209916,0.10843643806429842,0.03406494632613746,0.16075759216844002,0.004223329030397821,1.8599310021997724,0.3023526069975565
126,False,,,0.08887169021475537,0.28873190292150425,0.04275247496057891,0.14155911745406047,0.04601254409625156,0.1770421554114307,0.0026365542593250755,0.9463774675277534,0.3340797212985126
127,False,,,0.08887169021475533,0.2887319029215017,0.04275247496057878,0.14155911745406047,0.04601254409625155,0.16248954586815284,0.0026192696618903707,-0.3330571882040392,0.2598270961489385
128,False,,,0.07647784068393051,0.3169516481707231,0.04236193266978424,0.11814192172125564,0.03304488202578799,0.18782981608080457,0.0029831639054741705,-1.7311021529575452,0.31727596353326065
129,False,,,0.07647784068393047,0.3169516481707213,0.0423619326697841,0.11814192172125572,0.03304488202578844,0.16680676176241183,0.002773930477785486,1.9055462359613724,0.17959799426519535
130,False,,,0.100926936807915,0.41423598178673904,0.04233794483670047,0.1642368307484518,0.012107656072698921,0.21997211539406442,0.002640653140573824,-4.940602094377727,0.3609787554957905
131,False,,,0.10092693680791494,0.4142359817867351,0.04233794483670039,0.16423683074845175,0.012107656072699067,0.16487978071166146,0.004604450288320072,1.1283061602055362,0.14052476231471434
132,False,,,0.06696698550066874,0.22699106948606038,0.047884146505824544,0.09416978532394454,0.04190857206648952,0.2024980025595444,0.00696142311950913,-0.0694030278610347,0.2797415331508149
133,False,,,0.06696698550066864,0.22699106948605843,0.04788414650582445,0.09416978532394436,0.04190857206648985,0.1906935470487474,0.005970121954237858,1.0695900694699656,0.2876050390660276
134,False,,,0.09666444708156872,0.41556528632693607,0.04846783576028835,0.1527539975980453,0.05930237403708913,0.2205755578545659,0.004080130369686695,-4.982687959080572,0.3188339885455824
135,False,,,0.09666444708156878,0.41556528632693807,0.048467835760288486,0.1527539975980453,0.059302374037088795,0.1816474640486948,0.0032441975350933757,1.2924040989753287,0.13730919498158242
136,False,,,0.07609440250420085,0.2692735430102977,0.048997104633920104,0.11211441366924846,0.007532150492899517,0.1715553311603645,0.004199222297578387,0.3780287646718392,0.2159550576211783
137,False,,,0.07609440250420096,0.2692735430102958,0.04899710463392031,0.11211441366924847,0.0075321504928995845,0.19317884105607747,0.0038390954506594566,1.5970552411021792,0.14181919144537042
138,False,,,0.09694805117542613,0.40109942520071695,0.03747098968512706,0.15933808001910066,0.03450044537335936,0.1836869451116511,0.003336958577765274,0.5364268568284869,0.20345343509424815
139,False,,,0.0969480511754261,0.401099425200715,0.03747098968512701,0.15933808001910063,0.034500445373358876,0.1788193172544035,0.002460486731635407,1.4770671198036442,0.16548194740257027
140,False,,,0.08815180158318627,0.3336852014053189,0.04510784449606257,0.1387183661125029,0.060279942754900194,0.16062287110382603,0.004148483668434707,0.8088779938785837,0.13002911016576058
141,False,,,0.0881518015831862,0.33368520140531766,0.045107844496062345,0.1387183661125029,0.06027994275490002,0.21586611040982207,0.0035148411885603955,-1.49489189119066,0.41709009501523564
142,False,,,0.07159423889525438,0.2418705360319937,0.042047716418628936,0.10881720551883965,0.027498867902930713,0.19294448008781329,0.003478799022523508,0.1847723363208038,0.32980240256730664
143,False,,,0.07159423889525432,0.24187053603199668,0.042047716418628936,0.10881720551883953,0.02749886790293143,0.16816233012273998,0.003352931738656355,0.9551231589907765,0.07024981034926729
144,False,,,0.11443484587360941,0.5237360069483408,0.03993985534388924,0.1899884674409703,0.030843257282350236,0.19694575083891883,0.002581736554036192,-2.9026864849173037,0.3270218901242582
145,False,,,0.11443484587360939,0.5237360069483381,0.039939855343889,0.18998846744097034,0.03084325728235041,0.15946369996229168,0.0029123121953364083,2.6515820064404387,0.16125784246345684
146,False,,,0.06897677001366587,0.21443751581807152,0.05144863411894878,0.09476001529729475,0.024024102738933642,0.18370880038362802,0.005871361227837716,-0.5891014059589263,0.3282458289429329
147,False,,,0.06897677001366571,0.21443751581807147,0.051448634118948504,0.09476001529729478,0.024024102738934745,0.20895661899733095,0.005288406990011296,-2.4657963855779412,0.29026892940039656
148,False,,,0.08311157582526336,0.30273628424941307,0.04948684544462008,0.12579628915177138,0.06811063046871685,0.16523134070938514,0.0028081542836795484,1.9776844336841037,0.2000482895523723
149,False,,,0.08311157582526343,0.3027362842494161,0.04948684544462029,0.1257962891517714,0.06811063046871654,0.1736987138622093,0.0026205839940296764,-0.7991018223468025,0.3981459402172466
150,False,,,0.07996159249973975,0.30031961247274436,0.04428224958429008,0.12353029413383826,0.019641143556545566,0.16846031540485135,0.0029333059231062162,-0.15280273123811572,0.23843116672758533
151,False,,,0.0799615924997398,0.3003196124727463,0.04428224958429011,0.12353029413383836,0.019641143556545303,0.19208216793381286,0.0037983660558541777,0.8164886289890436,0.1478257199301515
152,True,low_Aprime_amplitude,B,0.05877727480721425,0.2041220462671166,0.03148330594601813,0.09155275525459183,0.00738557415708374,0.160221580301184,0.003361492425665009,-1.861452201256455,0.141109869575884
153,False,,,0.05877727480721431,0.20412204626711808,0.03148330594601819,0.09155275525459186,0.00738557415708384,0.17099828711070816,0.0033433558932361366,2.380249681632959,0.2591971877593816
154,False,,,0.12807229626157582,0.5200319881310553,0.04738833627302668,0.21146212516592097,0.03869051177734355,0.17152368875000787,0.0031672017464854517,-0.17606727672344036,0.2912015469628119
155,False,,,0.1280722962615758,0.5200319881310538,0.04738833627302657,0.211462125165921,0.03869051177734384,0.16535356391402928,0.0035792002170222897,0.8960573797001281,0.1319764014017869
156,False,,,0.06611882567889302,0.26102988390242704,0.042110206628729455,0.09781900798331042,0.030482706546790406,0.1781383670972654,0.004867793127154299,2.0636483692188925,0.06155418860736238
157,False,,,0.06611882567889314,0.26102988390242526,0.0421102066287298,0.09781900798331038,0.030482706546790847,0.1909363297347077,0.005595947296537613,-2.505912375330845,0.3258206604565866
158,False,,,0.07273701165012691,0.24715572249759843,0.04457507801355323,0.10907861124685891,0.026002260136455166,0.14945959248860508,0.004103052048591564,1.1803086311257136,0.1480443709096222
159,False,,,0.07273701165012696,0.24715572249759696,0.04457507801355327,0.109078611246859,0.02600226013645582,0.24385831077389827,0.004551735963670599,-6.474559236106805,0.417806853120823
160,False,,,0.08294150215354715,0.28005963029847797,0.04663334511957044,0.1276265669223249,0.04657389094622144,0.17280753163850915,0.002761329751620479,2.3025358817947588,0.10354359024378466
161,False,,,0.08294150215354719,0.28005963029847564,0.04663334511957042,0.12762656692232494,0.04657389094622181,0.22506438016251223,0.002360530510266456,-6.828000322947164,0.43210962094057764
162,False,,,0.08599640249113741,0.39078014461613386,0.04814994682019273,0.1324738048320434,0.0269528061223494,0.1927104168246744,0.004097218529741012,-0.6737689429888949,0.1912326097771648
163,False,,,0.08599640249113741,0.39078014461613264,0.04814994682019268,0.13247380483204343,0.02695280612235028,0.1733535181100606,0.002970863118264866,2.17621818366778,0.2117391879558291
164,False,,,0.09118107115794889,0.3440844573859191,0.042859194448055145,0.14583601103657637,0.03403770013024318,0.17312244040779587,0.0027088617028078812,1.6418341583058247,0.27229283156368744
165,False,,,0.09118107115794885,0.3440844573859175,0.04285919444805502,0.1458360110365763,0.03403770013024406,0.15820477557825155,0.0029944426124955776,-0.687967565264513,0.13146837541950418
166,False,,,0.08247238009553427,0.2651619105304372,0.04508048815597681,0.12783027658228896,0.021596656290602135,0.2104708620664378,0.0068266332474557195,-2.7569333433103607,0.19987885454868515
167,False,,,0.08247238009553418,0.26516191053043847,0.0450804881559766,0.12783027658228896,0.021596656290602107,0.18447669851577725,0.003884946229986013,2.792969980390147,0.17169960768089623
168,True,high_committee_disagreement,A,0.07015945322282661,0.3086731380051978,0.04636885769490044,0.10230789168836457,0.04863235943713794,0.20263172479117772,0.009122731735491508,-0.6596408805864593,0.3690567831828791
169,False,,,0.0701594532228268,0.3086731380051986,0.046368857694900886,0.10230789168836453,0.048632359437137465,0.16219588522150902,0.0037856012319670497,1.8095973021350549,0.15326561892225285
170,False,,,0.08680287786606841,0.38385293027303863,0.046467635880638056,0.13522476270573985,0.03786607977789953,0.18619562420589406,0.00391893033413795,-0.7623790023144608,0.3359667394448307
171,False,,,0.08680287786606843,0.38385293027303563,0.04646763588063808,0.13522476270573983,0.037866079777899665,0.21585231669903937,0.004459191875710163,-2.156069581671079,0.4612202988232714
172,False,,,0.0917816904764445,0.40392466212997147,0.044565514350683406,0.14594336566442356,0.015384977580523877,0.15116394331388253,0.00274145522250154,1.5920128187296303,0.10602168477483263
173,False,,,0.09178169047644451,0.40392466212997413,0.0445655143506833,0.1459433656644237,0.015384977580524019,0.19121525938303205,0.0023293667985643664,-0.6581645381391663,0.24845684106567223
174,False,,,0.08968489534699334,0.35959747213060284,0.040324380108444906,0.1444923184738301,0.0033162038991232097,0.18732247743174366,0.0027052621922108552,-1.1270229272961014,0.22604759749064302
175,False,,,0.08968489534699328,0.3595974721306036,0.04032438010844478,0.1444923184738301,0.0033162038991226953,0.180922342716308,0.0037037024251870576,-0.23050642626307472,0.2289584536202818
176,False,,,0.11848034253223615,0.4830821618917091,0.04155971916715167,0.19661727845019872,0.05089947620644011,0.21849408307701576,0.0036691931909882784,-2.6527729213956786,0.2989314363985752
177,False,,,0.1184803425322362,0.48308216189170794,0.041559719167151746,0.19661727845019883,0.0508994762064406,0.1708349395675457,0.004138676211272864,1.4037388531436097,0.17405841306602382
178,False,,,0.0888960807181063,0.35328853928802656,0.04651501243530828,0.13921295463212627,0.01975195756226457,0.16971384027330944,0.0028451107785257344,1.1286359331322817,0.27333101333426385
179,False,,,0.08889608071810624,0.3532885392880273,0.04651501243530812,0.13921295463212624,0.01975195756226513,0.18215321034635684,0.003113299064720725,0.1991725527308752,0.10974304370074771
180,False,,,0.09905033719514865,0.35733797378504734,0.04791279296332314,0.157612297858782,0.04422256413465932,0.1727756968749695,0.002780776269447838,-0.8046802734382403,0.22359847703344027
181,False,,,0.09905033719514862,0.3573379737850455,0.04791279296332307,0.15761229785878197,0.044222564134659394,0.1765482967236225,0.0026151290272061036,2.511984415777267,0.2994934223429286
182,False,,,0.07587123732194989,0.3692768351785791,0.04608620573215252,0.11411159993935037,0.05481972786785599,0.19900741475728367,0.003789749452533376,-5.062915539840332,0.18232779456968423
183,False,,,0.07587123732194995,0.3692768351785799,0.04608620573215274,0.11411159993935034,0.054819727867856,0.16595521052782272,0.003589145802162574,1.5292514527325398,0.1986312258050946
184,False,,,0.09239589423751941,0.33768744606733153,0.04163569575141714,0.14880840532188858,0.01269181152079486,0.15590590591422615,0.0022673079432711865,1.3079793120046403,0.12037401635365755
185,False,,,0.09239589423751943,0.3376874460673294,0.041635695751417276,0.14880840532188852,0.012691811520794688,0.19073235399029145,0.001993793892844939,-0.3559170346954019,0.2672535181804418
186,False,,,0.06980444564189488,0.28792401225503667,0.04304961739462445,0.10445785168415858,0.036765533401676494,0.1809818617901565,0.0030613979031218486,-0.6203815224587848,0.17694326221752982
187,False,,,0.06980444564189488,0.2879240122550339,0.04304961739462441,0.10445785168415857,0.03676553340167632,0.187331091777444,0.003533232970115109,1.739850186807784,0.3265804718868338
188,False,,,0.06281028758354502,0.23492596661924314,0.04313515862716269,0.09007837065245966,0.03400729027694905,0.1885046746457847,0.007712461398544987,3.201446669408547,0.2064238919007643
189,False,,,0.06281028758354489,0.23492596661924206,0.04313515862716248,0.09007837065245962,0.03400729027694956,0.2038367944536496,0.0074605594493692496,-2.6031842211732332,0.23240519444687574
190,False,,,0.06979216874342863,0.254123373286689,0.04685696347256722,0.10110237584742826,0.00917293159245483,0.16944770929284436,0.005055869332008699,-0.8095725938851412,0.14466569947809652
191,False,,,0.06979216874342861,0.25412337328668694,0.04685696347256722,0.10110237584742829,0.009172931592453389,0.20370860168009866,0.004393458455390557,0.8872841215892482,0.2977203586258918
192,False,,,0.09734499454498569,0.44834733829083945,0.044226955233306775,0.15657616916527248,0.07859724647359066,0.2000481502549834,0.002697247088839454,-2.368397380572538,0.1915415056808108
193,False,,,0.09734499454498573,0.44834733829084017,0.04422695523330679,0.15657616916527256,0.07859724647359101,0.20221293864106663,0.0032179883534273583,-0.6928963523576153,0.45952991199128146
194,False,,,0.11268641243851404,0.3953984296409982,0.0461940756822033,0.18392089981435614,0.008326418591985572,0.20895572166593868,0.003122175062004026,-3.648438991526193,0.2829613205522592
195,False,,,0.11268641243851411,0.39539842964100086,0.04619407568220338,0.18392089981435622,0.008326418591985444,0.16352182378087682,0.003283807474572243,2.5679408587561987,0.140459774110511
196,False,,,0.08940196188853052,0.2984973742465164,0.04125562569655643,0.14343667266541724,0.031302420794915395,0.20827557342132255,0.0029775106680454333,-0.2081817513676656,0.18831534458868585
197,False,,,0.08940196188853049,0.29849737424651324,0.04125562569655634,0.14343667266541726,0.03130242079491511,0.15956255076976622,0.002570925720038042,0.9857813320401245,0.2234708296527808
198,False,,,0.09984475594118683,0.3833763767382045,0.04201902384476603,0.1624060625011624,0.013938648176876314,0.1875966722880895,0.0029224763943847807,2.4965401988951452,0.1792601843717664
199,False,,,0.09984475594118682,0.38337637673820274,0.042019023844765885,0.16240606250116235,0.013938648176876126,0.17428794570223313,0.0027336463917235305,-0.7518517555701552,0.2078507315132048
200,False,,,0.08273910061520395,0.2698575631074453,0.043964790016412125,0.12911804982055808,0.030074908398009696,0.1729066320939634,0.0030145819300082016,1.0024139306714712,0.2636725084302099
201,False,,,0.08273910061520394,0.2698575631074469,0.04396479001641212,0.12911804982055802,0.030074908398010077,0.18334559694239494,0.002789854541885945,-1.9384569435573278,0.11480230795323784
202,False,,,0.07541871401301876,0.25601564881244,0.04197742301255013,0.11636038494514957,0.07364482757671663,0.14812101964600852,0.0030822278337302653,2.46248045745622,0.28288658663311983
203,True,high_Aprime_amplitude,A,0.07541871401301883,0.2560156488124407,0.04197742301255027,0.11636038494514957,0.07364482757671696,0.19946631158934,0.0030033002486303364,-3.665508640556908,0.2953865919385553
204,False,,,0.10511020353274647,0.3509784105759719,0.04851378338809334,0.16863359778772577,0.03895958035012692,0.18064943381862678,0.002985741289865003,2.4716629373065757,0.1470128805672689
205,False,,,0.10511020353274644,0.3509784105759728,0.048513783388093326,0.1686335977877258,0.03895958035012635,0.19898084534603896,0.002495260321265382,-2.3001457305340995,0.4208913985513108
206,False,,,0.07853041364874394,0.30082399999446274,0.05074650944790239,0.11554506117197912,0.05166877166381147,0.18834255645445835,0.004333177817169712,-0.042625158205200187,0.18419147011128492
207,False,,,0.07853041364874407,0.3008239999944642,0.050746509447902606,0.11554506117197914,0.05166877166381186,0.1822192419173829,0.0031742932521602605,-0.08803370731524218,0.2485814895988846
208,False,,,0.0805193332772136,0.37418338239803023,0.038711658848586836,0.12826887398196898,0.017710250264955166,0.19532630138483317,0.003849658985650462,1.5098392652812702,0.2662035780792731
209,False,,,0.08051933327721361,0.3741833823980312,0.03871165884858696,0.12826887398196898,0.017710250264955266,0.16157525442915313,0.0033093803553096235,-1.0213251194311175,0.11646631693479755
210,False,,,0.07194678436427253,0.27949881833923185,0.042106094794920314,0.10946767972017935,0.029382796048840688,0.17158251832530777,0.0028552381254634478,0.11480677360107983,0.10434205499595081
211,False,,,0.0719467843642725,0.27949881833923024,0.04210609479492013,0.1094676797201794,0.029382796048840913,0.16777021398160766,0.003028058016069608,1.0159707970201008,0.30508922169817815
212,False,,,0.10706514111632545,0.5002563496057504,0.04219829342657406,0.17557745125882646,0.027879363978244746,0.1634014006041044,0.0027577531478950187,1.1260325265925424,0.18097894787286403
213,False,,,0.10706514111632544,0.5002563496057519,0.042198293426573975,0.17557745125882643,0.02787936397824455,0.21475816030839007,0.002720571895401616,-5.049879487923434,0.42764777637225954
214,False,,,0.0870468681339062,0.3930925347509916,0.04385518938498003,0.13742240168102152,0.03279190262399481,0.21358575574929636,0.00313361240867433,-2.673706297213884,0.38637554576888733
215,False,,,0.08704686813390612,0.39309253475099337,0.043855189384979884,0.13742240168102154,0.03279190262399477,0.15427342179917714,0.0028465075792826534,1.3535113100019398,0.14657205869113432
216,True,high_committee_disagreement,B,0.11176821154075245,0.5897189129026398,0.04764634393039563,0.18148292248359918,0.02614111871161582,0.19646245973295998,0.006059355291510734,1.1675438816154138,0.16713499861371325
217,False,,,0.11176821154075245,0.5897189129026384,0.04764634393039577,0.18148292248359915,0.026141118711616278,0.19982180454960777,0.003926723675428526,-0.3581382234905295,0.17383926119669885
218,False,,,0.10593691139324171,0.40968266534163267,0.04942505786323964,0.1696532195304571,0.028495039778261046,0.2040119768807375,0.003403951410867169,-2.5461899918110404,0.3199295794447867
219,False,,,0.10593691139324175,0.40968266534163517,0.04942505786323981,0.16965321953045703,0.028495039778261098,0.1626542915917966,0.002651755055172796,2.325924647303035,0.2102822883411527
220,False,,,0.07995871240482293,0.2940148985552673,0.04249617135375691,0.12477314578408209,0.03993573033873966,0.17768765230820255,0.004045805685255831,2.6983514990842927,0.16721251321303116
221,False,,,0.07995871240482284,0.29401489855526547,0.042496171353756745,0.1247731457840821,0.0399357303387394,0.21052351399457572,0.003847882663409163,-3.8004075993263293,0.2675845982555452
222,False,,,0.12115220069504222,0.44306495343369795,0.0416284084229336,0.20141429548098674,0.014843117639648877,0.17285928279849386,0.004376144501314903,0.6627602998333195,0.17187698530378517
223,False,,,0.12115220069504215,0.4430649534336987,0.04162840842293336,0.20141429548098666,0.014843117639649434,0.1687692441308063,0.003475757221975234,0.660794025810076,0.18512068134748338
224,False,,,0.08637033715778612,0.36872289889604126,0.04863627222180466,0.1328477755590284,0.011294760842267784,0.20482703778760197,0.002994490155701401,0.8066559087818508,0.2608899153732705
225,False,,,0.08637033715778611,0.3687228988960395,0.04863627222180471,0.13284777555902832,0.011294760842267014,0.17067870290352707,0.0027870809400252603,-0.691131013015438,0.15370503141245717
226,False,,,0.12604774281088527,0.49056083848344717,0.04468823301844762,0.20897374012668454,0.046973222369472746,0.18134233179508732,0.0029477261031785346,2.2442941524817375,0.07293803917680655
227,False,,,0.1260477428108854,0.49056083848344506,0.04468823301844788,0.20897374012668468,0.046973222369472246,0.1916954543183213,0.004345993700628347,-0.673689944218415,0.31415617223291187
228,False,,,0.08880029474808056,0.4144853620703812,0.043419018829028024,0.14101792315123263,0.03504533147562304,0.1682548280155267,0.002943497847786211,1.902890830788584,0.21933133555208326
229,False,,,0.08880029474808052,0.4144853620703831,0.04341901882902793,0.14101792315123263,0.035045331475622665,0.1890048356202892,0.002845167924114759,-0.7552439816876211,0.2194538510686952
230,False,,,0.07725458130048583,0.30049956797093536,0.04599536457898694,0.11693444261735833,0.02503806557580786,0.188665155749284,0.0035917012946010468,2.252929398200955,0.2163866243054018
231,False,,,0.0772545813004859,0.3004995679709337,0.04599536457898713,0.11693444261735833,0.02503806557580823,0.21937805606758903,0.004045657081477839,-2.4618041524117658,0.28392896690771735
232,False,,,0.08008592779769022,0.29309268338741584,0.04206944495680999,0.12530598986362312,0.010971700993471776,0.17601302161606372,0.003878267464688603,0.2625475301260085,0.22513362708910098
233,False,,,0.08008592779769018,0.29309268338741756,0.04206944495680996,0.12530598986362307,0.010971700993472017,0.1900760806321217,0.004165680781408706,0.9095197959674017,0.2072699348813762
234,False,,,0.1011335471109164,0.4461541598767582,0.04597072655101317,0.1626572090454394,0.04204294709497887,0.16499628165439442,0.0032780882325111203,-1.8056826347197976,0.30532571936759606
235,False,,,0.10113354711091631,0.4461541598767598,0.045970726551013114,0.16265720904543934,0.04204294709497899,0.17586716861680898,0.0031507896372011766,2.519095348595812,0.24135996155469722
236,False,,,0.09533925780651807,0.3351930572979025,0.04344382605795473,0.1532774940824174,0.04283143671463494,0.20983330461477456,0.003108369233866265,-4.530475110721964,0.25247581964474825
237,False,,,0.09533925780651809,0.3351930572979001,0.043443826057954764,0.15327749408241748,0.04283143671463525,0.16967887109196425,0.0034776770083421804,2.938456364575009,0.2878732482492887
238,False,,,0.07969536701341196,0.27014018414192653,0.04271016526573769,0.12411985391610016,0.04453433924799306,0.21151910756105277,0.004827206186519118,-1.5364513329614136,0.38076864600454874
239,False,,,0.079695367013412,0.27014018414192464,0.042710165265737725,0.12411985391610021,0.04453433924799353,0.17510573949037278,0.0034311661469069487,0.9097075028996926,0.246921533401036
240,False,,,0.08392734629289748,0.2990846929438072,0.04415044259751101,0.1312740461941795,0.053512248225639436,0.1922504668244287,0.0034222278586583527,0.029143394867859662,0.3812714690337438
241,False,,,0.08392734629289747,0.29908469294381135,0.044150442597510914,0.1312740461941795,0.05351224822564058,0.1888581776220421,0.0035897451856364937,-0.30904782606901016,0.12107859074160694
242,False,,,0.10775825886606921,0.44256594899231533,0.040830879385984134,0.17748578996267503,0.023871225962837046,0.2084417197517832,0.0025188042955346978,-3.8573797999609134,0.37523050634077076
243,False,,,0.10775825886606928,0.44256594899231716,0.04083087938598427,0.17748578996267508,0.02387122596283718,0.15917316086753533,0.003150920085201259,2.609470034652423,0.06840065018967452
244,False,,,0.09036439788680153,0.3514009677606646,0.04657205648023825,0.14198331002880427,0.04615533538113095,0.1820744090935277,0.0030426281511155284,-0.6021014220495076,0.3254160740934907
245,False,,,0.09036439788680155,0.3514009677606621,0.04657205648023815,0.14198331002880427,0.046155335381130584,0.1935315536388633,0.0035022178648829697,1.883362063418776,0.22363197225805592
246,False,,,0.08085170888130361,0.33048065483371586,0.04768224497342881,0.12273468749978161,0.022083218444463953,0.16994436736350663,0.003849110373565859,0.23932539425145016,0.19364914082655452
247,False,,,0.08085170888130365,0.33048065483371586,0.04768224497342889,0.12273468749978166,0.022083218444463905,0.18152679667349633,0.004031987763002527,0.511822436949986,0.19589834655957167
248,False,,,0.11370600588244895,0.39252533784964017,0.043426733172255316,0.1871240364389087,0.0165639779423795,0.18663655128861728,0.002797344627554209,-0.3689708267857119,0.24969586062074753
249,False,,,0.11370600588244897,0.3925253378496385,0.043426733172255295,0.1871240364389087,0.01656397794238,0.20983404842916797,0.0031780734087822806,0.08453470497996385,0.22610964909714645
250,False,,,0.0665758694710642,0.25041898024975917,0.042310108223799374,0.09857356984336774,0.05880131882568293,0.1943266282973564,0.005211146810418628,-0.16997776634580664,0.45957247362463405
251,False,,,0.06657586947106423,0.25041898024975745,0.042310108223799464,0.09857356984336775,0.05880131882568321,0.2107125156929467,0.005310159202344665,-0.9516075062392924,0.20653204848123494
252,False,,,0.08564128098755955,0.320756760578168,0.04561162590230286,0.13357561975400728,0.02224106803616786,0.17110580661227073,0.0026121704518228574,1.0280507078927705,0.1676620746743099
253,False,,,0.0856412809875595,0.320756760578169,0.0456116259023028,0.13357561975400728,0.022241068036168408,0.1879414204331869,0.0026736793592991286,0.21138655986330068,0.1927687804784972
254,False,,,0.0709295415469404,0.2505896232893055,0.04737740304968015,0.10297457430217301,0.009380896916359653,0.19241723808746333,0.004906432570348407,-2.81300452283347,0.22092878828995519
255,False,,,0.07092954154694034,0.2505896232893076,0.04737740304968005,0.10297457430217301,0.009380896916359675,0.15761405176473206,0.004869234469975908,3.048201283217532,0.13518644649352604
256,False,,,0.1075216771646565,0.3273892507155184,0.044630110117490004,0.17521141436191673,0.011936394352418953,0.17723178784438,0.003075377505689629,2.380747032860965,0.16413537768848527
257,False,,,0.10752167716465649,0.3273892507155203,0.044630110117489956,0.17521141436191673,0.011936394352419912,0.19234101430461784,0.004249504988046917,-2.32502766839369,0.21637105165368503
258,False,,,0.1311571627817383,0.5359967292563669,0.04602683575050622,0.21764573239201834,0.002885629085235703,0.20575485490315412,0.0038694852257856764,-4.512865630243441,0.31306074412512447
259,False,,,0.13115716278173836,0.5359967292563684,0.046026835750506444,0.21764573239201834,0.002885629085234919,0.16832926760168807,0.004123555810551774,2.9927907910353486,0.0885969338210915
260,False,,,0.06912074273099879,0.31571392460394165,0.0456742482274023,0.10080058196646505,0.021044456566490042,0.17080693059776048,0.004679642930445951,0.1739245421653317,0.09750177641629648
261,False,,,0.06912074273099887,0.31571392460394393,0.04567424822740236,0.10080058196646517,0.021044456566490188,0.2176325043890962,0.004977252527849103,-2.8523362396661884,0.27856514771235436
262,False,,,0.10619929427538094,0.38334723620125544,0.045102919975807426,0.17252919617583193,0.05153378213781836,0.19675682886150417,0.0031260590806707696,-0.2942102510980904,0.39053861650198135
263,False,,,0.106199294275381,0.38334723620125377,0.04510291997580755,0.17252919617583196,0.051533782137817875,0.17937013075594546,0.002874776690028637,-0.1668946496064354,0.28112277835527383
264,False,,,0.07110152199746966,0.41061459977330944,0.048067274266426166,0.1026905720125383,0.010074862472284446,0.20722856614276808,0.004302485657880498,-2.6985589673997827,0.24391643355233286
265,False,,,0.07110152199746966,0.41061459977331116,0.04806727426642634,0.10269057201253816,0.010074862472284155,0.17394051489229811,0.004044190280988956,3.199785943550612,0.140308464097961
266,False,,,0.08834788418367456,0.30075913344537597,0.046773283510089615,0.13798755675264882,0.0448068683785246,0.19567276323099808,0.003023024041204121,-0.019230395854939353,0.18428686094127525
267,False,,,0.08834788418367448,0.3007591334453746,0.04677328351008938,0.1379875567526488,0.04480686837852491,0.18861510191250433,0.0028773509031927024,-0.3306051003096684,0.3652113202201597
268,False,,,0.07426711834948072,0.31834008293123145,0.04761947517903974,0.10959738031154284,0.03748776956235774,0.20757655040101944,0.003622297124558637,-3.5810534084050922,0.208711473216098
269,False,,,0.07426711834948066,0.31834008293123295,0.04761947517903956,0.10959738031154288,0.037487769562357366,0.17666004519209277,0.004365366045429015,1.7514731510984909,0.1913517797414094
270,False,,,0.07833544599786088,0.353423561638374,0.046760421541358475,0.11847469035030331,0.050966294236251895,0.19723027016429182,0.0036533727910303595,-0.7023954010918141,0.22217513500345118
271,False,,,0.0783354459978608,0.35342356163837574,0.046760421541358344,0.11847469035030325,0.05096629423625203,0.17618008679107316,0.0038540485708390463,1.9765504272022945,0.26792519193758635
272,True,typical,B,0.08283148219076503,0.2903510496337577,0.05380348254257982,0.12162867202406549,0.03960957783428798,0.17795554028603328,0.0033442501663973946,2.7358444150402175,0.1476598510462272
273,False,,,0.08283148219076499,0.29035104963376024,0.05380348254257976,0.12162867202406547,0.039609577834287715,0.2110307001567463,0.0037363062312067304,-2.8299599809078346,0.22335598107089438
274,False,,,0.06692426301968281,0.2607214579441019,0.041814868720453514,0.09969756491492424,0.01881622271559367,0.16087218924608215,0.0035860112640538214,1.828920979068334,0.12405606301149848
275,False,,,0.06692426301968271,0.2607214579441038,0.04181486872045332,0.0996975649149242,0.01881622271559277,0.19898997733002094,0.003077602768139281,-0.7010008287073584,0.30943868625087406
276,False,,,0.07690563556929693,0.29718355361651966,0.051316750387941784,0.11169875830194297,0.09467728585966649,0.17106673217927254,0.008458861439985112,0.47328967791477883,0.35237048539006566
277,True,high_committee_disagreement,B,0.07690563556929685,0.29718355361652216,0.05131675038794165,0.11169875830194294,0.09467728585966656,0.22342820971959848,0.0045232381694603205,-1.8117708527553251,0.3619144248860536
278,False,,,0.10787490498274603,0.3729044344712901,0.0395345555395388,0.1782835472265787,0.05333067309733776,0.16602208061152046,0.003219752687440841,1.4279208638514298,0.18919114459030195
279,False,,,0.10787490498274602,0.37290443447129185,0.039534555539538684,0.17828354722657863,0.053330673097338355,0.193011461217001,0.00231045674235141,-2.8938846773725544,0.1658669039273479
280,False,,,0.08986034288200129,0.42028677467012426,0.04236402473999279,0.1436496518766094,0.04071170214700451,0.14884290873378853,0.0024744190670017313,2.134754169382724,0.12887709137717543
281,False,,,0.08986034288200138,0.4202867746701234,0.04236402473999305,0.14364965187660947,0.04071170214700513,0.22099783588696528,0.002445600844985181,-6.7266802739427884,0.36214819304347007
282,False,,,0.0803200073193815,0.3097802213114947,0.04218008145428158,0.12568051632761876,0.03714187722233316,0.1760796925556218,0.0029478521567825474,2.8170738039232006,0.06785579112776817
283,False,,,0.08032000731938148,0.30978022131149235,0.04218008145428151,0.12568051632761873,0.037141877222333204,0.20708239155709807,0.002287597553033925,-4.358316581054797,0.416572148280518
284,False,,,0.07160387980721737,0.28157331369533833,0.04768756355958023,0.10408236821787482,0.033275866041045384,0.16716140822710768,0.006232505781585126,1.6887299984257567,0.11344162334698717
285,False,,,0.0716038798072174,0.2815733136953358,0.04768756355958025,0.10408236821787488,0.033275866041045765,0.21343660115936,0.007741794857047207,-0.32374617434170094,0.2779020133433618
286,False,,,0.08130614769440807,0.37731675831820083,0.04282476066014253,0.12713830542962934,0.01474278285969615,0.16886047671472043,0.003023387817419626,1.0911362122706851,0.03787813070311555
287,False,,,0.08130614769440808,0.37731675831820266,0.04282476066014242,0.12713830542962948,0.014742782859696229,0.20883976856164466,0.003665619213731332,-6.15636865917535,0.4060477593447057
288,False,,,0.07159890587926473,0.30417006006809544,0.04295138747223236,0.10811829908828458,0.03070464938759442,0.18840336977341335,0.0054289166874169565,-0.011384232736389777,0.26080715720834363
289,False,,,0.07159890587926462,0.3041700600680938,0.042951387472232226,0.10811829908828444,0.03070464938759541,0.20458837185641904,0.005967036124934129,0.057881460355238445,0.19016109803133718
290,False,,,0.09765933310182981,0.390410173477936,0.04320582490846142,0.15772935495221305,0.030328592861524308,0.20455690346250457,0.0030786391667412556,-4.500077868069521,0.29320882353009176
291,False,,,0.09765933310182982,0.39041017347793794,0.043205824908461414,0.15772935495221305,0.03032859286152385,0.17958418943359958,0.0030492471941832664,2.872155616951394,0.13732754523087365
292,False,,,0.1046799330236023,0.3945046151136036,0.04462854981165664,0.16997132174838953,0.009328586967892478,0.20203306667258705,0.0032454970338245963,-3.591738841495083,0.37319987275324623
293,False,,,0.10467993302360218,0.3945046151136052,0.04462854981165633,0.16997132174838944,0.009328586967893463,0.16226088206707423,0.00428218947095091,1.9445325262849575,0.11158238659244739
294,False,,,0.08960986495383272,0.3191490803099606,0.04053948572031086,0.14423204874852827,0.03881600387537771,0.18414666376161926,0.003277263544443721,0.14449756638466393,0.296006071559586
295,False,,,0.08960986495383273,0.3191490803099609,0.04053948572031082,0.1442320487485283,0.03881600387537753,0.19603514896186197,0.0029641746101063187,0.9154304328108971,0.21877317732176907
296,False,,,0.09412412744857875,0.31418222277207825,0.04185135940657916,0.1519045145330169,0.025216174776099144,0.18188014402024258,0.003949175622054071,0.6257352011742716,0.2505395784867459
297,False,,,0.09412412744857872,0.3141822227720763,0.041851359406579046,0.1519045145330169,0.025216174776100223,0.1994564278395938,0.0021767453702790547,-4.153837773310775,0.20297096849522772
298,False,,,0.12302407416432233,0.4455465217881546,0.05089984445580995,0.20055717424394154,0.05068063837947869,0.18492415281727564,0.0033342075771838793,0.03680906442866938,0.06873300305266473
299,False,,,0.12302407416432225,0.44554652178815407,0.05089984445580973,0.20055717424394157,0.050680638379478886,0.19579741406102236,0.003979870926718829,-0.5428920077977359,0.45793279329789255
