key,trajectory_seed,snapshot_index,displacement_RMS_A,displacement_max_A,min_pair_distance_A,reference_force_RMS_meV_A,short_force_RMS_meV_A,long_force_RMS_meV_A,total_force_RMS_meV_A,short_only_error_RMSE_meV_A,total_error_RMSE_meV_A,total_error_max_abs_meV_A,oracle_alpha,long_vs_required_residual_cosine,oracle_scaled_error_RMSE_meV_A,max_error_atom,max_error_axis,operator_force_replay_max_abs_eV_A,reference_net_force_meV_A,prediction_net_force_meV_A
seed0:snapshot003,0,3,0.08051047564030982,0.33445043352142884,1.3313998027027456,1424.342371202725,1373.707089049122,40.55361935220975,1389.638582210654,75.33906728818867,55.648180829538035,271.02038262882775,1.2841606581383362,0.6912398094605786,54.441926610873395,9,x,0.0,0.0011543396386922205,3.210061615366513e-12
seed0:snapshot009,0,9,0.08874417483861129,0.3915255704711865,1.3377094101906055,1444.9144135804931,1379.818936559695,36.01807497997838,1398.134967224389,87.15589120030712,68.44972876378611,447.04381708145524,1.6218608386931015,0.6702507941876554,64.68140881725537,17,x,0.0,0.0006135144659701104,5.878156509167012e-12
seed0:snapshot015,0,15,0.09109156539962808,0.3361181989254675,1.3409774679838122,1572.2215868855844,1551.2503557784848,32.032966892664,1567.3716207976013,94.42548951097122,88.05881667721326,475.45863859593965,1.066126818194216,0.3616735824983838,88.03333608135388,32,x,0.0,0.0008568547143197533,3.060673659425244e-12
seed0:snapshot021,0,21,0.08661658546719528,0.47183275419713616,1.3288011742858092,1511.5045862200823,1531.9381003625178,28.75694596619142,1547.68568143396,110.14454047221173,107.39079885104654,524.9253311117466,0.8621908627531729,0.2251039946822621,107.3176525429577,11,x,0.0,0.00038910152946139583,2.3446480403802455e-12
seed0:snapshot027,0,27,0.09539098246162031,0.3626081519607802,1.3569097332863638,1334.7658584538285,1319.072165610207,26.211104342443555,1331.2808530009513,51.96290468493268,40.144352251766975,195.2030424352982,1.2922413402181683,0.6518317790248334,39.40677484830126,1,x,0.0,0.0008322259293986032,7.28360459361387e-12
seed0:snapshot033,0,33,0.09269813979191203,0.3718271916764889,1.3485357085712635,1241.3480049258098,1219.3843301522372,25.26306163834261,1232.451905119879,40.26420066005072,27.50817876813329,117.8659053676494,1.177276536887264,0.7386613723656127,27.141158896570822,61,x,0.0,0.0008261961026031968,2.8555887982228037e-12
seed0:snapshot039,0,39,0.09247361468611788,0.31018500268845245,1.3508010727385746,1246.8001812795837,1219.5670620497813,30.8115766577031,1233.3499623255555,43.48558887665443,30.407752428455147,107.54657374050947,1.008959665938769,0.7148951846962919,30.406499269645185,23,y,0.0,0.0010728466757339698,5.431022213568952e-12
seed0:snapshot045,0,45,0.0745447882773756,0.23821224257984433,1.3250553415607167,1363.609443714354,1307.9957769589382,38.27674102078137,1318.8339712756458,85.3716911314886,71.79022206315965,400.3097148617041,1.2284406156263672,0.5507762898982393,71.25573034831636,1,x,0.0,0.0011570652541780747,3.010040669222812e-12
seed0:snapshot051,0,51,0.10381856479704943,0.40999272431548706,1.330836082338026,1396.6621052875141,1354.917852559695,27.350412560778416,1374.5251787246973,56.57292419212151,41.77956250550357,167.10436715980182,1.4725108634531858,0.7118914249315279,39.730572952271324,41,x,0.0,0.0005954829963078214,7.988978508735487e-12
seed0:snapshot057,0,57,0.07988790125166545,0.2752390732231098,1.349550687317773,1545.737835837743,1507.4361682023261,32.075861497733,1529.531516295079,82.22928922624295,67.97141402051037,223.35115502653258,1.5407349048883725,0.6010072551879734,65.72123042382503,13,y,0.0,0.001319886360086686,2.2315206618374915e-12
seed0:snapshot063,0,63,0.06945761739066345,0.30348677886646613,1.320477419586845,1513.3275051057028,1440.9579551198117,33.09425865261455,1457.8211645862707,111.52173663847017,95.00403631652364,744.563935116794,2.0573582554371455,0.6105244439229953,88.32492699357924,64,y,0.0,0.001080138879932565,3.0932216156809373e-12
seed0:snapshot069,0,69,0.09075763222085514,0.3076940526878135,1.3437571506971975,1416.525731278567,1377.8212716952316,37.88644707928007,1392.4929990626238,65.91453278728773,45.51600845497936,154.6938487747136,1.2917812908219373,0.7424918518449722,44.153185703111355,64,y,0.0,0.0009974968640273992,5.401794090987006e-12
seed0:snapshot075,0,75,0.08563283599923609,0.307838488169103,1.3467866972331703,1428.4024259304588,1401.084722283778,25.81217277903454,1417.4803987356984,53.362454668051896,44.712356945824645,214.41907620131497,1.1366479922046495,0.5498126828354954,44.573017103617985,7,x,0.0,0.0014938540791288803,1.0031404150080653e-11
seed0:snapshot081,0,81,0.10851337561579269,0.39785085339571974,1.3256803701475701,1488.2753558044892,1441.664134487677,45.864029800874455,1448.4124027641947,75.5552305351097,57.396284273562884,241.13269043936114,1.0738647063814268,0.6518643718875068,57.2962190104255,1,x,0.0,0.0016982638263511821,8.679688175308165e-12
seed0:snapshot087,0,87,0.09792841341838368,0.3609661268417023,1.3496833802765291,1293.5405262627212,1260.4735849821916,25.598998537943515,1277.7080372148878,46.195405369489364,33.32301399610537,148.24948390874715,1.2809999887284678,0.7098610040604604,32.537354434719596,51,x,0.0,0.0012868954883517893,6.579418072596012e-12
seed0:snapshot093,0,93,0.07623202840641714,0.2823975744329234,1.357269911019393,1294.575221107848,1303.7744149404325,35.86704351797562,1314.3194157402518,60.48079834760068,46.59695622487923,304.4420984492744,1.0778136096282913,0.6391778663142911,46.51329874698804,41,x,0.0,0.0017359147421545146,5.939433778177186e-12
seed0:snapshot099,0,99,0.06958354467450355,0.2306368358021004,1.3258888066123635,1504.7214875040445,1431.8028480993382,32.14680719860659,1445.9206364392803,108.60664940293925,94.36828998732274,611.8910619944442,1.898288175804495,0.5618799984205222,89.84145722184286,23,x,0.0,0.0005504543610102036,6.298008605157983e-12
seed0:snapshot105,0,105,0.05680182525754063,0.23689354509232805,1.3642285335090303,1463.854703776705,1447.2478178726628,27.513118231824958,1465.4041914963443,90.40487930831833,85.46328184080842,439.2613023011562,1.0740437116987906,0.3268661144420992,85.43899851685438,69,x,0.0,0.00044687805915387716,6.359359035643524e-12
seed0:snapshot111,0,111,0.06275408434722109,0.24153644365225668,1.3581923910886529,1345.5172796080667,1296.3928509963093,25.588980747191773,1313.7249241793459,74.69412607738366,58.23053400747763,198.23286422760367,2.171068237003425,0.7437723183207791,49.92802229685467,2,y,0.0,0.0010630616175188107,4.033640560360252e-12
seed0:snapshot117,0,117,0.06020483276481783,0.23522442432605867,1.3539040272617362,1429.5623948345917,1386.5024775259992,35.73471398701881,1397.6784960470968,80.04482797226183,63.15478790789708,254.99182091321825,1.4470260299915103,0.6460012798258096,61.10112489294967,11,y,0.0,0.0011658902178031344,5.812523845664519e-12
seed1:snapshot003,1,3,0.07790346228291482,0.2850604268975543,1.3647190305087042,1197.8111128163325,1175.6400750243981,27.04012779372222,1186.89436289381,41.30977080804694,26.39362677034805,106.89376252240434,1.1905888415520616,0.7793234819660695,25.885603937480337,29,x,0.0,0.000978263766125772,3.1801640404177665e-12
seed1:snapshot009,1,9,0.07085233884738683,0.3292532758409179,1.3487544119039374,1213.6064159752216,1197.5460978866665,41.67165853721569,1207.5624766534038,57.94591369192092,32.54192919276098,164.84069057019246,1.1618819034238035,0.8355644575296004,31.835046077161444,1,x,0.0,0.0011199107108736306,2.8435583831733384e-12
seed1:snapshot015,1,15,0.06621383772985301,0.2821159721021193,1.3482417381281813,1314.9176028995582,1271.4460382287966,33.81353455014195,1286.4694004286348,63.37215258297213,42.91655724905801,269.16680957328066,1.4507977010763993,0.7741033907027908,40.118323705810695,10,y,0.0,0.0015046926607007029,8.100471400572214e-13
seed1:snapshot021,1,21,0.07205721529499923,0.2787005650539856,1.3367925477353697,1326.0977058407918,1294.0997381221903,34.025218304756486,1309.618166835695,79.47032647101777,63.40602700761157,292.8243648884192,1.4912662337206974,0.638485600928838,61.16304683502582,21,x,0.0,0.0007706490814898025,6.565352458119964e-12
seed1:snapshot027,1,27,0.0810905842176458,0.3519210086630643,1.344726225675179,1287.5817570221084,1270.278386139427,50.42021328676612,1273.13386783298,58.72222249566902,33.75554364837939,176.1199468604806,0.9541075816075849,0.8192181037889543,33.67614241901143,14,y,0.0,0.0011182575699229785,5.686862774777048e-12
seed1:snapshot033,1,33,0.08019000561349916,0.3434046237521991,1.3477061263455106,1363.4194714916632,1334.1308307477495,40.23080098595607,1345.664627797813,60.982327564185965,39.87638487397036,176.8449439788151,1.1576136509121961,0.763692142768022,39.369007617245934,65,y,0.0,0.0002121320321560844,2.047150106608361e-12
seed1:snapshot039,1,39,0.06940834356332855,0.3144540090245093,1.3517545381544005,1351.8217725569416,1315.0654624560987,26.781538744874855,1331.3888129926897,49.325556235033,35.90231819088419,193.50722745218363,1.2975132397440252,0.7044908107394495,35.00699388599842,16,y,0.0,0.0006748333118482492,3.4479530682295443e-12
seed1:snapshot045,1,45,0.10188070944977774,0.4718175633224611,1.3505293940271337,1263.9751065531518,1252.0689885479921,49.06843396618391,1255.2474381704508,57.51113228087361,29.765781200026133,183.0781401664181,1.0028694043160795,0.8556470580697503,29.76544820094268,28,y,0.0,0.0010824509238975997,6.699163375832024e-12
seed1:snapshot051,1,51,0.09951013516598982,0.4406359143968916,1.3361340978686056,1343.0999019485332,1304.6410492967707,57.958535963960486,1301.8630807536822,92.2533000234539,70.31790183596007,416.7601790364057,1.030791952681977,0.6475995161765559,70.29525104727718,27,y,0.0,0.00033361654698364616,3.682193206295148e-12
seed1:snapshot057,1,57,0.0878690220586084,0.380053154415947,1.3506126447217242,1281.4042147570015,1268.030607436467,41.28264594482795,1274.997011757066,65.28353120778836,37.22348541787203,151.84477752402526,1.3438726738371523,0.8498103390327909,34.4102047839239,68,y,0.0,0.001139166361731117,7.0584889967571874e-12
seed1:snapshot063,1,63,0.08904531683461146,0.32607866284953807,1.3427415778684058,1424.3021904979419,1394.7672385926319,22.6981251199956,1409.9479292915732,65.34843016511208,55.788676996945085,218.60294522998512,1.6238643887334363,0.5640330912349084,53.96160903313637,30,x,0.0,0.0015600000012513011,5.3945872716704554e-12
seed1:snapshot069,1,69,0.0786750407821299,0.2721321506348115,1.3417939178663942,1345.1667814609057,1308.8462246634997,36.84020177822324,1317.3950291637075,62.23724216891147,44.972286688966406,217.95256201661584,1.1819065376415916,0.6996080451563971,44.47017902227523,47,y,0.0,0.0009332202324386759,3.871877927712888e-12
seed1:snapshot075,1,75,0.0660725158536592,0.24536213531703094,1.362783742300253,1333.167425159918,1301.263439369777,25.306049916087957,1314.2730174031612,60.23908645235408,45.33260009516266,153.23016550741065,1.7286948280871794,0.7262134966780806,41.41251903849309,14,y,0.0,0.0009357884343839186,9.01146219650834e-12
seed1:snapshot081,1,81,0.0727153308594522,0.33805234670686063,1.3510961794848309,1270.8380527362697,1242.588323565491,30.605614810765083,1250.9706954557364,46.19849920038141,31.688161180736355,122.94734997367397,1.1032653762828413,0.7308920359968678,31.53015694032702,2,y,0.0,0.0007622335606961219,8.626225714372464e-12
seed1:snapshot087,1,87,0.07040781557640584,0.2604408682020586,1.3461290450509802,1370.5313796232763,1344.607442613475,28.60898966400598,1356.6409443056882,61.98310612646423,49.216600452444624,212.02936264833716,1.3672426874221506,0.6310660171311969,48.08210094589795,70,x,0.0,0.0008033056678168762,5.651280743693803e-12
seed1:snapshot093,1,93,0.08634453346298973,0.3763349111716806,1.361062665972596,1352.0033116058873,1328.571686005576,33.03388154272382,1343.7702725121494,69.54687175286008,51.673034992417854,260.7415105844746,1.492756005570531,0.7090401597851677,49.042235540862094,65,y,0.0,0.0007816648909108752,8.910879894328756e-12
seed1:snapshot099,1,99,0.07740644599367136,0.3453154045481338,1.3712027219427323,1226.6032925677207,1217.444403673276,34.191405725820154,1225.6582769110498,43.00233925144419,20.348172897721536,73.76300337715855,1.1138104908861235,0.885597087472012,19.97262146208103,66,x,0.0,0.0008608716507399642,4.951395542680039e-12
seed1:snapshot105,1,105,0.07272004916768562,0.2857519255690321,1.354998350874911,1233.549749780947,1189.543199204469,31.425941907362787,1206.8746529639645,62.68904241068293,43.4962294915009,212.8399350767518,1.5318018712253128,0.7678904441282866,40.15742162396169,4,y,0.0,0.0014059160708654625,4.5846296514619955e-12
seed1:snapshot111,1,111,0.08028826300730929,0.3047511511264997,1.3639526691851989,1153.6098279285827,1131.3229456536628,23.95288026981202,1145.4845123216974,33.459269261007854,20.952350198092613,59.40761753091061,1.0930570984803336,0.7824996297357544,20.83344912140581,34,y,0.0,0.001159913787578471,4.802035444489893e-12
seed1:snapshot117,1,117,0.0697809626146594,0.32104080480279196,1.33508808629039,1343.606907877451,1295.9815972690735,30.185710679972427,1312.427612171658,68.51782627719625,51.03833083154056,257.3525275052413,1.6467481110895053,0.7254792620396153,47.15698466084601,15,y,0.0,0.0008159656899608864,9.572457523661546e-12
seed2:snapshot003,2,3,0.05712856708026174,0.21972787204087962,1.3511765164805243,1347.4807803906936,1298.654796685467,29.62136472533556,1314.7714877028097,70.7568105646604,54.781063086767155,233.32777757371082,1.6428673681894614,0.6877638084608279,51.36481211537731,2,x,0.0,0.0008221921932472963,1.2008898127460164e-12
seed2:snapshot009,2,9,0.058914413965188185,0.2764141706727492,1.3512974781335112,1444.5342623428894,1383.8689211439778,28.34982686727009,1404.0944614506598,87.25083237446981,71.44414100887083,226.48159752467654,2.060534328584752,0.6695155780145566,64.80974507769818,12,x,0.0,0.0005921148536977749,5.207703438645801e-12
seed2:snapshot015,2,15,0.07814609881255512,0.2825359551859153,1.3550309008137424,1325.3086201427075,1308.6590391208808,26.602497342041975,1323.8015552775307,44.82654401322399,35.43319874222898,204.73877635330018,1.032651601087389,0.6128313497707647,35.422550481260934,65,y,0.0,0.0012823026164234638,1.424940003764727e-11
seed2:snapshot021,2,21,0.09830066757880795,0.35517399107670294,1.358728947096554,1329.490107492891,1307.44571084243,25.970349517903223,1321.2062148482291,47.818181447342205,39.06636084385809,173.20940281498065,1.0637094815068653,0.5777071855118892,39.03130780609314,11,x,0.0,0.0013946684183516376,1.9389211565826712e-12
seed2:snapshot027,2,27,0.10691555665691932,0.37939418587272516,1.3325648712627605,1276.6999952519707,1256.448749327116,24.201946583900586,1268.4904616379679,41.759416556748576,33.401856426548704,214.11867223876425,1.03622004540095,0.6005481938158924,33.390351793395574,31,x,0.0,0.0006410928133340133,4.193388935483235e-12
seed2:snapshot033,2,33,0.11546153027698905,0.4668668954913466,1.337683748049255,1396.1056241228414,1360.5216948238244,27.755206296597493,1377.9136260015277,60.143131941866486,46.01629423565212,373.45770618710094,1.4733848965140703,0.6799463286442523,44.1006662224246,46,y,0.0,0.00022649503060199414,7.662763518305421e-12
seed2:snapshot039,2,39,0.07717136635517832,0.2849352662325438,1.3491362150142698,1373.0528780056954,1336.3210233991924,36.63926462560229,1351.2417497343918,72.11758914841859,50.584920222961664,317.07473937729145,1.4840741297325513,0.7539822865040091,47.373665642688145,44,x,0.0,0.0005958187631099544,8.603333053107397e-12
seed2:snapshot045,2,45,0.0732363107153051,0.25185194281457224,1.330930655030963,1387.678283740567,1344.7593780338775,24.309283181236825,1357.1642318786048,64.69064739654787,52.60014356689716,272.0472273500683,1.6998694965367738,0.6387725370741001,49.77270184669698,18,x,0.0,0.0014779377521089345,3.2824140392320506e-12
seed2:snapshot051,2,51,0.08201592300482975,0.32100683107703637,1.327530449680653,1501.6577377339793,1474.5901479022816,49.13806483157226,1482.4093142838894,96.86597934738377,73.18496215473384,404.53975619346136,1.3338987066629395,0.6766586325596698,71.32211833772996,62,y,0.0,0.0014360362093023193,5.7742271515097004e-12
seed2:snapshot057,2,57,0.07915998726279695,0.29200086929187113,1.3539279022037354,1379.3564876045461,1350.0098846266912,25.14042907847766,1367.247644812027,53.01317095843108,39.882084929451224,182.25565658201282,1.4649811170889449,0.6947378021277599,38.13041692055394,67,y,0.0,0.0004330127006226958,5.880580558876772e-12
seed2:snapshot063,2,63,0.07211620529404053,0.32309315709962005,1.325016091445106,1421.5705674804012,1379.3192729338168,34.997212407683215,1389.8521556084145,78.5784289771333,66.45089883236496,430.3567641651429,1.2180113252758524,0.5424771355259266,66.01142537973311,1,x,0.0,0.0007333484895828817,3.767838557988072e-12
seed2:snapshot069,2,69,0.07295181483621155,0.2655518621916342,1.358681180616084,1291.8206653100938,1273.8717520326127,29.940984637954866,1284.4411277974318,45.59967890670176,30.450966558221563,122.53922237249881,1.142564119277476,0.7502135006950147,30.15030987919766,50,y,0.0,0.0012200819649099723,1.280672456422863e-12
seed2:snapshot075,2,75,0.0732429265868274,0.25317437575828594,1.350710136834932,1387.4478572419887,1345.5327112120592,39.335061324593894,1358.323578107746,75.30444528848096,55.185843871649666,255.1921214291082,1.348371989909934,0.7043182471936359,53.45744806001826,61,x,0.0,0.0010504760806886873,2.151773263915451e-12
seed2:snapshot081,2,81,0.07961850835933573,0.28877253827979027,1.3470475234493828,1419.9299805767716,1393.3111187456402,40.68308874666507,1410.2580151455445,58.30202653821377,39.286507692104735,199.1287468653482,1.0605949007139528,0.7400819325160997,39.209087417721086,31,x,0.0,0.0007703246111042907,4.081746465298011e-12
seed2:snapshot087,2,87,0.06645436465215461,0.26803491286648373,1.3631574072868884,1295.680046468697,1260.3719941233423,25.27445855287692,1274.0749911294215,55.750479035967096,41.41398397410123,202.48863758319402,1.5903269012726229,0.7209740982818957,38.63296410388237,18,x,0.0,0.001096403210985006,8.671119018262734e-13
seed2:snapshot093,2,93,0.07368461926424807,0.30308932968069546,1.3581456169633122,1254.1006015129956,1254.171269268822,26.36699792323988,1271.3179463401048,60.90293809867846,62.298607141955195,557.2499891272452,0.3763348766485778,0.1629284435335166,60.08914622641074,43,y,0.0,0.0004138840414371974,1.1957467920563632e-12
seed2:snapshot099,2,99,0.07936666583708846,0.28322622784236623,1.363971583539325,1219.9489068878706,1197.9617560526522,23.85400819536203,1214.276707824097,38.04178240063682,23.546344618097777,62.519360475643104,1.2844686800907383,0.8054229977683016,22.54738062455873,58,y,0.0,0.0015840770195784312,2.3314683517128287e-12
seed2:snapshot105,2,105,0.10962078183160148,0.4235942108214218,1.3615537704884586,1198.9477879745698,1185.2660445205388,24.940150127037956,1198.0574098950285,32.39768014003984,20.363133009628363,84.72432566714106,1.0104028725303456,0.7778211038806254,20.36148010531297,16,x,0.0,0.0016412799876878595,3.0170706470269854e-12
seed2:snapshot111,2,111,0.10406941084206964,0.4496545200451637,1.346511248330504,1335.7313173586747,1306.80510030772,21.65621003372078,1321.7278451012169,57.04817342170972,47.11089536337153,235.467047912981,1.60349310875426,0.6087063172752045,45.261771262395925,34,x,0.0,0.0008711486666300068,2.486410087150353e-12
seed2:snapshot117,2,117,0.09765397543236913,0.3642034661199984,1.3567584093112928,1421.6997970640566,1388.7774291090477,22.96461406242706,1404.8310452427638,50.72451046600019,37.94942487439745,247.35206742830053,1.57401786000629,0.7126084086437923,35.58638959308087,9,y,0.0,0.0024242524633748186,2.237726045655905e-12
