timestamp_epoch_s,memory_used_MiB,utilization_percent
1787604291,5, 0
1787604293,5, 0
1787604295,5, 0
1787604297,5, 0
1787604299,5, 0
1787604301,8, 0
1787604303,314, 0
1787604305,404, 0
1787604308,448, 2
1787604310,448, 9
1787604312,448, 10
1787604314,474, 0
1787604316,474, 8
1787604318,474, 12
1787604320,474, 13
1787604322,474, 16
1787604324,474, 13
1787604326,474, 8
1787604328,474, 11
1787604330,474, 16
1787604332,474, 11
1787604334,474, 17
1787604336,474, 16
1787604338,474, 10
1787604341,474, 11
1787604343,474, 7
1787604345,474, 10
1787604347,474, 12
1787604349,474, 11
1787604351,456, 8
1787604353,456, 9
1787604355,456, 13
1787604357,456, 13
1787604359,456, 13
1787604361,456, 12
1787604363,456, 0
1787604365,5, 0
