direction,distance,signed_distance,q1,q2,short_range_MLIP_cm-1,full_EPC_response_Ry2,long_range_correction_cm-2,MLIP_plus_full_EPC_cm-1
K,0.0,0.0,0.3333333333333333,0.3333333333333333,1380.070552374435,-7.521315993779705e-06,-260601.5558443251,1282.182972
KG,0.001,-0.001,0.333,0.333,1380.0705728352552,-7.38747643365213e-06,-258989.82259324228,1282.8113514514077
KG,0.002,-0.002,0.33266666666666667,0.33266666666666667,1380.0706347705172,-7.248040496517137e-06,-257310.69621190813,1283.4657224655398
KG,0.003,-0.003,0.3323333333333333,0.3323333333333333,1380.0707390334194,-7.109713017010743e-06,-255644.91818599094,1284.114608027748
KG,0.004,-0.004,0.332,0.332,1380.070886509147,-6.974502816916783e-06,-254016.6793067741,1284.7486028337873
KG,0.005,-0.005,0.33166666666666667,0.33166666666666667,1380.07107811484,-6.839385929055529e-06,-252389.56411944662,1285.381895208428
KG,0.006,-0.006,0.3313333333333333,0.3313333333333333,1380.071314799563,-6.707890039215085e-06,-250806.05399856338,1285.9979704237603
KG,0.007,-0.007,0.331,0.331,1380.071597544267,-6.576069077556564e-06,-249218.62927232974,1286.61532132804
KG,0.008,-0.008,0.33066666666666666,0.33066666666666666,1380.0719273617449,-6.4481821304212885e-06,-247678.57904442307,1287.214024802223
KG,0.009000000000000001,-0.009000000000000001,0.3303333333333333,0.3303333333333333,1380.0723052965848,-6.31966237420012e-06,-246130.90835329652,1287.8154601857104
KG,0.01,-0.01,0.33,0.33,1380.072732425116,-6.195281228610707e-06,-244633.07596380613,1288.397326456214
KG,0.011,-0.011,0.32966666666666666,0.32966666666666666,1380.0732098553492,-6.070074345527167e-06,-243125.2998134824,1288.9828411375242
KG,0.012,-0.012,0.3293333333333333,0.3293333333333333,1380.0737387269146,-5.949133277326006e-06,-241668.89379380114,1289.5482272989573
KG,0.013000000000000001,-0.013000000000000001,0.329,0.329,1380.0743202109907,-5.827211977415812e-06,-240200.68355093128,1290.1179968339704
KG,0.014,-0.014,0.32866666666666666,0.32866666666666666,1380.0749555102302,-5.709654016428813e-06,-238785.01785035932,1290.6672169758572
KG,0.015,-0.015,0.3283333333333333,0.3283333333333333,1380.075645858681,-5.5909955802358216e-06,-237356.0999209262,1291.221394018597
KG,0.016,-0.016,0.328,0.328,1380.0763925217,-5.476751189362357e-06,-235980.33715433493,1291.7548188574233
KG,0.017,-0.017,0.32766666666666666,0.32766666666666666,1380.0771967958651,-5.36132291846169e-06,-234590.31777480122,1292.293601060197
KG,0.018000000000000002,-0.018000000000000002,0.3273333333333333,0.3273333333333333,1380.0780600088783,-5.250343996001281e-06,-233253.87868811947,1292.811499418902
KG,0.019,-0.019,0.327,0.327,1380.0789835194637,-5.138100430942854e-06,-231902.21042312885,1293.3351423080512
KG,0.02,-0.02,0.32666666666666666,0.32666666666666666,1380.0799687172641,-5.030319347249286e-06,-230604.28060132515,1293.83787216688
KG,0.021,-0.021,0.3263333333333333,0.3263333333333333,1380.0810170227319,-4.921261495421046e-06,-229290.97558212385,1294.3464134320357
KG,0.022,-0.022,0.326,0.326,1380.0821298870073,-4.816580136451916e-06,-228030.3735085795,1294.8344727125855
KG,0.023,-0.023,0.32566666666666666,0.32566666666666666,1380.0833087918027,-4.7105923144739735e-06,-226754.03864369448,1295.328491372762
KG,0.024,-0.024,0.3253333333333333,0.3253333333333333,1380.0845552492738,-4.609042219373767e-06,-225531.14412156952,1295.80177323386
KG,0.025,-0.025,0.325,0.325,1380.0858708018882,-4.506109652804503e-06,-224291.60149306088,1296.2813773613912
KG,0.026000000000000002,-0.026000000000000002,0.32466666666666666,0.32466666666666666,1380.0872570222903,-4.4075902163451405e-06,-223105.2030061849,1296.7403880457816
KG,0.027,-0.027,0.3243333333333333,0.3243333333333333,1380.0887155131586,-4.307666707406052e-06,-221901.89628753992,1297.2058303905437
KG,0.028,-0.028,0.324,0.324,1380.0902479070614,-4.212119393579425e-06,-220751.28892900381,1297.6508788727308
KG,0.029,-0.029,0.32366666666666666,0.32366666666666666,1380.0918558663009,-4.115145782026571e-06,-219583.50569609163,1298.1024708906455
KG,0.03,-0.03,0.3233333333333333,0.3233333333333333,1380.0935410827624,-4.022517634485861e-06,-218468.05175082112,1298.53383875336
KG,0.031,-0.031,0.323,0.323,1380.0953052777486,-3.928446378439644e-06,-217335.21949108946,1298.9718365532767
KG,0.032,-0.032,0.32266666666666666,0.32266666666666666,1380.0971502018156,-3.838683155387968e-06,-216254.26576426276,1299.389809961164
KG,0.033,-0.033,0.3223333333333333,0.3223333333333333,1380.0990776346,-3.7474559101196286e-06,-215155.68187424162,1299.81451838854
KG,0.034,-0.034,0.322,0.322,1380.1010893846453,-3.6604952890990098e-06,-214108.47786146583,1300.21941958241
KG,0.035,-0.035,0.32166666666666666,0.32166666666666666,1380.1031872892179,-3.5720635156333697e-06,-213043.55782130023,1300.6310967159588
KG,0.036000000000000004,-0.036000000000000004,0.3213333333333333,0.3213333333333333,1380.1053732141243,-3.487852680333938e-06,-212029.46749386506,1301.0232025911882
KG,0.037,-0.037,0.321,0.321,1380.1076490535195,-3.4021553191086803e-06,-210997.47600730346,1301.4221632386352
KG,0.038,-0.038,0.32066666666666666,0.32066666666666666,1380.1100167297118,-3.3206368015474162e-06,-210015.80731975526,1301.8017709920086
KG,0.039,-0.039,0.3203333333333333,0.3203333333333333,1380.1124781929639,-3.2376164402058485e-06,-209016.05301121168,1302.1883118246426
KG,0.04,-0.04,0.32,0.32,1380.1150354212862,-3.158733836144769e-06,-208066.1267280107,1302.5557125389635
KG,0.041,-0.041,0.31966666666666665,0.31966666666666665,1380.1176904202302,-3.078334881111695e-06,-207097.94012417248,1302.9301206460375
KG,0.042,-0.042,0.3193333333333333,0.3193333333333333,1380.1204452226752,-3.002002576234054e-06,-206178.72525387688,1303.285739225193
KG,0.043000000000000003,-0.043000000000000003,0.319,0.319,1380.123301888608,-2.924144660231148e-06,-205241.13854959985,1303.648414974802
KG,0.044,-0.044,0.31866666666666665,0.31866666666666665,1380.1262625049017,-2.8503562934195384e-06,-204352.55848986265,1303.9923090133186
KG,0.045,-0.045,0.3183333333333333,0.3183333333333333,1380.1293291850895,-2.7750154717775106e-06,-203445.28333677177,1304.343391112982
KG,0.046,-0.046,0.318,0.318,1380.132504069131,-2.7036891064726915e-06,-202586.351384731,1304.6759664389465
KG,0.047,-0.047,0.31766666666666665,0.31766666666666665,1380.1357893231793,-2.63079001714712e-06,-201708.4802521026,1305.0158300643761
KG,0.048,-0.048,0.3173333333333333,0.3173333333333333,1380.1391871393398,-2.5618689342866327e-06,-200878.51338101458,1305.3373749711693
KG,0.049,-0.049,0.317,0.317,1380.142699735425,-2.4913502179129195e-06,-200029.3073622944,1305.6663296074894
KG,0.05,-0.05,0.31666666666666665,0.31666666666666665,1380.146329354708,-2.424771350861123e-06,-199227.54610617168,1305.9771607210835
KG,0.051000000000000004,-0.051000000000000004,0.3163333333333333,0.3163333333333333,1380.150078265671,-2.3565788731735095e-06,-198406.35330145765,1306.2954815949108
KG,0.052000000000000005,-0.052000000000000005,0.316,0.316,1380.153948761744,-2.2922878436941063e-06,-197632.14282243687,1306.59587457645
KG,0.053,-0.053,0.31566666666666665,0.31566666666666665,1380.1579431610503,-2.226361272169375e-06,-196838.2366906847,1306.9038646280974
KG,0.054,-0.054,0.3153333333333333,0.3153333333333333,1380.1620638061374,-2.164302221536095e-06,-196090.90432243008,1307.19410113693
KG,0.055,-0.055,0.315,0.315,1380.1663130637128,-2.100587918670338e-06,-195323.6389458821,1307.4920316277266
KG,0.056,-0.056,0.31466666666666665,0.31466666666666665,1380.170693324366,-2.040704209594325e-06,-194602.50264639052,1307.7723961244444
KG,0.057,-0.057,0.3143333333333333,0.3143333333333333,1380.1752070023006,-1.9791451413791167e-06,-193861.19120563596,1308.0605531924764
KG,0.058,-0.058,0.314,0.314,1380.1798565350475,-1.921379868598539e-06,-193165.56570589897,1308.3313306189702
KG,0.059000000000000004,-0.059000000000000004,0.31366666666666665,0.31366666666666665,1380.184644383184,-1.8619177548637243e-06,-192449.50637490058,1308.610005393599
KG,0.06,-0.06,0.3133333333333333,0.3133333333333333,1380.1895730300491,-1.8062126145122533e-06,-191778.6895635249,1308.8714864100846
KG,0.061,-0.061,0.313,0.313,1380.194644981451,-1.748789393664049e-06,-191087.1831484029,1309.1409683021423
KG,0.062,-0.062,0.31266666666666665,0.31266666666666665,1380.1998627653716,-1.695097161668162e-06,-190440.60633994552,1309.393391932923
KG,0.063,-0.063,0.31233333333333335,0.31233333333333335,1380.2052289316744,-1.6395708618719993e-06,-189771.9431763356,1309.654355467121
KG,0.064,-0.064,0.312,0.312,1380.2107460517989,-1.5878073312155935e-06,-189148.59232646093,1309.898130081268
KG,0.065,-0.065,0.3116666666666667,0.3116666666666667,1380.216416718459,-1.5342898410944547e-06,-188504.11980831664,1310.1500819260464
KG,0.066,-0.066,0.3113333333333333,0.3113333333333333,1380.2222435453364,-1.4844263341503197e-06,-187903.64957305248,1310.3853601152102
KG,0.067,-0.067,0.311,0.311,1380.2282291667698,-1.4327790977819583e-06,-187281.69917137694,1310.6289579501363
KG,0.068,-0.068,0.31066666666666665,0.31066666666666665,1380.2343762374414,-1.3847520993733502e-06,-186703.34468327888,1310.8560518471431
KG,0.069,-0.069,0.31033333333333335,0.31033333333333335,1380.2406874320623,-1.3349169601120832e-06,-186103.21605955082,1311.0915830648066
KG,0.07,-0.07,0.31,0.31,1380.2471654450524,-1.288667594324029e-06,-185546.2683184566,1311.310782919383
KG,0.07100000000000001,-0.07100000000000001,0.3096666666666667,0.3096666666666667,1380.2538129902184,-1.2405924511648164e-06,-184967.33405786566,1311.5385065701164
KG,0.07200000000000001,-0.07200000000000001,0.3093333333333333,0.3093333333333333,1380.2606328004308,-1.1960672707174982e-06,-184431.1494367491,1311.750077195308
KG,0.073,-0.073,0.309,0.309,1380.267627627295,-1.1496975926065954e-06,-183872.75286116183,1311.970263007024
KG,0.074,-0.074,0.3086666666666667,0.3086666666666667,1380.2748002408223,-1.1068484478680068e-06,-183356.75152874697,1312.1744444436856
KG,0.075,-0.075,0.30833333333333335,0.30833333333333335,1380.2821534290986,-1.0621384646762185e-06,-182818.34146152268,1312.3873214921528
KG,0.076,-0.076,0.308,0.308,1380.289689997948,-1.0209182660449434e-06,-182321.95635171706,1312.5843485136163
KG,0.077,-0.077,0.3076666666666667,0.3076666666666667,1380.297412770596,-9.778155949669663e-07,-181802.90198452811,1312.7901758151122
KG,0.078,-0.078,0.30733333333333335,0.30733333333333335,1380.3053245873323,-9.381729315385939e-07,-181325.5139929052,1312.9803026288077
KG,0.079,-0.079,0.307,0.307,1380.313428305167,-8.9662978456806e-07,-180825.2398492723,1313.1793177286531
KG,0.08,-0.08,0.3066666666666667,0.3066666666666667,1380.321726797487,-8.58511474766198e-07,-180366.2085484807,1313.3628062803955
KG,0.081,-0.081,0.30633333333333335,0.30633333333333335,1380.3302229537114,-8.184751261004466e-07,-179884.07968960644,1313.555268997021
KG,0.082,-0.082,0.306,0.306,1380.338919678945,-7.818300938510654e-07,-179442.79000734037,1313.7323712130628
KG,0.083,-0.083,0.3056666666666667,0.3056666666666667,1380.3478198936255,-7.432732281456311e-07,-178978.47749424074,1313.9184245571885
KG,0.084,-0.084,0.30533333333333335,0.30533333333333335,1380.3569265331753,-7.078820612025415e-07,-178552.28720713558,1314.0901633529484
KG,0.085,-0.085,0.305,0.305,1380.3662425476473,-6.706944810090204e-07,-178104.46401145204,1314.2703297090968
KG,0.08600000000000001,-0.08600000000000001,0.3046666666666667,0.3046666666666667,1380.37577090137,-6.368366976854333e-07,-177696.7391568682,1314.4354414480324
KG,0.08700000000000001,-0.08700000000000001,0.30433333333333334,0.30433333333333334,1380.3855145725936,-6.01007449651123e-07,-177265.27337527752,1314.609788289501
KG,0.088,-0.088,0.304,0.304,1380.3954765531284,-5.684722886887166e-07,-176873.4759074552,1314.7692557178555
KG,0.089,-0.089,0.3036666666666667,0.3036666666666667,1380.40565984799,-5.339530843882057e-07,-176457.78603729256,1314.938021240192
KG,0.09,-0.09,0.30333333333333334,0.30333333333333334,1380.416067475038,-5.026996954921962e-07,-176081.424025607,1315.0920482299487
KG,0.091,-0.091,0.303,0.303,1380.4267024646117,-4.6945170503238514e-07,-175681.0424664874,1315.2554270600194
KG,0.092,-0.092,0.3026666666666667,0.3026666666666667,1380.4375678591737,-4.39441661943692e-07,-175319.6531712269,1315.4042061608757
KG,0.093,-0.093,0.30233333333333334,0.30233333333333334,1380.4486667129397,-4.074254651728301e-07,-174934.10521470627,1315.562395409213
KG,0.094,-0.094,0.302,0.302,1380.4600020915184,-3.7861464959675504e-07,-174587.15735108126,1315.7061450124163
KG,0.095,-0.095,0.3016666666666667,0.3016666666666667,1380.4715770715454,-3.477784773450311e-07,-174215.81957840145,1315.8593980832443
KG,0.096,-0.096,0.30133333333333334,0.30133333333333334,1380.4833947403167,-3.2010304824968266e-07,-173882.54435492906,1315.9984265943558
KG,0.097,-0.097,0.301,0.301,1380.4954581954232,-2.903707347140574e-07,-173524.4995562813,1316.1471082450892
KG,0.098,-0.098,0.3006666666666667,0.3006666666666667,1380.5077705443803,-2.637428019797619e-07,-173203.83857566724,1316.2818337870306
KG,0.099,-0.099,0.30033333333333334,0.30033333333333334,1380.5203349042642,-2.350272169296136e-07,-172858.03750455263,1316.4263585858607
KG,0.1,-0.1,0.3,0.3,1380.533154401342,-2.093800128249405e-07,-172549.18673118332,1316.5571023203424
KG,0.101,-0.101,0.2996666666666667,0.2996666666666667,1380.5462321707025,-1.8165329564852895e-07,-172215.29388235748,1316.6976134551037
KG,0.10200000000000001,-0.10200000000000001,0.29933333333333334,0.29933333333333334,1380.559571355888,-1.5701244876545583e-07,-171918.56194287387,1316.8242738192062
KG,0.10300000000000001,-0.10300000000000001,0.299,0.299,1380.5731751085257,-1.303655865153006e-07,-171597.67300775886,1316.9603710140548
KG,0.10400000000000001,-0.10400000000000001,0.2986666666666667,0.2986666666666667,1380.5870465879595,-1.0700694659541047e-07,-171316.38176156027,1317.081702646007
KG,0.105,-0.105,0.29833333333333334,0.29833333333333334,1380.6011889608792,-8.125965530295641e-08,-171006.32571040618,1317.214226027713
KG,0.106,-0.106,0.298,0.298,1380.6156054009534,-5.904980849473366e-08,-170738.86855074315,1317.3308549206224
KG,0.107,-0.107,0.2976666666666667,0.2976666666666667,1380.6302990884606,-3.492388066338783e-08,-170448.33740986115,1317.456521237506
KG,0.108,-0.108,0.29733333333333334,0.29733333333333334,1380.6452732099187,-1.3852997827658075e-08,-170194.59597150283,1317.5685084523645
KG,0.109,-0.109,0.297,0.297,1380.660530957721,9.395675962757394e-09,-169914.62896805577,1317.690734875373
KG,0.11,-0.11,0.2966666666666667,0.2966666666666667,1380.6760755297669,3.0027240168467076e-08,-169666.17792696977,1317.8012929168451
KG,0.111,-0.111,0.29633333333333334,0.29633333333333334,1380.691910129092,5.336536864687656e-08,-169385.13368526095,1317.9245111199123
KG,0.112,-0.112,0.296,0.296,1380.7080379635065,7.464473823582527e-08,-169128.8815913666,1318.0386202633324
KG,0.113,-0.113,0.2956666666666667,0.2956666666666667,1380.7244622452274,9.892832803793529e-08,-168836.4518411312,1318.1667530328782
KG,0.114,-0.114,0.29533333333333334,0.29533333333333334,1380.7411861905125,1.2093923573202938e-07,-168571.39036167576,1318.2848071949809
KG,0.115,-0.115,0.295,0.295,1380.7582130192989,1.4496863411648633e-07,-168282.0216552721,1318.412386609355
KG,0.116,-0.116,0.2946666666666667,0.2946666666666667,1380.7755459548378,1.651862430890395e-07,-168038.5555783708,1318.522867730594
KG,0.117,-0.117,0.29433333333333334,0.29433333333333334,1380.793188223333,1.857942133593539e-07,-167790.38866202463,1318.6354462026006
KG,0.11800000000000001,-0.11800000000000001,0.294,0.294,1380.8111430535826,2.0148854411976702e-07,-167601.39316087432,1318.7259076927498
KG,0.11900000000000001,-0.11900000000000001,0.2936666666666667,0.2936666666666667,1380.829413676614,2.171367654285189e-07,-167412.95292258024,1318.816483348582
KG,0.12,-0.12,0.29333333333333333,0.29333333333333333,1380.8480033253297,2.2799968817761445e-07,-167282.13858202222,1318.8855407902263
KG,0.121,-0.121,0.293,0.293,1380.8669152341502,2.3945829077602966e-07,-167144.15089884988,1318.9576515906142
KG,0.122,-0.122,0.2926666666666667,0.2926666666666667,1380.8861526386556,2.473452551413535e-07,-167049.1738778138,1319.013795481827
KG,0.123,-0.123,0.29233333333333333,0.29233333333333333,1380.9057187752337,2.5675471331634755e-07,-166935.8625623787,1319.0772310914044
KG,0.124,-0.124,0.292,0.292,1380.925616880727,2.630547028108539e-07,-166859.9963346349,1319.1268184002556
KG,0.125,-0.125,0.2916666666666667,0.2916666666666667,1380.9458501920806,2.8821317310219355e-07,-166557.0310299351,1319.262828299499
KG,0.126,-0.126,0.29133333333333333,0.29133333333333333,1380.9664219459962,3.428055084076063e-07,-165899.61492678797,1319.533494692552
KG,0.127,-0.127,0.291,0.291,1380.987335378579,3.5068256623178745e-07,-165804.75720307883,1319.591324339831
KG,0.128,-0.128,0.2906666666666667,0.2906666666666667,1381.0085937249994,3.559556565194014e-07,-165741.25718152762,1319.6376316098192
KG,0.129,-0.129,0.29033333333333333,0.29033333333333333,1381.0302002191431,3.634978970431219e-07,-165650.43142098148,1319.6946550230266
KG,0.13,-0.13,0.29,0.29,1381.052158093275,3.688432214386935e-07,-165586.0615361884,1319.7420209411778
KG,0.131,-0.131,0.2896666666666667,0.2896666666666667,1381.0744705776951,3.7692471519521925e-07,-165488.7419380562,1319.8022394826448
KG,0.132,-0.132,0.28933333333333333,0.28933333333333333,1381.097140900404,3.833972751205148e-07,-165410.79756913206,1319.8554902087342
KG,0.133,-0.133,0.289,0.289,1381.1201722867677,3.931050727382725e-07,-165293.89356705372,1319.923875354324
KG,0.134,-0.134,0.2886666666666667,0.2886666666666667,1381.1435679591834,4.0149596931651877e-07,-165192.84805398813,1319.986631470575
KG,0.135,-0.135,0.28833333333333333,0.28833333333333333,1381.1673311367513,4.1284444414941376e-07,-165056.1865600336,1320.063259862717
KG,0.136,-0.136,0.288,0.288,1381.191465034945,4.220002204999229e-07,-164945.9301517674,1320.1302711981157
KG,0.137,-0.137,0.2876666666666667,0.2876666666666667,1381.2159728652875,4.3273975572016007e-07,-164816.60167818953,1320.20489395397
KG,0.138,-0.138,0.28733333333333333,0.28733333333333333,1381.240857835026,4.400123495533728e-07,-164729.02307817445,1320.2640964120262
KG,0.139,-0.139,0.287,0.287,1381.266123146815,4.4803025600299537e-07,-164632.46921609802,1320.3270934646969
KG,0.14,-0.14,0.2866666666666667,0.2866666666666667,1381.2917719983961,4.524111090675991e-07,-164579.7137636324,1320.3739037207745
KG,0.14100000000000001,-0.14100000000000001,0.28633333333333333,0.28633333333333333,1381.317807582285,4.577572132275867e-07,-164515.3344886991,1320.425518935177
KG,0.14200000000000002,-0.14200000000000002,0.286,0.286,1381.3442330854568,4.599481592961414e-07,-164488.9505060661,1320.4631535080343
KG,0.14300000000000002,-0.14300000000000002,0.2856666666666667,0.2856666666666667,1381.3710516890403,4.635484501498402e-07,-164445.5948010941,1320.5076249849492
KG,0.14400000000000002,-0.14400000000000002,0.2853333333333333,0.2853333333333333,1381.3982665680096,4.644282676791823e-07,-164434.99979341793,1320.540105821737
KG,0.145,-0.145,0.285,0.285,1381.425880890881,4.6699146175710926e-07,-164404.13309660245,1320.5806795870308
KG,0.146,-0.146,0.2846666666666667,0.2846666666666667,1381.4538978194137,5.248258176661739e-07,-163707.67567859578,1320.8736488104587
KG,0.147,-0.147,0.2843333333333333,0.2843333333333333,1381.4823205083107,5.273613089385308e-07,-163677.1425866789,1320.9149326471966
KG,0.148,-0.148,0.284,0.284,1381.5111521049287,5.274924665854247e-07,-163675.56314977375,1320.9456840614278
KG,0.149,-0.149,0.2836666666666667,0.2836666666666667,1381.5403957489807,5.296088710967592e-07,-163650.0768173291,1320.9859152424453
KG,0.15,-0.15,0.2833333333333333,0.2833333333333333,1381.5700545722555,5.297467461593283e-07,-163648.4164874339,1321.0175620344155
KM,0.001,0.001,0.3336666666666666,0.33266666666666667,1380.07057256686,-7.386566115578128e-06,-258978.86028951436,1282.8156239208759
KM,0.002,0.002,0.334,0.332,1380.07063262336,-7.246528256271697e-06,-257292.48539378477,1283.4728145292586
KM,0.003,0.003,0.3343333333333333,0.3313333333333333,1380.0707317867982,-7.107859162850103e-06,-255622.5935579773,1284.1232928253312
KM,0.004,0.004,0.33466666666666667,0.33066666666666666,1380.070869332077,-6.970572192782939e-06,-253969.3456364603,1284.7670056249635
KM,0.005,0.005,0.33499999999999996,0.33,1380.0710445661437,-6.8347567570040835e-06,-252333.81834059628,1285.4035435260364
KM,0.006,0.006,0.3353333333333333,0.3293333333333333,1380.071256827983,-6.7003394772332966e-06,-250715.1280287021,1286.0332600263753
KM,0.007,0.007,0.3356666666666666,0.32866666666666666,1380.0715054886093,-6.56740863321523e-06,-249114.33779004466,1286.655751345927
KM,0.008,0.008,0.336,0.328,1380.0717899510503,-6.435873616747048e-06,-247530.35649541538,1287.2714511412426
KM,0.009000000000000001,0.009000000000000001,0.3363333333333333,0.3273333333333333,1380.0721096503316,-6.305837219748925e-06,-245964.42199373955,1287.8798879713036
KM,0.01,0.01,0.33666666666666667,0.32666666666666666,1380.0724640534493,-6.177246033507077e-06,-244415.8911224141,1288.481321135912
KM,0.011,0.011,0.33699999999999997,0.326,1380.072852659341,-6.050045527337658e-06,-242884.1072077598,1289.0760146087316
KM,0.012,0.012,0.3373333333333333,0.3253333333333333,1380.0732749988506,-5.9242780798209485e-06,-241369.58058444102,1289.6637793555387
KM,0.013000000000000001,0.013000000000000001,0.3376666666666666,0.32466666666666666,1380.07373063469,-5.800040024756877e-06,-239873.47133090073,1290.2441748200417
KM,0.014,0.014,0.338,0.324,1380.0742191613926,-5.677155717071966e-06,-238393.66428025533,1290.8180298220475
KM,0.015,0.015,0.3383333333333333,0.3233333333333333,1380.0747402052639,-5.555804572842146e-06,-236932.3200108501,1291.3845161460533
KM,0.016,0.016,0.33866666666666667,0.32266666666666666,1380.075293424327,-5.435780663419068e-06,-235486.95867256017,1291.9446028555876
KM,0.017,0.017,0.33899999999999997,0.322,1380.0758785082626,-5.3173152543081425e-06,-234060.36522899824,1292.4972205816748
KM,0.018000000000000002,0.018000000000000002,0.3393333333333333,0.3213333333333333,1380.076495178344,-5.200149396015676e-06,-232649.42133825604,1293.0435844183621
KM,0.019,0.019,0.3396666666666666,0.32066666666666666,1380.0771431873666,-5.0847125345154345e-06,-231259.29850833013,1293.5817031173071
KM,0.02,0.02,0.34,0.32,1380.077822319574,-4.970258855439167e-06,-229881.01543492381,1294.1150567949564
KM,0.021,0.021,0.3403333333333333,0.3193333333333333,1380.0785323905777,-4.857573995590817e-06,-228524.03297519305,1294.6399972927368
KM,0.022,0.022,0.3406666666666667,0.31866666666666665,1380.0792732472742,-4.746095133899988e-06,-227181.57348108903,1295.1591512110144
KM,0.023,0.023,0.34099999999999997,0.318,1380.0800447677518,-4.636199362195641e-06,-225858.17799741833,1295.6707729854609
KM,0.024,0.024,0.3413333333333333,0.3173333333333333,1380.0808468612024,-4.527614673690814e-06,-224550.57094271132,1296.1761349949406
KM,0.025,0.025,0.3416666666666666,0.31666666666666665,1380.0816794678167,-4.420510597902279e-06,-223260.7938386149,1296.6744572806601
KM,0.026000000000000002,0.026000000000000002,0.342,0.316,1380.0825425586831,-4.314706176546569e-06,-221986.66753509128,1297.1665878907565
KM,0.027,0.027,0.3423333333333333,0.3153333333333333,1380.08343613568,-4.210487567805423e-06,-220731.63802864653,1297.6512060902262
KM,0.028,0.028,0.3426666666666667,0.31466666666666665,1380.0843602313616,-4.107413305091716e-06,-219490.38905571075,1298.130367990633
KM,0.029,0.029,0.34299999999999997,0.314,1380.0853149088398,-4.005963575213682e-06,-218268.70315953816,1298.6018532512162
KM,0.03,0.03,0.3433333333333333,0.3133333333333333,1380.0863002616625,-3.9057553184153645e-06,-217061.9674278834,1299.0674458018107
KM,0.031,0.031,0.3436666666666666,0.31266666666666665,1380.0873164136876,-3.807010061317243e-06,-215872.84954599512,1299.5261257011875
KM,0.032,0.032,0.34400000000000003,0.312,1380.0883635189489,-3.709461444053173e-06,-214698.1419341964,1299.9791341349344
KM,0.033,0.033,0.3443333333333333,0.3113333333333333,1380.0894417615211,-3.6134840251329636e-06,-213542.35513035936,1300.4247429710292
KM,0.034,0.034,0.3446666666666667,0.31066666666666665,1380.0905513553828,-3.5186477051405492e-06,-212400.30975755322,1300.8649507857651
KM,0.035,0.035,0.345,0.31,1380.0916925442664,-3.4254113937326394e-06,-211277.53213364887,1301.297639933328
KM,0.036000000000000004,0.036000000000000004,0.3453333333333333,0.3093333333333333,1380.0928656015092,-3.33320324818747e-06,-210167.1359693595,1301.7254632659015
KM,0.037,0.037,0.3456666666666666,0.3086666666666667,1380.0940708299047,-3.2425945814642213e-06,-209076.00117442338,1302.1457841445538
KM,0.038,0.038,0.34600000000000003,0.308,1380.0953085615408,-3.15320421948333e-06,-207999.5375444353,1302.5603721782493
KM,0.039,0.039,0.3463333333333333,0.30733333333333335,1380.0965791576352,-3.065083851769424e-06,-206938.367539044,1302.9689943600204
KM,0.04,0.04,0.3466666666666667,0.3066666666666667,1380.0978830083745,-2.978123318245334e-06,-205891.16457992577,1303.3721656166636
KM,0.041,0.041,0.347,0.306,1380.0992205327402,-2.8930136630268016e-06,-204866.2504127457,1303.7667000281651
KM,0.042,0.042,0.3473333333333333,0.30533333333333335,1380.1005921783321,-2.8084177129649018e-06,-203847.52242610452,1304.158779483878
KM,0.043000000000000003,0.043000000000000003,0.3476666666666666,0.3046666666666667,1380.1019984211946,-2.7253470485920485e-06,-202847.1623544512,1304.5437377457774
KM,0.044,0.044,0.34800000000000003,0.304,1380.1034397656279,-2.6433434362162282e-06,-201859.65202006995,1304.923696019368
KM,0.045,0.045,0.34833333333333333,0.30333333333333334,1380.1049167440046,-2.5628826239877258e-06,-200890.72051466006,1305.2964646800804
KM,0.046,0.046,0.3486666666666667,0.3026666666666667,1380.1064299165778,-2.483217533206669e-06,-199931.37130849133,1305.6654956720693
KM,0.047,0.047,0.349,0.302,1380.1079798712844,-2.405140420394537e-06,-198991.14497520163,1306.0271402728183
KM,0.048,0.048,0.34933333333333333,0.30133333333333334,1380.1095672235483,-2.3278778838763645e-06,-198060.727996465,1306.3849698865586
KM,0.049,0.049,0.3496666666666666,0.3006666666666667,1380.1111926160768,-2.252078497696836e-06,-197147.93068152486,1306.7359998494894
KM,0.05,0.05,0.35000000000000003,0.3,1380.1128567186531,-2.1770666154759745e-06,-196244.61670853785,1307.0833487469663
KM,0.051000000000000004,0.051000000000000004,0.35033333333333333,0.29933333333333334,1380.1145602279282,-2.1034849710806706e-06,-195358.52605770022,1307.424060240375
KM,0.052000000000000005,0.052000000000000005,0.3506666666666667,0.2986666666666667,1380.1163038672044,-2.0306402934792386e-06,-194481.31016620505,1307.7613322138977
KM,0.053,0.053,0.351,0.298,1380.118088386219,-1.9592561923248134e-06,-193621.6829429866,1308.091837352349
KM,0.054,0.054,0.35133333333333333,0.29733333333333334,1380.1199145609216,-1.8886387249657102e-06,-192771.2877374029,1308.4187750220656
KM,0.055,0.055,0.3516666666666666,0.2966666666666667,1380.1217831932518,-1.8193654339889158e-06,-191937.07947810483,1308.7394916355263
KM,0.056,0.056,0.35200000000000004,0.296,1380.1236951109076,-1.7508472438563084e-06,-191111.96435343265,1309.0567021535594
KM,0.057,0.057,0.35233333333333333,0.29533333333333334,1380.1256511671156,-1.6839845989399452e-06,-190306.78576524596,1309.36626932429
KM,0.058,0.058,0.3526666666666667,0.2946666666666667,1380.1276522403941,-1.6181669573102753e-06,-189514.19139762194,1309.6710064290803
KM,0.059000000000000004,0.059000000000000004,0.353,0.294,1380.1296992343161,-1.554469505982364e-06,-188747.12895198504,1309.9659758011346
KM,0.06,0.06,0.35333333333333333,0.29333333333333333,1380.1317930772655,-1.4929816368934428e-06,-188006.67491093482,1310.2507742229093
KM,0.061,0.061,0.35366666666666663,0.2926666666666667,1380.1339347221929,-1.4354260048444598e-06,-187313.57396326278,1310.5174946594568
KM,0.062,0.062,0.35400000000000004,0.292,1380.1361251463657,-1.3804091213935206e-06,-186651.04533313052,1310.7725502927249
KM,0.063,0.063,0.35433333333333333,0.29133333333333333,1380.138365351118,-1.2165187168096585e-06,-184677.4314453574,1311.5275353833401
KM,0.064,0.064,0.3546666666666667,0.2906666666666667,1380.1406563615933,-1.1627291356278996e-06,-184029.68233089655,1311.7768670819412
KM,0.065,0.065,0.355,0.29,1380.1429992264907,-1.1107868248685832e-06,-183404.17856124078,1312.0177284444949
KM,0.066,0.066,0.35533333333333333,0.28933333333333333,1380.1453950177963,-1.0596331766974267e-06,-182788.1720860771,1312.2549825787487
KM,0.067,0.067,0.35566666666666663,0.2886666666666667,1380.1478448305281,-1.0096641772533446e-06,-182186.43148075388,1312.486815975535
KM,0.068,0.068,0.35600000000000004,0.288,1380.1503497824622,-9.594655337268168e-07,-181581.9254374447,1312.7197197296946
KM,0.069,0.069,0.35633333333333334,0.28733333333333333,1380.1529110138654,-9.096871893721062e-07,-180982.48075379612,1312.9507138602921
KM,0.07,0.07,0.3566666666666667,0.2866666666666667,1380.1555296872218,-8.591682528680119e-07,-180374.11765326455,1313.1851234585897
KM,0.07100000000000001,0.07100000000000001,0.357,0.286,1380.1582069869587,-8.081370852817642e-07,-179759.58612340945,1313.4219010622776
KM,0.07200000000000001,0.07200000000000001,0.35733333333333334,0.2853333333333333,1380.1609441191667,-7.561278575574836e-07,-179133.27652102837,1313.6631817748723
KM,0.073,0.073,0.35766666666666663,0.2846666666666667,1380.163742311318,-7.042758426241709e-07,-178508.86011885246,1313.9037618760094
KM,0.074,0.074,0.35800000000000004,0.284,1380.166602811984,-6.529798093653034e-07,-177891.139002815,1314.1418159828709
KM,0.075,0.075,0.35833333333333334,0.2833333333333333,1380.1695268905494,-6.037218109397476e-07,-177297.96046973718,1314.3705575246067
KM,0.076,0.076,0.3586666666666667,0.2826666666666667,1380.1725158369209,-5.569810308732994e-07,-176735.09498106677,1314.5877979391673
KM,0.077,0.077,0.359,0.282,1380.1755709612394,-5.133915574202842e-07,-176210.17840412603,1314.7906404724888
KM,0.078,0.078,0.35933333333333334,0.2813333333333333,1380.1786935935822,-4.7227365913619487e-07,-175715.02522358706,1314.9822055929503
KM,0.079,0.079,0.35966666666666663,0.2806666666666667,1380.1818850836696,-4.337918559936469e-07,-175251.6166347711,1315.1617464321037
KM,0.08,0.08,0.36000000000000004,0.27999999999999997,1380.1851468005646,-3.969617049807693e-07,-174808.09770080808,1315.3337757953636
KM,0.081,0.081,0.36033333333333334,0.2793333333333333,1380.1884801323736,-3.6209458743405663e-07,-174388.21816245723,1315.4968728688236
KM,0.082,0.082,0.3606666666666667,0.2786666666666667,1380.1918864859401,-3.2824929268969194e-07,-173980.64369882183,1315.65534993888
KM,0.083,0.083,0.361,0.27799999999999997,1380.1953672865416,-2.9617559082612964e-07,-173594.40324996243,1315.8057792201967
KM,0.084,0.084,0.36133333333333334,0.2773333333333333,1380.1989239775844,-1.8255751792618024e-07,-172226.1827788084,1316.3293231445061
KM,0.085,0.085,0.36166666666666664,0.27666666666666667,1380.202558020286,-1.5110039090075486e-07,-171847.3672958369,1316.4770160811408
KM,0.08600000000000001,0.08600000000000001,0.36200000000000004,0.27599999999999997,1380.206270893372,-1.2015074502538333e-07,-171474.66304218408,1316.6224543016133
KM,0.08700000000000001,0.08700000000000001,0.36233333333333334,0.2753333333333333,1380.210064092757,-9.001389914785273e-08,-171111.74675243185,1316.7642439975732
KM,0.088,0.088,0.3626666666666667,0.27466666666666667,1380.213939131228,-6.019011802322407e-08,-170752.60047560785,1316.9046728205246
KM,0.089,0.089,0.363,0.274,1380.2178975381312,-3.049061317775463e-08,-170394.95076834253,1317.0446058946663
KM,0.09,0.09,0.36333333333333334,0.2733333333333334,1380.2219408590477,-4.5834151437045446e-10,-170033.29379039607,1317.1861342415962
KM,0.091,0.091,0.36366666666666664,0.27266666666666667,1380.2260706554746,2.9785633949142602e-08,-169669.08741633885,1317.3287056390718
KM,0.092,0.092,0.36400000000000005,0.272,1380.230288504499,6.10546131898431e-08,-169292.53766138136,1317.4760383566113
KM,0.093,0.093,0.36433333333333334,0.27133333333333337,1380.2345959984746,9.264172946452545e-08,-168912.15681167442,1317.6249023069495
KM,0.094,0.094,0.3646666666666667,0.27066666666666667,1380.238994744696,1.2448410874809027e-07,-168528.70201373583,1317.7750113733805
KM,0.095,0.095,0.365,0.27,1380.243486365065,1.5533421499884104e-07,-168157.19644395978,1317.9206672668995
KM,0.096,0.096,0.36533333333333334,0.26933333333333337,1380.248072495768,1.8475804486768924e-07,-167802.8664915255,1318.059890572791
KM,0.097,0.097,0.36566666666666664,0.26866666666666666,1380.2527547869347,2.1209910560600494e-07,-167473.6178249144,1318.1896863774984
KM,0.098,0.098,0.36600000000000005,0.268,1380.2575349023134,2.3739996854622077e-07,-167168.93778828724,1318.3102536452957
KM,0.099,0.099,0.36633333333333334,0.26733333333333337,1380.2624145189297,2.605186714728476e-07,-166890.53593017266,1318.420948333063
KM,0.1,0.1,0.3666666666666667,0.26666666666666666,1380.2673953267538,2.8216514949321185e-07,-166629.8630143248,1318.5250166711955
KM,0.101,0.101,0.367,0.266,1380.2724790283619,3.022093523620266e-07,-166388.48514201015,1318.6218681718765
KM,0.10200000000000001,0.10200000000000001,0.36733333333333335,0.26533333333333337,1380.2776673385933,3.213276183317e-07,-166158.2576596649,1318.7145943281298
KM,0.10300000000000001,0.10300000000000001,0.36766666666666664,0.26466666666666666,1380.282961984215,3.3930511637813123e-07,-165941.7676223016,1318.8022169838873
KM,0.10400000000000001,0.10400000000000001,0.36800000000000005,0.264,1380.2883647035771,3.5571319170771946e-07,-165744.17701030493,1318.882782026428
KM,0.105,0.105,0.36833333333333335,0.26333333333333336,1380.2938772462678,4.37439239001781e-07,-164760.0091919271,1319.2616034629402
KM,0.106,0.106,0.3686666666666667,0.26266666666666666,1380.2995013727716,4.5421592358804466e-07,-164557.9796846212,1319.3440543714519
KM,0.107,0.107,0.369,0.262,1380.305238854123,4.702839827640857e-07,-164364.4836418241,1319.4233849550772
KM,0.108,0.108,0.36933333333333335,0.26133333333333336,1380.3110914715583,4.861467390230473e-07,-164173.45991392166,1319.5018944001113
KM,0.109,0.109,0.36966666666666664,0.26066666666666666,1380.3170610161685,5.016963473784053e-07,-163986.20720027137,1319.5790926397863
KM,0.11,0.11,0.37000000000000005,0.26,1380.3231492885498,5.173910853230235e-07,-163797.20679569547,1319.657072752677
KM,0.111,0.111,0.37033333333333335,0.25933333333333336,1380.3293580984523,5.332294660865917e-07,-163606.476604296,1319.7358297114577
KM,0.112,0.112,0.3706666666666667,0.25866666666666666,1380.335689264431,5.498322493539458e-07,-163406.54126509576,1319.8181972499153
KM,0.113,0.113,0.371,0.258,1380.3421446134912,5.670011595739218e-07,-163199.78846749233,1319.9032721107558
KM,0.114,0.114,0.37133333333333335,0.25733333333333336,1380.3487259807362,5.847034190569667e-07,-162986.6129295503,1319.9909061759067
KM,0.115,0.115,0.37166666666666665,0.25666666666666665,1380.3554352090123,6.023426644269093e-07,-162774.19622510474,1320.078380735764
KM,0.116,0.116,0.37200000000000005,0.256,1380.3622741485556,6.193958757797106e-07,-162568.8367054765,1320.163312316736
KM,0.117,0.117,0.37233333333333335,0.25533333333333336,1380.3692446566326,6.351162231905629e-07,-162379.52790457715,1320.2422973414182
KM,0.11800000000000001,0.11800000000000001,0.3726666666666667,0.25466666666666665,1380.3763485971872,6.492586053919359e-07,-162209.22140011954,1320.3142210725384
KM,0.11900000000000001,0.11900000000000001,0.373,0.254,1380.3835878404786,6.616985306562453e-07,-162059.41635615227,1320.3785189191772
KM,0.12,0.12,0.37333333333333335,0.25333333333333335,1380.3909642627264,6.728215098549527e-07,-161925.47034341452,1320.436951874176
KM,0.121,0.121,0.37366666666666665,0.25266666666666665,1380.3984797457497,6.827065083890489e-07,-161806.43243855948,1320.4898827502684
KM,0.122,0.122,0.37399999999999994,0.252,1380.406136176608,6.915759429438838e-07,-161699.62423792953,1320.5383283176989
KM,0.123,0.123,0.37433333333333335,0.25133333333333335,1380.4139354472381,6.996531492181519e-07,-161602.3562708525,1320.5833093395051
KM,0.124,0.124,0.3746666666666667,0.25066666666666665,1380.4218794540952,7.070671799563091e-07,-161513.07444824453,1320.6254165460136
KM,0.125,0.125,0.375,0.25,1380.4299700977895,6.984953663520079e-07,-161616.2986145147,1320.5947916486984
KM,0.126,0.126,0.3753333333333333,0.24933333333333332,1380.4382092827234,7.731061197722769e-07,-160717.81514624,1320.9435394828395
KM,0.127,0.127,0.37566666666666665,0.24866666666666667,1380.4465989167293,7.796197169703383e-07,-160639.37659505027,1320.9819967984859
KM,0.128,0.128,0.37600000000000006,0.248,1380.4551409107037,7.858566131299588e-07,-160564.27015481365,1321.0193510740019
KM,0.129,0.129,0.37633333333333335,0.24733333333333332,1380.4638371782446,7.920277648220441e-07,-160489.9554277619,1321.0565659081828
KM,0.13,0.13,0.37666666666666665,0.24666666666666667,1380.4726896352838,7.98131226563933e-07,-160416.45584193885,1321.0936344509937
KM,0.131,0.131,0.377,0.246,1380.4817001997244,8.043996720033261e-07,-160340.96947649028,1321.1316191469462
KM,0.132,0.132,0.37733333333333335,0.24533333333333332,1380.4908707910718,8.11063346384363e-07,-160260.72365407372,1321.1715712515986
KM,0.133,0.133,0.37766666666666665,0.24466666666666667,1380.5002033300698,8.182926312079804e-07,-160173.6665932117,1321.2142690726407
KM,0.134,0.134,0.37799999999999995,0.244,1380.5096997383298,8.261763182079187e-07,-160078.72903912218,1321.26011898963
KM,0.135,0.135,0.37833333333333335,0.24333333333333332,1380.5193619379675,8.345103316720801e-07,-159978.36852835573,1321.3081927231274
KM,0.136,0.136,0.3786666666666667,0.24266666666666667,1380.5291918512316,8.428133429995155e-07,-159878.3813539524,1321.356298732277
KM,0.137,0.137,0.379,0.242,1380.5391914001364,8.506488363142116e-07,-159784.0241616402,1321.4024499864158
KM,0.138,0.138,0.3793333333333333,0.24133333333333332,1380.5493625060933,8.574125536573076e-07,-159702.5735940173,1321.4438954121222
KM,0.139,0.139,0.37966666666666665,0.24066666666666667,1380.5597070895399,8.629132588930006e-07,-159636.33256988123,1321.4797661217804
KM,0.14,0.14,0.38000000000000006,0.24,1380.5702270695742,8.671682641474959e-07,-159585.0926117876,1321.5101434567757
KM,0.14100000000000001,0.14100000000000001,0.38033333333333336,0.23933333333333331,1380.5809243635797,8.703118205375144e-07,-159547.2370304063,1321.5356414740354
KM,0.14200000000000002,0.14200000000000002,0.38066666666666665,0.23866666666666667,1380.5918008868584,8.726053877320455e-07,-159519.61725559912,1321.557453696365
KM,0.14300000000000002,0.14300000000000002,0.381,0.238,1380.6028585522586,8.741706406134384e-07,-159500.768044552,1321.576136663384
KM,0.14400000000000002,0.14400000000000002,0.38133333333333336,0.2373333333333333,1380.6140992698042,8.752368332376371e-07,-159487.9286560869,1321.5927369831018
KM,0.145,0.145,0.38166666666666665,0.23666666666666666,1380.6255249463231,8.758882019695997e-07,-159480.08469244104,1321.6076405048775
KM,0.146,0.146,0.38199999999999995,0.236,1380.6371374850771,9.197501215272638e-07,-158951.88724364468,1321.819586085538
KM,0.147,0.147,0.38233333333333336,0.2353333333333333,1380.6489387853878,9.204593294856461e-07,-158943.34676392877,1321.8351430512387
KM,0.148,0.148,0.38266666666666665,0.23466666666666666,1380.6609307422652,9.206535140523222e-07,-158941.00833930558,1321.8485531023562
KM,0.149,0.149,0.383,0.23399999999999999,1380.6731152460345,9.206995281253897e-07,-158940.45422502497,1321.8614893165488
KM,0.15,0.15,0.3833333333333333,0.2333333333333333,1380.6854941819654,9.207226750425466e-07,-158940.1754834032,1321.874524439099
